age,race,sex,priors_count,c_charge_degree,c_charge_desc,juv_fel_count,juv_misd_count,juv_other_count,two_year_recid,decile_score,score_text,charge_degree,sex_male
69,Other,Male,0,F,Aggravated Assault w/Firearm,0,0,0,0,1,Low,1,1
34,African-American,Male,0,F,Felony Battery w/Prior Convict,0,0,0,1,3,Low,1,1
24,African-American,Male,4,F,Possession of Cocaine,0,0,1,1,4,Low,1,1
44,Other,Male,0,M,Battery,0,0,0,0,1,Low,0,1
41,Caucasian,Male,14,F,Possession Burglary Tools,0,0,0,1,6,Medium,1,1
43,Other,Male,3,F,arrest case no charge,0,0,0,0,4,Low,1,1
39,Caucasian,Female,0,M,Battery,0,0,0,0,1,Low,0,0
27,Caucasian,Male,0,F,"Poss 3,4 MDMA (Ecstasy)",0,0,0,0,4,Low,1,1
23,African-American,Male,3,M,Battery,0,0,0,1,6,Medium,0,1
37,Caucasian,Female,0,M,Battery,0,0,0,0,1,Low,0,0
41,African-American,Male,0,F,"Poss3,4 Methylenedioxymethcath",0,0,0,0,4,Low,1,1
47,Caucasian,Female,1,F,arrest case no charge,0,0,0,1,1,Low,1,0
31,African-American,Male,7,F,Felony Driving While Lic Suspd,0,0,0,1,3,Low,1,1
37,Hispanic,Male,0,M,Battery,0,0,0,0,1,Low,0,1
25,African-American,Male,3,F,Grand Theft in the 3rd Degree,0,0,0,0,10,High,1,1
31,Caucasian,Male,6,F,Driving While License Revoked,0,0,0,1,5,Medium,1,1
31,Caucasian,Male,5,F,Possession Of Heroin,0,0,0,1,3,Low,1,1
64,African-American,Male,13,F,arrest case no charge,0,0,0,1,6,Medium,1,1
21,African-American,Male,1,F,Battery on Law Enforc Officer,0,0,0,1,9,High,1,1
27,Caucasian,Male,0,M,Possession Of Methamphetamine,0,0,0,1,2,Low,0,1
21,Caucasian,Female,0,F,Introduce Contraband Into Jail,0,0,0,0,4,Low,1,0
24,Hispanic,Male,1,F,Lewd/Lasc Battery Pers 12+/<16,0,0,0,1,4,Low,1,1
43,Caucasian,Male,1,M,Susp Drivers Lic 1st Offense,0,0,0,0,1,Low,0,1
32,Other,Male,0,M,Battery,0,0,0,0,3,Low,0,1
27,African-American,Male,8,F,Carrying Concealed Firearm,0,0,0,1,3,Low,1,1
26,African-American,Male,5,F,Pos Cannabis W/Intent Sel/Del,0,0,1,1,7,Medium,1,1
33,African-American,Male,0,F,Tampering With Physical Evidence,0,0,0,1,10,High,1,1
30,Caucasian,Male,9,F,Felony Battery w/Prior Convict,0,0,0,1,9,High,1,1
32,African-American,Male,4,F,Att Tamper w/Physical Evidence,0,0,0,1,8,High,1,1
55,Caucasian,Male,0,F,arrest case no charge,0,0,0,0,1,Low,1,1
49,Other,Male,7,F,Agg Fleeing and Eluding,0,0,0,1,3,Low,1,1
33,Caucasian,Female,4,M,Battery,0,0,0,1,5,Medium,0,0
24,Caucasian,Male,1,M,Battery,0,0,0,1,2,Low,0,1
34,African-American,Male,21,F,Poss Wep Conv Felon,2,1,3,1,9,High,1,1
29,Caucasian,Male,0,M,Possess Cannabis/20 Grams Or Less,0,0,0,0,2,Low,0,1
21,African-American,Female,2,F,arrest case no charge,0,0,0,0,8,High,1,0
51,African-American,Male,2,M,Unlaw Use False Name/Identity,0,0,0,0,1,Low,0,1
29,Caucasian,Male,2,M,Viol Injunct Domestic Violence,0,0,0,1,2,Low,0,1
51,African-American,Female,7,F,Possession of Cocaine,0,0,0,0,2,Low,1,0
29,African-American,Male,0,F,Defrauding Innkeeper $300/More,0,0,0,1,7,Medium,1,1
25,Caucasian,Male,9,M,Battery,0,0,0,1,10,High,0,1
35,African-American,Male,13,F,Uttering a Forged Instrument,1,0,4,1,8,High,1,1
49,Caucasian,Male,0,M,DUI Level 0.15 Or Minor In Veh,0,0,0,0,1,Low,0,1
29,African-American,Male,0,F,Tampering With Physical Evidence,0,0,0,0,4,Low,1,1
29,Caucasian,Male,1,F,Possession of Oxycodone,0,0,0,1,2,Low,1,1
28,Other,Female,0,F,Grand Theft in the 3rd Degree,0,0,0,0,2,Low,1,0
31,African-American,Male,15,F,Attempt Armed Burglary Dwell,0,0,1,0,5,Medium,1,1
24,African-American,Male,2,F,Poss Tetrahydrocannabinols,0,0,0,1,4,Low,1,1
30,Hispanic,Male,0,M,Possess Cannabis/20 Grams Or Less,0,0,0,0,7,Medium,0,1
49,African-American,Male,4,M,Battery,0,0,0,0,1,Low,0,1
53,Caucasian,Male,8,F,arrest case no charge,0,0,0,0,5,Medium,1,1
35,African-American,Male,5,F,Driving While License Revoked,0,0,0,0,3,Low,1,1
27,African-American,Male,15,F,Driving While License Revoked,1,1,2,1,10,High,1,1
38,Caucasian,Male,4,M,Battery,0,0,0,1,2,Low,0,1
22,African-American,Male,1,F,Poss Firearm W/Altered ID#,0,0,1,1,4,Low,1,1
29,African-American,Male,4,F,arrest case no charge,0,0,0,1,9,High,1,1
62,Hispanic,Male,0,M,Unlaw LicTag/Sticker Attach,0,0,0,0,1,Low,0,1
27,African-American,Male,6,F,Aggravated Battery / Pregnant,0,1,0,1,6,Medium,1,1
33,Other,Male,0,M,Battery,0,0,0,0,1,Low,0,1
56,African-American,Female,0,M,Battery,0,0,0,0,1,Low,0,0
45,Hispanic,Male,6,F,Possession of Cocaine,0,0,0,1,1,Low,1,1
22,Hispanic,Male,1,F,Burglary Structure Unoccup,0,0,0,0,4,Low,1,1
39,African-American,Male,1,M,arrest case no charge,0,0,0,0,4,Low,0,1
29,African-American,Male,5,F,False Name By Person Arrest,0,0,0,1,6,Medium,1,1
27,Caucasian,Male,1,F,arrest case no charge,0,0,1,1,6,Medium,1,1
40,African-American,Male,2,F,arrest case no charge,0,0,0,0,2,Low,1,1
22,African-American,Male,1,M,Battery,0,0,0,1,3,Low,0,1
22,Caucasian,Male,0,F,Grand Theft in the 3rd Degree,0,0,0,0,8,High,1,1
26,African-American,Female,1,F,Poss Cocaine/Intent To Del/Sel,0,0,0,1,4,Low,1,0
32,African-American,Male,0,F,Felony Battery (Dom Strang),0,0,0,0,2,Low,1,1
41,African-American,Male,1,M,arrest case no charge,0,0,0,0,2,Low,0,1
30,African-American,Male,8,M,Possess Cannabis/20 Grams Or Less,0,0,0,1,10,High,0,1
50,Other,Male,0,F,arrest case no charge,0,0,0,1,1,Low,1,1
25,African-American,Male,14,F,arrest case no charge,1,6,1,1,10,High,1,1
20,Other,Male,0,F,Tampering With Physical Evidence,0,0,0,1,5,Medium,1,1
22,African-American,Male,2,F,Attempted Burg/struct/unocc,1,0,0,1,9,High,1,1
35,African-American,Female,1,M,arrest case no charge,0,0,0,0,2,Low,0,0
36,African-American,Male,9,F,Deliver Cocaine,0,0,0,1,7,Medium,1,1
26,Caucasian,Male,7,F,Possession Burglary Tools,0,0,0,1,8,High,1,1
21,Other,Male,1,F,Grand Theft in the 3rd Degree,0,0,0,1,6,Medium,1,1
25,Caucasian,Male,9,F,Pos Cannabis W/Intent Sel/Del,0,0,0,1,8,High,1,1
20,Caucasian,Female,0,F,"Poss3,4 Methylenedioxymethcath",0,0,0,0,7,Medium,1,0
39,Caucasian,Male,2,F,Possession Of Alprazolam,0,0,0,1,1,Low,1,1
54,Caucasian,Female,0,M,DUI Level 0.15 Or Minor In Veh,0,0,0,0,1,Low,0,0
44,Hispanic,Female,0,M,Battery,0,0,0,0,1,Low,0,0
19,African-American,Male,1,M,Battery,0,0,0,1,4,Low,0,1
30,African-American,Male,1,F,Fail To Redeliv Hire/Leas Prop,0,0,0,0,2,Low,1,1
39,Caucasian,Female,0,F,Aggravated Assault W/Dead Weap,0,0,0,1,1,Low,1,0
24,Caucasian,Male,8,F,False Ownership Info/Pawn Item,0,1,2,1,6,Medium,1,1
30,Caucasian,Male,0,F,Possession Of Methamphetamine,0,0,0,0,4,Low,1,1
31,Caucasian,Male,0,M,Battery,0,0,0,0,5,Medium,0,1
39,Caucasian,Female,1,F,Possession of Morphine,0,0,0,0,4,Low,1,0
43,Caucasian,Male,1,F,Possession of Cocaine,0,0,0,0,1,Low,1,1
21,African-American,Male,3,F,Grand Theft in the 3rd Degree,0,0,0,1,9,High,1,1
38,Caucasian,Male,5,M,Possess Cannabis/20 Grams Or Less,0,0,0,1,4,Low,0,1
34,Caucasian,Male,0,F,Aggravated Assault w/Firearm,0,0,0,0,5,Medium,1,1
33,African-American,Male,5,F,Poss Contr Subst W/o Prescript,0,0,0,1,5,Medium,1,1
37,African-American,Male,3,F,"Poss3,4 Methylenedioxymethcath",0,0,0,0,2,Low,1,1
42,Caucasian,Male,1,F,Aggrav Stalking After Injunctn,0,0,0,1,2,Low,1,1
41,African-American,Male,10,F,Possession of Cocaine,0,1,0,1,9,High,1,1
22,African-American,Male,0,F,Uttering a Forged Instrument,0,0,0,1,4,Low,1,1
33,African-American,Male,28,F,Driving While License Revoked,0,12,2,1,8,High,1,1
31,African-American,Male,1,M,Battery,0,0,0,0,7,Medium,0,1
30,Other,Female,1,F,Crim Use of Personal ID Info,0,0,0,0,2,Low,1,0
31,Caucasian,Male,13,F,arrest case no charge,0,0,0,1,10,High,1,1
27,African-American,Male,3,F,Possession of Cocaine,0,0,0,1,9,High,1,1
52,Caucasian,Male,3,M,Battery,0,0,0,0,9,High,0,1
33,African-American,Male,19,F,arrest case no charge,0,0,0,1,10,High,1,1
42,Caucasian,Male,6,F,Possession Of Alprazolam,0,0,0,0,3,Low,1,1
25,Caucasian,Female,2,F,arrest case no charge,0,0,0,0,4,Low,1,0
30,Caucasian,Male,1,M,Agg Fleeing and Eluding,0,0,0,0,2,Low,0,1
37,Other,Female,2,M,Petit Theft,0,0,0,0,2,Low,0,0
28,Caucasian,Male,0,M,Disorderly Intoxication,0,0,0,1,2,Low,0,1
24,African-American,Female,0,M,Battery,0,0,0,0,2,Low,0,0
29,Caucasian,Female,10,F,Grand Theft in the 3rd Degree,0,1,0,1,4,Low,1,0
44,Caucasian,Male,2,M,Battery,0,0,0,1,2,Low,0,1
32,African-American,Male,3,F,Possession of Cocaine,0,0,0,1,7,Medium,1,1
31,Caucasian,Male,2,M,Resist/Obstruct W/O Violence,0,0,0,1,3,Low,0,1
31,African-American,Male,1,M,Lewdness Violation,0,0,0,0,2,Low,0,1
59,Caucasian,Male,1,F,Possession of Cocaine,0,0,0,1,2,Low,1,1
20,African-American,Female,1,F,arrest case no charge,1,0,0,0,10,High,1,0
43,Caucasian,Female,0,M,DUI Level 0.15 Or Minor In Veh,0,0,0,0,1,Low,0,0
38,African-American,Male,9,F,Possession of Cocaine,1,1,0,1,8,High,1,1
32,African-American,Male,11,F,Poss Pyrrolidinovalerophenone,0,0,0,1,6,Medium,1,1
33,African-American,Male,8,M,Assault,0,0,0,1,5,Medium,0,1
31,African-American,Female,0,F,Possession of Oxycodone,0,0,0,1,3,Low,1,0
33,African-American,Female,7,F,Possession of Cocaine,0,0,0,1,9,High,1,0
27,African-American,Male,2,F,Tampering With Physical Evidence,0,0,0,1,9,High,1,1
20,African-American,Female,0,F,Grand Theft in the 3rd Degree,0,0,0,0,6,Medium,1,0
26,Caucasian,Female,0,M,Fail To Obey Police Officer,0,0,0,0,6,Medium,0,0
61,African-American,Female,1,F,Solicit Purchase Cocaine,0,0,0,1,1,Low,1,0
52,Other,Male,13,F,Felony Petit Theft,0,0,0,1,7,Medium,1,1
63,Hispanic,Male,1,F,arrest case no charge,0,0,0,0,1,Low,1,1
32,African-American,Female,4,F,arrest case no charge,0,0,0,1,10,High,1,0
29,Hispanic,Male,1,F,Grand Theft in the 3rd Degree,0,0,0,0,4,Low,1,1
26,African-American,Female,2,M,Driving Under The Influence,0,0,0,1,4,Low,0,0
39,Caucasian,Male,1,M,,1,0,0,0,4,Low,0,1
30,Caucasian,Female,3,F,Possession Of Carisoprodol,0,0,0,1,7,Medium,1,0
30,African-American,Male,1,F,Burglary Conveyance Assault/Bat,0,0,0,0,7,Medium,1,1
48,Caucasian,Male,2,M,Battery,0,0,0,0,2,Low,0,1
22,African-American,Male,1,F,arrest case no charge,0,0,0,0,2,Low,1,1
46,Caucasian,Male,6,F,Driving While License Revoked,0,0,0,1,1,Low,1,1
31,Caucasian,Male,0,F,"Deliver 3,4 Methylenediox",0,0,0,0,5,Medium,1,1
25,African-American,Male,1,M,Battery,0,0,0,1,2,Low,0,1
23,Hispanic,Male,0,F,"Poss3,4 Methylenedioxymethcath",0,0,0,0,3,Low,1,1
32,African-American,Female,5,F,Aggravated Assault W/dead Weap,0,0,0,0,7,Medium,1,0
52,Hispanic,Male,2,M,Leave Acc/Attend Veh/More $50,0,0,0,0,1,Low,0,1
62,African-American,Male,8,F,Possession of Cocaine,0,0,0,0,4,Low,1,1
31,Hispanic,Male,8,F,arrest case no charge,0,0,0,1,9,High,1,1
28,African-American,Male,6,M,Resist/Obstruct W/O Violence,0,0,0,1,6,Medium,0,1
54,Hispanic,Male,2,F,Burglary Unoccupied Dwelling,0,0,0,0,1,Low,1,1
58,Hispanic,Male,0,F,Possession Of Heroin,0,0,0,0,2,Low,1,1
78,Caucasian,Male,1,M,Driving Under The Influence,0,0,0,1,1,Low,0,1
56,Caucasian,Male,0,F,Possession of Cocaine,0,0,0,0,1,Low,1,1
24,Other,Male,0,F,Burglary Unoccupied Dwelling,0,0,0,0,2,Low,1,1
22,African-American,Male,1,F,Pos Cannabis W/Intent Sel/Del,0,0,0,1,5,Medium,1,1
47,African-American,Male,23,M,Possess Cannabis/20 Grams Or Less,0,0,0,1,8,High,0,1
23,African-American,Male,0,M,Battery,0,0,0,1,2,Low,0,1
57,Hispanic,Male,1,F,Driving While License Revoked,0,0,0,0,1,Low,1,1
66,African-American,Male,3,F,Agg Battery Grt/Bod/Harm,0,0,0,0,1,Low,1,1
45,Caucasian,Male,8,M,Viol Injunct Domestic Violence,0,0,0,1,4,Low,0,1
37,African-American,Male,2,M,Battery,0,0,0,1,9,High,0,1
39,Caucasian,Male,0,F,Possession Of Methamphetamine,0,0,0,1,4,Low,1,1
26,African-American,Male,9,F,Deliver Cocaine,0,0,0,1,9,High,1,1
45,Caucasian,Male,2,F,Lewd or Lascivious Molestation,0,0,0,0,3,Low,1,1
23,African-American,Male,0,F,Possession of Cannabis,0,0,0,1,3,Low,1,1
34,African-American,Male,2,M,Battery,0,0,0,0,2,Low,0,1
23,African-American,Female,1,M,Battery,0,0,0,0,4,Low,0,0
36,Other,Male,2,M,Battery,0,0,0,1,3,Low,0,1
50,Caucasian,Male,1,F,Sexual Performance by a Child,0,0,0,0,1,Low,1,1
37,Caucasian,Female,0,M,Leaving Acc/Unattended Veh,0,0,0,0,3,Low,0,0
44,Caucasian,Male,4,M,Battery,0,0,0,0,4,Low,0,1
35,African-American,Female,23,F,Felony Petit Theft,0,1,0,1,9,High,1,0
24,Other,Male,5,F,arrest case no charge,0,0,0,1,5,Medium,1,1
26,African-American,Male,2,F,Fleeing Or Attmp Eluding A Leo,0,0,0,1,10,High,1,1
27,African-American,Male,0,M,Criminal Mischief,0,0,0,0,2,Low,0,1
28,African-American,Female,0,F,Aggrav Battery w/Deadly Weapon,0,0,0,0,8,High,1,0
28,Caucasian,Female,7,F,Felony Petit Theft,0,0,0,1,9,High,1,0
38,African-American,Male,2,F,Driving While License Revoked,0,0,0,0,1,Low,1,1
28,African-American,Female,1,F,arrest case no charge,0,0,0,0,9,High,1,0
56,Caucasian,Male,7,F,Felony Driving While Lic Suspd,0,0,0,1,1,Low,1,1
38,African-American,Male,15,F,Possession of Cocaine,0,0,0,0,9,High,1,1
28,African-American,Male,2,M,Possess Cannabis/20 Grams Or Less,0,0,0,0,5,Medium,0,1
51,Caucasian,Female,0,M,Driving Under The Influence,0,0,0,1,1,Low,0,0
51,Caucasian,Male,0,M,Battery,0,0,0,0,2,Low,0,1
36,Other,Male,1,M,Possess Cannabis/20 Grams Or Less,0,0,0,1,1,Low,0,1
48,African-American,Male,0,F,Aggravated Battery (Firearm/Actual Possession),0,0,0,0,1,Low,1,1
37,Caucasian,Male,4,F,arrest case no charge,0,0,0,1,3,Low,1,1
30,African-American,Female,2,F,Grand Theft in the 3rd Degree,0,0,0,0,7,Medium,1,0
41,African-American,Female,5,M,Battery,0,0,0,0,6,Medium,0,0
27,African-American,Male,11,F,Robbery / No Weapon,0,0,0,1,10,High,1,1
37,African-American,Male,0,M,Battery,0,0,0,0,1,Low,0,1
33,Other,Male,4,F,Aggravated Assault w/Firearm,0,0,0,1,4,Low,1,1
54,African-American,Male,11,F,Grand Theft (Motor Vehicle),0,0,0,0,9,High,1,1
23,African-American,Male,2,F,Robbery / Weapon,0,0,0,0,9,High,1,1
41,African-American,Male,0,M,Battery,0,0,0,0,1,Low,0,1
52,Caucasian,Male,0,F,Burglary With Assault/battery,0,0,0,0,1,Low,1,1
43,Caucasian,Male,13,F,Driving While License Revoked,0,0,0,1,4,Low,1,1
52,African-American,Male,0,F,Uttering a Forged Instrument,0,0,0,0,4,Low,1,1
28,Caucasian,Male,1,F,arrest case no charge,0,0,0,0,1,Low,1,1
30,African-American,Male,11,M,Battery,0,0,2,1,9,High,0,1
28,Caucasian,Male,1,F,Criminal Mischief,0,0,0,0,5,Medium,1,1
22,African-American,Male,0,F,Pos Cannabis W/Intent Sel/Del,0,0,0,0,4,Low,1,1
30,African-American,Male,4,F,Driving While License Revoked,0,0,0,0,2,Low,1,1
25,Hispanic,Male,4,F,Possession of Cannabis,0,0,0,0,4,Low,1,1
31,Caucasian,Male,0,F,Burglary Unoccupied Dwelling,0,0,0,1,8,High,1,1
37,Caucasian,Male,0,F,Grand Theft in the 3rd Degree,0,0,0,1,2,Low,1,1
32,African-American,Male,14,F,Aggravated Battery / Pregnant,0,1,0,0,9,High,1,1
53,Caucasian,Male,1,M,Battery,0,0,0,0,1,Low,0,1
28,African-American,Male,25,F,arrest case no charge,0,0,0,1,8,High,1,1
44,Caucasian,Male,8,M,Battery,0,0,0,1,5,Medium,0,1
25,African-American,Male,0,F,Grand Theft in the 3rd Degree,0,0,0,0,3,Low,1,1
22,Caucasian,Male,1,M,Voyeurism,0,0,1,1,8,High,0,1
37,Other,Female,0,M,Battery,0,0,0,0,1,Low,0,0
40,Other,Female,3,F,Driving While License Revoked,0,0,0,0,2,Low,1,0
31,Hispanic,Female,0,M,Battery,0,0,0,0,2,Low,0,0
23,Hispanic,Male,1,F,arrest case no charge,0,0,1,1,6,Medium,1,1
23,Caucasian,Female,5,F,arrest case no charge,0,0,4,1,5,Medium,1,0
24,Hispanic,Male,0,M,Possess Cannabis/20 Grams Or Less,0,0,0,0,8,High,0,1
29,African-American,Male,1,M,Battery,0,0,0,0,3,Low,0,1
20,African-American,Male,1,F,Carrying Concealed Firearm,0,0,0,1,8,High,1,1
30,African-American,Male,2,F,Carrying Concealed Firearm,0,0,0,1,6,Medium,1,1
39,Other,Male,0,F,Throw In Occupied Dwell,0,0,0,0,1,Low,1,1
27,African-American,Male,4,F,arrest case no charge,0,0,0,0,4,Low,1,1
37,African-American,Female,2,F,arrest case no charge,0,0,0,0,1,Low,1,0
20,African-American,Male,0,F,Possession Burglary Tools,0,0,0,0,8,High,1,1
22,Hispanic,Male,0,F,"Poss3,4 Methylenedioxymethcath",0,0,1,0,7,Medium,1,1
52,African-American,Female,0,F,Burglary Conveyance Unoccup,0,0,0,0,1,Low,1,0
23,African-American,Female,0,F,Carrying Concealed Firearm,0,0,0,1,4,Low,1,0
48,African-American,Female,0,F,Aggravated Assault W/Dead Weap,0,0,0,0,2,Low,1,0
25,Caucasian,Male,0,F,"Deliver 3,4 Methylenediox",0,0,0,0,5,Medium,1,1
27,Caucasian,Male,0,F,Grand Theft in the 3rd Degree,0,0,0,1,6,Medium,1,1
30,African-American,Male,11,F,Unauth Poss ID Card or DL,0,0,0,1,7,Medium,1,1
22,African-American,Male,3,M,Battery,0,1,1,1,10,High,0,1
22,Caucasian,Female,1,F,Pos Cannabis W/Intent Sel/Del,0,0,0,0,3,Low,1,0
41,African-American,Female,2,M,Battery on Law Enforc Officer,0,0,0,0,3,Low,0,0
25,Other,Female,0,F,Aggravated Assault W/Dead Weap,0,0,0,0,2,Low,1,0
52,African-American,Male,3,F,Possession of Cocaine,0,0,0,1,6,Medium,1,1
43,African-American,Male,0,F,Felony Battery (Dom Strang),0,0,0,0,1,Low,1,1
37,Caucasian,Male,3,F,arrest case no charge,0,0,0,0,1,Low,1,1
70,Caucasian,Male,1,M,Battery,0,0,0,0,1,Low,0,1
46,Caucasian,Male,3,F,arrest case no charge,0,0,0,0,4,Low,1,1
21,African-American,Male,0,M,Petit Theft,0,0,0,1,9,High,0,1
26,African-American,Male,1,M,Battery,0,0,0,1,8,High,0,1
38,Hispanic,Male,3,F,Crim Use of Personal ID Info,0,0,0,1,1,Low,1,1
34,Caucasian,Male,5,M,Battery,0,0,0,0,4,Low,0,1
34,African-American,Male,5,M,Driving License Suspended,0,0,0,0,4,Low,0,1
23,Caucasian,Male,0,F,Aggravated Assault W/Dead Weap,0,0,0,1,5,Medium,1,1
34,African-American,Male,5,F,Possession of Oxycodone,0,0,0,1,4,Low,1,1
39,African-American,Male,6,F,Aggravated Battery / Pregnant,0,0,0,1,3,Low,1,1
24,Other,Male,0,F,Failure To Return Hired Vehicle,0,0,0,0,3,Low,1,1
58,Caucasian,Male,2,F,Agg Fleeing/Eluding High Speed,0,0,0,0,3,Low,1,1
21,African-American,Female,0,M,Battery,0,0,0,0,6,Medium,0,0
23,African-American,Male,4,M,Possess Cannabis/20 Grams Or Less,0,0,1,1,8,High,0,1
62,Caucasian,Male,0,F,False Imprisonment,0,0,0,0,1,Low,1,1
37,Caucasian,Male,5,F,Battery on Law Enforc Officer,0,0,0,0,3,Low,1,1
43,Other,Male,2,F,Grand Theft in the 3rd Degree,0,0,0,1,2,Low,1,1
32,African-American,Female,5,F,Aggrav Battery w/Deadly Weapon,0,0,0,0,1,Low,1,0
23,Hispanic,Male,0,F,Burglary Conveyance Unoccup,0,0,0,0,3,Low,1,1
27,African-American,Male,0,M,Battery,0,0,0,0,1,Low,0,1
44,Caucasian,Male,0,M,Battery,0,0,0,1,1,Low,0,1
28,Caucasian,Male,3,M,Battery,0,0,0,1,3,Low,0,1
42,Caucasian,Female,0,F,Possession of Cocaine,0,0,0,0,2,Low,1,0
24,Other,Male,9,F,Resist Officer w/Violence,0,1,0,1,10,High,1,1
27,African-American,Male,0,F,Aggrav Battery w/Deadly Weapon,0,0,0,0,2,Low,1,1
20,African-American,Male,0,F,Grand Theft (Motor Vehicle),0,0,0,1,10,High,1,1
51,Caucasian,Female,0,M,Battery on Law Enforc Officer,0,0,0,0,1,Low,0,0
56,Caucasian,Male,0,M,Battery On Parking Enfor Speci,0,0,0,0,1,Low,0,1
29,African-American,Male,7,F,arrest case no charge,0,0,0,0,9,High,1,1
20,African-American,Male,0,F,Grand Theft in the 3rd Degree,0,0,0,1,9,High,1,1
27,Caucasian,Male,8,F,arrest case no charge,0,0,0,0,5,Medium,1,1
24,African-American,Male,2,F,Burglary Structure Unoccup,0,1,0,1,9,High,1,1
53,Caucasian,Male,36,F,Corrupt Public Servant,0,0,0,1,6,Medium,1,1
28,Caucasian,Male,2,M,Battery,0,0,0,1,3,Low,0,1
21,Hispanic,Male,3,F,Grand Theft in the 3rd Degree,0,1,0,0,5,Medium,1,1
36,African-American,Female,0,F,Aggrav Battery w/Deadly Weapon,0,0,0,0,7,Medium,1,0
25,Caucasian,Female,2,M,Petit Theft,0,0,0,1,4,Low,0,0
23,Hispanic,Female,1,M,Operating W/O Valid License,0,0,0,0,3,Low,0,0
28,Caucasian,Male,1,F,Pos Cannabis W/Intent Sel/Del,0,0,0,0,5,Medium,1,1
21,African-American,Female,0,F,Robbery Sudd Snatch No Weapon,0,0,0,1,8,High,1,0
36,Caucasian,Male,0,M,Viol Injunct Domestic Violence,0,0,0,0,3,Low,0,1
24,African-American,Male,0,F,Grand Theft in the 3rd Degree,0,0,0,0,3,Low,1,1
30,Other,Male,1,F,arrest case no charge,0,0,0,1,2,Low,1,1
29,African-American,Male,0,F,Aggravated Assault W/Dead Weap,0,0,0,0,1,Low,1,1
30,Caucasian,Female,0,M,Battery,0,0,0,0,6,Medium,0,0
51,Hispanic,Male,1,M,Assault,0,0,0,0,1,Low,0,1
32,African-American,Male,12,F,arrest case no charge,0,1,0,1,9,High,1,1
23,African-American,Male,1,F,Grand Theft in the 3rd Degree,0,0,1,0,6,Medium,1,1
47,African-American,Male,3,F,Possession Burglary Tools,0,0,0,0,3,Low,1,1
37,Caucasian,Male,0,F,Forging Bank Bills/Promis Note,0,0,0,0,1,Low,1,1
19,African-American,Male,2,F,Poss Pyrrolidinovalerophenone,0,2,0,1,10,High,1,1
27,Hispanic,Male,0,M,Battery,0,0,0,0,8,High,0,1
39,Other,Male,0,M,Battery,0,0,0,0,1,Low,0,1
21,Caucasian,Female,0,F,Possession of Cocaine,0,0,2,0,6,Medium,1,0
69,Caucasian,Male,0,M,Aggravated Assault W/dead Weap,0,0,0,0,1,Low,0,1
21,Caucasian,Male,2,F,arrest case no charge,0,0,0,0,6,Medium,1,1
26,African-American,Male,6,M,Battery,0,0,1,1,10,High,0,1
22,Caucasian,Male,0,F,Possession of Cocaine,0,0,0,0,4,Low,1,1
23,African-American,Female,0,F,Driving While License Revoked,0,0,0,1,5,Medium,1,0
49,African-American,Male,3,F,Grand Theft (Motor Vehicle),0,0,0,0,5,Medium,1,1
29,African-American,Male,2,M,Battery,0,0,1,0,4,Low,0,1
60,Caucasian,Female,0,M,Battery,0,0,0,0,1,Low,0,0
23,African-American,Male,3,F,"Poss3,4 Methylenedioxymethcath",2,0,0,1,10,High,1,1
20,Other,Female,1,F,arrest case no charge,1,0,0,0,4,Low,1,0
36,Hispanic,Male,1,F,Felony/Driving Under Influence,0,0,0,0,3,Low,1,1
30,Caucasian,Male,0,F,Possession of Cocaine,0,0,0,0,4,Low,1,1
21,African-American,Male,1,F,Grand Theft in the 3rd Degree,0,1,0,0,3,Low,1,1
22,Caucasian,Male,2,M,Possess Cannabis/20 Grams Or Less,0,0,0,1,6,Medium,0,1
21,African-American,Male,4,F,arrest case no charge,0,0,0,1,9,High,1,1
21,African-American,Male,0,F,Burglary Structure Unoccup,0,0,0,1,5,Medium,1,1
34,Caucasian,Male,1,M,Battery,0,0,0,0,1,Low,0,1
50,Caucasian,Female,1,M,Battery,0,0,0,1,1,Low,0,0
40,Caucasian,Male,0,F,arrest case no charge,0,0,0,1,7,Medium,1,1
25,African-American,Male,7,F,Tamper With Witness/Victim/CI,0,0,0,1,8,High,1,1
53,Caucasian,Female,1,M,Battery,0,0,0,0,1,Low,0,0
24,African-American,Female,0,F,Aggravated Assault W/Dead Weap,0,0,0,0,4,Low,1,0
42,African-American,Male,1,F,arrest case no charge,0,0,0,0,1,Low,1,1
28,African-American,Male,1,M,Battery,0,0,0,0,3,Low,0,1
26,African-American,Male,6,F,Robbery / No Weapon,1,1,0,1,8,High,1,1
22,African-American,Male,4,F,Grand Theft in the 3rd Degree,0,0,0,1,9,High,1,1
21,Caucasian,Male,3,M,arrest case no charge,0,0,0,0,7,Medium,0,1
37,African-American,Male,23,F,Battery on Law Enforc Officer,0,0,0,1,9,High,1,1
35,African-American,Male,2,F,Possession of Cannabis,0,0,0,0,5,Medium,1,1
53,African-American,Male,2,F,Felony Driving While Lic Suspd,0,0,0,0,1,Low,1,1
29,African-American,Male,7,F,Possession of Cocaine,0,0,0,0,4,Low,1,1
48,Caucasian,Male,23,F,Felony Petit Theft,1,0,0,1,8,High,1,1
52,Caucasian,Female,0,M,Battery,0,0,0,0,1,Low,0,0
27,African-American,Male,12,F,Driving While License Revoked,0,0,0,1,8,High,1,1
28,African-American,Male,5,F,arrest case no charge,0,0,0,0,9,High,1,1
33,Caucasian,Male,3,M,Battery,0,0,0,0,3,Low,0,1
28,Hispanic,Female,0,F,arrest case no charge,0,0,0,0,2,Low,1,0
36,African-American,Male,14,F,Throw Deadly Missile Into Veh,0,0,0,1,7,Medium,1,1
29,African-American,Male,2,F,Aggravated Battery / Pregnant,1,0,0,0,5,Medium,1,1
22,African-American,Male,0,M,Unlaw Use False Name/Identity,0,0,1,1,9,High,0,1
25,Caucasian,Male,0,F,Resist Officer w/Violence,0,0,0,0,2,Low,1,1
56,African-American,Male,5,F,Driving While License Revoked,0,0,0,0,3,Low,1,1
27,African-American,Male,9,F,Aggravated Battery / Pregnant,0,0,0,1,8,High,1,1
52,Caucasian,Male,4,F,Grand Theft in the 3rd Degree,0,0,0,1,1,Low,1,1
32,African-American,Male,3,F,Battery on Law Enforc Officer,0,0,0,0,2,Low,1,1
60,Other,Male,4,F,arrest case no charge,0,0,0,0,1,Low,1,1
23,Hispanic,Male,1,M,Exposes Culpable Negligence,0,0,0,0,3,Low,0,1
39,Caucasian,Female,0,M,Disorderly Intoxication,0,0,0,0,6,Medium,0,0
56,Caucasian,Male,0,M,Battery,0,0,0,0,1,Low,0,1
22,African-American,Female,0,F,"Poss3,4 Methylenedioxymethcath",0,0,0,0,7,Medium,1,0
53,African-American,Male,11,F,arrest case no charge,0,0,0,0,6,Medium,1,1
25,Caucasian,Male,0,M,Driving Under The Influence,0,0,0,1,2,Low,0,1
21,Hispanic,Male,0,M,Battery,0,0,0,0,3,Low,0,1
22,Caucasian,Male,0,F,Leaving the Scene of Accident,0,0,0,0,3,Low,1,1
58,Caucasian,Female,2,M,DUI Property Damage/Injury,0,0,0,0,1,Low,0,0
31,African-American,Male,7,M,Aggravated Battery / Pregnant,0,0,0,1,3,Low,0,1
22,Caucasian,Male,1,F,False Ownership Info/Pawn Item,0,0,0,1,5,Medium,1,1
28,African-American,Male,8,F,Uttering a Forged Instrument,0,0,0,1,6,Medium,1,1
42,Other,Male,1,F,arrest case no charge,0,0,0,0,1,Low,1,1
20,African-American,Male,0,F,Grand Theft (Motor Vehicle),0,0,0,1,7,Medium,1,1
29,Caucasian,Male,0,M,Battery,0,0,0,1,6,Medium,0,1
58,African-American,Male,21,M,arrest case no charge,0,0,0,1,7,Medium,0,1
22,African-American,Male,3,F,Grand Theft in the 3rd Degree,0,0,0,0,7,Medium,1,1
48,Hispanic,Male,1,M,Operating W/O Valid License,0,0,0,1,1,Low,0,1
37,Caucasian,Male,0,F,Crimin Mischief Damage $1000+,0,0,0,0,4,Low,1,1
57,African-American,Male,1,F,Felony Petit Theft,0,0,0,1,5,Medium,1,1
27,Caucasian,Male,3,M,Fleeing or Eluding a LEO,0,0,0,0,1,Low,0,1
26,African-American,Male,3,F,Burglary Unoccupied Dwelling,0,0,0,0,4,Low,1,1
24,Caucasian,Male,3,F,"Poss3,4 Methylenedioxymethcath",0,1,1,1,8,High,1,1
33,Caucasian,Male,0,F,Aggravated Battery / Pregnant,0,0,0,0,1,Low,1,1
29,African-American,Male,2,F,arrest case no charge,0,0,0,0,6,Medium,1,1
24,African-American,Female,3,F,Grand Theft in the 3rd Degree,0,0,0,1,10,High,1,0
19,Caucasian,Male,1,F,Felony Battery (Dom Strang),0,0,1,1,10,High,1,1
36,Caucasian,Male,2,M,Battery,0,0,0,0,1,Low,0,1
24,Caucasian,Female,0,F,"Poss3,4 Methylenedioxymethcath",0,0,0,0,5,Medium,1,0
34,Caucasian,Male,0,M,DUI Level 0.15 Or Minor In Veh,0,0,0,0,1,Low,0,1
25,Hispanic,Male,2,F,arrest case no charge,0,0,0,1,5,Medium,1,1
20,African-American,Male,1,F,arrest case no charge,1,0,1,1,10,High,1,1
24,African-American,Male,1,M,Battery,0,0,0,1,2,Low,0,1
61,Caucasian,Male,4,F,arrest case no charge,0,0,0,0,1,Low,1,1
50,African-American,Female,3,F,Aggravated Assault W/Dead Weap,0,0,0,0,2,Low,1,0
30,African-American,Male,1,M,Battery,0,0,0,0,1,Low,0,1
38,African-American,Male,5,F,Possession of Cannabis,0,0,0,0,3,Low,1,1
24,Caucasian,Male,0,M,Battery,0,0,0,0,1,Low,0,1
46,African-American,Female,2,F,Grand Theft in the 3rd Degree,0,0,0,1,10,High,1,0
41,Caucasian,Male,0,M,Battery,0,0,0,1,1,Low,0,1
20,Other,Male,0,F,Possession of Cocaine,0,0,1,1,8,High,1,1
27,African-American,Male,13,M,Possess Cannabis/20 Grams Or Less,0,0,0,1,8,High,0,1
26,African-American,Male,1,M,Battery,0,0,0,1,6,Medium,0,1
29,African-American,Male,3,F,Possession of Ethylone,0,0,0,1,5,Medium,1,1
52,Caucasian,Male,6,F,Grand Theft in the 3rd Degree,0,0,0,1,5,Medium,1,1
28,Caucasian,Male,1,F,Agg Battery Grt/Bod/Harm,0,0,0,1,4,Low,1,1
55,African-American,Male,5,F,Felony Petit Theft,0,0,0,1,3,Low,1,1
26,African-American,Male,10,F,Aggravated Battery,1,1,0,1,9,High,1,1
28,African-American,Male,5,F,Possession Of Alprazolam,0,0,0,0,10,High,1,1
63,Caucasian,Male,2,F,Felony DUI (level 3),0,0,0,0,1,Low,1,1
42,African-American,Male,0,F,Aggravated Assault w/Firearm,0,0,0,0,1,Low,1,1
23,African-American,Male,6,F,Driving While License Revoked,1,2,2,0,6,Medium,1,1
54,African-American,Male,28,F,Possession of Cocaine,0,0,0,1,9,High,1,1
35,African-American,Male,8,F,Felony Battery w/Prior Convict,0,0,1,1,7,Medium,1,1
24,African-American,Female,6,F,arrest case no charge,1,0,0,1,9,High,1,0
54,African-American,Male,2,M,Battery,0,0,0,0,1,Low,0,1
58,African-American,Male,12,M,DUI Level 0.15 Or Minor In Veh,0,0,0,1,6,Medium,0,1
23,Caucasian,Male,1,M,Resist/Obstruct W/O Violence,0,0,1,1,5,Medium,0,1
35,African-American,Male,1,M,Battery,0,0,0,0,2,Low,0,1
20,African-American,Male,1,F,Fraudulent Use of Credit Card,0,0,0,1,10,High,1,1
51,Caucasian,Male,0,F,Felony Battery (Dom Strang),0,0,0,0,1,Low,1,1
24,Hispanic,Male,0,F,"Poss 3,4 MDMA (Ecstasy)",0,0,0,0,10,High,1,1
37,Caucasian,Male,3,F,Possession of Cocaine,0,0,0,0,2,Low,1,1
47,Caucasian,Male,3,F,Drivg While Lic Suspd/Revk/Can,0,0,0,0,1,Low,1,1
34,Caucasian,Male,4,F,Possession of Cannabis,0,0,0,1,6,Medium,1,1
56,Caucasian,Male,0,F,Grand Theft in the 3rd Degree,0,0,0,0,1,Low,1,1
34,Hispanic,Male,4,F,Burglary Dwelling Occupied,0,0,0,1,1,Low,1,1
59,Caucasian,Male,1,F,Burglary Dwelling Assault/Batt,0,0,0,1,1,Low,1,1
35,Asian,Male,0,F,Burglary Structure Unoccup,0,0,0,0,6,Medium,1,1
58,Hispanic,Male,1,F,Possession Burglary Tools,0,0,0,0,1,Low,1,1
29,Hispanic,Male,2,M,Driving Under The Influence,0,0,0,0,4,Low,0,1
24,Caucasian,Female,6,F,Poss Contr Subst W/o Prescript,0,0,1,1,9,High,1,0
21,Caucasian,Male,2,M,Assault,0,0,4,1,9,High,0,1
50,Asian,Male,5,F,Driving While License Revoked,0,0,0,1,7,Medium,1,1
26,African-American,Male,1,F,Cash Item w/Intent to Defraud,0,0,0,0,2,Low,1,1
30,Caucasian,Female,0,M,Driving Under The Influence,0,0,0,0,2,Low,0,0
29,Caucasian,Male,0,M,Battery,0,0,0,1,4,Low,0,1
54,African-American,Male,0,M,Battery,0,0,0,0,1,Low,0,1
29,African-American,Male,4,F,False Ownership Info/Pawn Item,0,0,0,1,4,Low,1,1
59,Caucasian,Female,0,M,DUI Property Damage/Injury,0,0,0,0,1,Low,0,0
38,African-American,Male,0,F,Tampering With Physical Evidence,0,0,0,0,5,Medium,1,1
27,Caucasian,Male,1,M,Opert With Susp DL 2nd Offens,0,0,0,1,3,Low,0,1
26,Hispanic,Male,7,F,Aggravated Assault W/Dead Weap,0,0,0,1,5,Medium,1,1
52,Hispanic,Male,20,F,False Bomb Report,0,0,0,0,3,Low,1,1
66,African-American,Male,33,F,Crimin Mischief Damage $1000+,0,0,0,1,6,Medium,1,1
27,Caucasian,Male,2,F,Possession of Cocaine,0,0,0,0,5,Medium,1,1
51,Caucasian,Male,1,M,DUI Property Damage/Injury,0,0,0,0,1,Low,0,1
35,Caucasian,Male,1,F,arrest case no charge,0,0,0,0,2,Low,1,1
52,Caucasian,Male,4,M,Battery,0,0,0,0,3,Low,0,1
48,Other,Male,12,F,Aggravated Assault w/Firearm,0,0,0,0,5,Medium,1,1
26,African-American,Female,0,M,Battery,0,0,0,0,2,Low,0,0
48,Caucasian,Female,0,M,Leave Accd/Attend Veh/Less $50,0,0,0,0,1,Low,0,0
30,Hispanic,Male,7,M,Battery,0,0,0,0,4,Low,0,1
28,Other,Male,2,M,Battery,0,0,0,0,1,Low,0,1
33,African-American,Male,2,M,Battery,0,0,0,0,3,Low,0,1
34,African-American,Female,6,F,Burglary Conveyance Unoccup,0,0,0,0,4,Low,1,0
25,Other,Male,0,M,Possess Cannabis/20 Grams Or Less,0,0,0,0,1,Low,0,1
59,African-American,Male,10,F,arrest case no charge,0,0,0,1,7,Medium,1,1
29,African-American,Male,5,F,Poss Contr Subst W/o Prescript,0,0,0,1,5,Medium,1,1
24,Caucasian,Male,0,F,Possession of Cocaine,0,0,0,0,2,Low,1,1
48,Caucasian,Male,1,F,Agg Battery Grt/Bod/Harm,0,0,0,1,7,Medium,1,1
52,African-American,Male,4,M,Fail Register Vehicle,0,0,0,0,5,Medium,0,1
20,African-American,Male,0,F,Possession of Ethylone,0,0,0,1,4,Low,1,1
25,Caucasian,Male,4,F,Possession of Cocaine,0,0,0,1,4,Low,1,1
24,Caucasian,Male,0,F,Agg Battery Grt/Bod/Harm,0,0,0,0,2,Low,1,1
23,Caucasian,Male,0,M,Battery,0,0,0,0,9,High,0,1
27,Caucasian,Male,6,F,Felony Battery (Dom Strang),0,1,3,0,4,Low,1,1
25,African-American,Male,1,M,Battery,0,1,0,1,3,Low,0,1
31,African-American,Male,0,F,Trespassing/Construction Site,0,0,0,0,2,Low,1,1
25,African-American,Male,6,F,arrest case no charge,0,1,0,1,4,Low,1,1
32,Caucasian,Male,1,F,arrest case no charge,0,0,0,1,1,Low,1,1
21,Caucasian,Male,0,F,Grand Theft in the 3rd Degree,0,0,0,1,3,Low,1,1
37,Other,Male,1,F,Crim Use of Personal ID Info,0,0,0,0,1,Low,1,1
25,Caucasian,Male,0,F,Possession of Cannabis,0,0,0,0,3,Low,1,1
32,Hispanic,Male,20,F,arrest case no charge,1,1,0,0,10,High,1,1
35,African-American,Male,0,F,Grand Theft in the 3rd Degree,0,0,0,0,7,Medium,1,1
42,African-American,Male,14,F,Drivg While Lic Suspd/Revk/Can,0,0,0,1,7,Medium,1,1
24,Caucasian,Male,9,M,Viol Injunct Domestic Violence,0,0,1,1,10,High,0,1
21,Hispanic,Male,0,F,Grand Theft in the 3rd Degree,0,0,0,1,6,Medium,1,1
47,Caucasian,Male,1,M,Battery,0,0,0,0,1,Low,0,1
27,African-American,Male,5,F,Aggrav Battery w/Deadly Weapon,0,0,0,1,9,High,1,1
43,Hispanic,Male,2,M,DUI Level 0.15 Or Minor In Veh,0,0,0,1,1,Low,0,1
46,Caucasian,Male,2,F,Possession Of Alprazolam,0,0,0,1,6,Medium,1,1
44,African-American,Male,1,M,Reckless Driving,0,0,0,0,3,Low,0,1
23,Caucasian,Male,2,F,Possession of Cannabis,0,0,0,0,2,Low,1,1
42,African-American,Male,8,F,arrest case no charge,0,0,0,0,5,Medium,1,1
58,African-American,Male,6,F,Felony Petit Theft,0,0,0,0,6,Medium,1,1
26,African-American,Male,3,F,Grand Theft (Motor Vehicle),0,0,1,0,6,Medium,1,1
48,Other,Female,0,F,Grand Theft in the 3rd Degree,0,0,0,0,1,Low,1,0
39,African-American,Male,3,F,Grand Theft in the 3rd Degree,0,0,0,1,3,Low,1,1
21,African-American,Male,3,F,arrest case no charge,0,2,0,1,5,Medium,1,1
63,Caucasian,Male,1,M,DUI Property Damage/Injury,0,0,0,0,1,Low,0,1
22,African-American,Male,3,F,arrest case no charge,0,1,0,1,7,Medium,1,1
50,African-American,Male,3,M,Battery,0,0,0,0,3,Low,0,1
38,African-American,Male,0,F,Burglary Dwelling Assault/Batt,0,0,0,0,1,Low,1,1
41,Caucasian,Male,1,F,Sexual Battery / Vict 12 Yrs +,0,0,0,0,6,Medium,1,1
28,African-American,Male,16,F,Aggravated Battery / Pregnant,8,0,1,1,8,High,1,1
30,African-American,Female,0,M,Battery,0,0,0,0,3,Low,0,0
23,African-American,Male,1,F,Agg Fleeing and Eluding,0,0,0,0,5,Medium,1,1
25,Caucasian,Male,2,F,arrest case no charge,0,0,0,1,4,Low,1,1
40,Caucasian,Male,5,F,Neglect Child / No Bodily Harm,0,0,0,0,4,Low,1,1
24,Hispanic,Male,8,F,Possession of Cannabis,0,0,0,0,8,High,1,1
27,African-American,Male,5,M,Criminal Mischief Damage <$200,0,0,0,1,4,Low,0,1
44,Caucasian,Male,11,M,Battery,0,0,0,0,3,Low,0,1
35,African-American,Female,6,F,arrest case no charge,0,0,0,1,2,Low,1,0
42,Caucasian,Male,0,M,Battery,0,0,0,0,1,Low,0,1
38,African-American,Male,15,F,Drivg While Lic Suspd/Revk/Can,0,0,0,0,7,Medium,1,1
26,Hispanic,Male,4,F,Possession of Cannabis,0,0,0,0,6,Medium,1,1
25,African-American,Female,0,M,Resist/Obstruct W/O Violence,0,0,0,0,3,Low,0,0
64,Hispanic,Male,1,F,Aggravated Assault,0,0,0,0,1,Low,1,1
49,Caucasian,Female,2,M,Driving Under The Influence,0,0,0,1,1,Low,0,0
50,Caucasian,Male,5,F,Driving While License Revoked,0,0,0,1,1,Low,1,1
66,Caucasian,Male,0,M,Battery,0,0,0,1,1,Low,0,1
46,Caucasian,Female,0,M,Battery,0,0,0,0,1,Low,0,0
30,African-American,Male,5,F,Driving While License Revoked,0,0,1,1,6,Medium,1,1
22,Caucasian,Female,0,M,Battery,0,0,0,0,3,Low,0,0
23,Caucasian,Male,1,M,arrest case no charge,0,0,0,0,4,Low,0,1
30,Other,Male,0,M,Battery,0,0,0,1,6,Medium,0,1
31,Hispanic,Male,0,M,DUI Property Damage/Injury,0,0,0,0,1,Low,0,1
31,Other,Male,1,F,arrest case no charge,0,0,0,0,2,Low,1,1
25,African-American,Male,0,M,Disorderly Conduct,0,0,0,0,3,Low,0,1
21,Caucasian,Female,0,F,Burglary Unoccupied Dwelling,0,0,0,0,7,Medium,1,0
27,African-American,Male,0,M,Battery,0,0,0,0,2,Low,0,1
20,Hispanic,Male,0,M,Possess Cannabis/20 Grams Or Less,0,0,0,1,2,Low,0,1
32,Hispanic,Male,1,F,Possession of Cocaine,0,0,0,0,1,Low,1,1
24,Caucasian,Female,0,F,Burglary Unoccupied Dwelling,0,0,1,0,5,Medium,1,0
20,African-American,Male,1,F,arrest case no charge,1,0,0,0,3,Low,1,1
31,African-American,Male,3,M,Viol Pretrial Release Dom Viol,0,0,0,1,8,High,0,1
27,African-American,Male,3,M,Battery,0,0,0,1,7,Medium,0,1
40,African-American,Male,0,F,Aggravated Assault w/Firearm,0,0,0,0,2,Low,1,1
22,African-American,Male,11,F,Possession of Cocaine,0,0,0,1,10,High,1,1
38,African-American,Female,1,F,Robbery / No Weapon,0,0,0,0,1,Low,1,0
36,Hispanic,Male,1,M,Petit Theft $100- $300,0,0,0,1,10,High,0,1
30,African-American,Male,1,M,Possess Cannabis/20 Grams Or Less,0,0,0,0,7,Medium,0,1
27,Caucasian,Male,6,F,arrest case no charge,0,0,0,1,6,Medium,1,1
59,Caucasian,Female,0,M,Driving Under The Influence,0,0,0,0,1,Low,0,0
37,Caucasian,Male,2,M,DUI Level 0.15 Or Minor In Veh,0,0,0,0,1,Low,0,1
28,African-American,Male,5,M,Felony Battery (Dom Strang),0,0,0,1,7,Medium,0,1
38,Caucasian,Male,0,F,Possession of Cocaine,0,0,0,0,1,Low,1,1
22,African-American,Male,0,F,Att Burgl Unoccupied Dwel,0,0,1,1,8,High,1,1
25,African-American,Male,4,F,Grand Theft Firearm,0,0,0,1,5,Medium,1,1
51,Caucasian,Male,0,M,DUI Level 0.15 Or Minor In Veh,0,0,0,0,1,Low,0,1
29,Caucasian,Male,2,M,Felony Battery (Dom Strang),0,0,0,1,2,Low,0,1
28,African-American,Male,10,F,Driving While License Revoked,0,0,0,0,3,Low,1,1
55,African-American,Male,9,M,arrest case no charge,0,0,0,1,3,Low,0,1
23,Caucasian,Female,3,F,Poss Contr Subst W/o Prescript,0,0,0,0,10,High,1,0
22,African-American,Female,0,M,Failure To Pay Taxi Cab Charge,0,0,0,0,5,Medium,0,0
19,Caucasian,Female,2,F,Possession of Cocaine,0,0,0,1,10,High,1,0
31,African-American,Male,1,M,Battery,0,0,0,0,1,Low,0,1
29,African-American,Male,0,M,DUI Level 0.15 Or Minor In Veh,0,0,0,0,1,Low,0,1
61,African-American,Male,15,F,Felony Petit Theft,0,0,0,1,6,Medium,1,1
31,Hispanic,Male,0,M,Operating W/O Valid License,0,0,0,0,2,Low,0,1
20,African-American,Male,4,F,arrest case no charge,0,1,1,1,9,High,1,1
26,Caucasian,Male,3,F,Burglary Conveyance Occupied,0,0,0,1,7,Medium,1,1
27,Caucasian,Male,5,M,Battery,0,0,0,0,9,High,0,1
25,Caucasian,Male,1,F,Aggravated Assault w/Firearm,0,0,0,0,5,Medium,1,1
23,Caucasian,Male,3,F,Manslaughter W/Weapon/Firearm,0,2,0,1,5,Medium,1,1
38,African-American,Male,0,F,Felony Battery (Dom Strang),0,0,0,0,1,Low,1,1
27,African-American,Male,18,F,Felony Petit Theft,0,2,1,1,9,High,1,1
35,Caucasian,Female,0,F,Resist Officer w/Violence,0,0,0,1,3,Low,1,0
22,Other,Male,0,F,Grand Theft (Motor Vehicle),0,0,0,0,9,High,1,1
58,African-American,Female,4,F,"Poss 3,4 MDMA (Ecstasy)",0,0,0,1,2,Low,1,0
57,Caucasian,Female,0,M,Disorderly Conduct,0,0,0,1,4,Low,0,0
21,African-American,Male,0,F,Use Scanning Device to Defraud,0,0,1,0,3,Low,1,1
22,African-American,Female,0,F,Grand Theft in the 3rd Degree,0,0,0,0,8,High,1,0
30,African-American,Male,0,F,Burglary Unoccupied Dwelling,0,0,0,0,2,Low,1,1
30,African-American,Male,8,F,Possession of Cocaine,0,0,0,1,8,High,1,1
31,African-American,Female,10,F,Driving While License Revoked,0,0,0,0,6,Medium,1,0
45,Caucasian,Female,1,F,Felony Driving While Lic Suspd,0,0,0,0,6,Medium,1,0
39,Caucasian,Male,2,F,False Ownership Info/Pawn Item,0,0,0,1,2,Low,1,1
31,African-American,Male,0,F,Possession of Cocaine,0,0,0,1,8,High,1,1
22,African-American,Male,1,F,Burglary Structure Unoccup,0,0,0,1,4,Low,1,1
27,African-American,Male,13,F,arrest case no charge,0,0,0,1,7,Medium,1,1
38,Caucasian,Male,1,F,Crimin Mischief Damage $1000+,0,0,0,1,1,Low,1,1
31,African-American,Male,23,F,Poss Pyrrolidinovalerophenone,0,0,0,1,10,High,1,1
47,African-American,Male,20,F,Tamper With Witness/Victim/CI,0,0,0,0,9,High,1,1
22,African-American,Male,3,F,arrest case no charge,0,1,0,0,7,Medium,1,1
35,African-American,Male,1,M,Battery,0,0,1,1,9,High,0,1
23,Hispanic,Male,2,M,Possess Cannabis/20 Grams Or Less,0,0,0,1,6,Medium,0,1
65,African-American,Male,2,M,Violation of Injunction Order/Stalking/Cyberstalking,0,0,0,1,2,Low,0,1
35,African-American,Male,0,M,Fail To Obey Police Officer,0,0,0,0,4,Low,0,1
33,African-American,Female,0,F,Grand Theft (Motor Vehicle),0,0,0,0,3,Low,1,0
53,Caucasian,Male,1,M,Battery,0,0,0,0,1,Low,0,1
52,Hispanic,Male,0,F,Driving While License Revoked,0,0,0,0,1,Low,1,1
21,African-American,Male,0,F,Obstruct Fire Equipment,0,0,0,0,5,Medium,1,1
37,African-American,Male,11,F,Aggravated Battery / Pregnant,0,0,0,0,4,Low,1,1
30,Other,Male,4,M,Reckless Driving,0,0,0,1,9,High,0,1
54,Other,Male,0,F,Grand Theft (Motor Vehicle),0,0,0,0,1,Low,1,1
31,African-American,Female,0,M,Battery,0,0,0,0,1,Low,0,0
59,Caucasian,Female,2,F,Grand Theft in the 3rd Degree,0,0,0,0,3,Low,1,0
27,African-American,Male,0,M,Possession of Cocaine,0,0,0,0,2,Low,0,1
36,African-American,Male,0,M,Battery,0,0,0,1,7,Medium,0,1
46,African-American,Male,17,F,arrest case no charge,0,0,0,1,9,High,1,1
22,African-American,Male,3,F,arrest case no charge,0,0,1,0,9,High,1,1
28,Caucasian,Female,0,M,DUI Property Damage/Injury,0,0,0,0,2,Low,0,0
34,Caucasian,Female,15,F,Grand Theft in the 3rd Degree,0,0,1,1,9,High,1,0
29,Hispanic,Male,7,F,Driving While License Revoked,0,0,0,1,9,High,1,1
23,African-American,Male,2,M,Battery,0,0,1,1,10,High,0,1
27,African-American,Male,3,F,Grand Theft in the 3rd Degree,0,0,0,0,4,Low,1,1
21,Asian,Male,0,F,Att Tamper w/Physical Evidence,0,0,1,1,6,Medium,1,1
48,Caucasian,Male,3,F,Grand Theft in the 3rd Degree,0,0,0,1,1,Low,1,1
31,African-American,Male,5,F,arrest case no charge,0,0,0,0,7,Medium,1,1
36,African-American,Male,4,M,Battery,0,1,0,0,5,Medium,0,1
44,African-American,Male,14,F,Felony Driving While Lic Suspd,0,0,0,1,8,High,1,1
53,Caucasian,Male,2,F,Deliver Alprazolam,0,0,0,0,1,Low,1,1
33,African-American,Male,3,M,Driving License Suspended,0,0,0,1,2,Low,0,1
47,Caucasian,Male,2,F,Possession of Cocaine,0,0,0,1,5,Medium,1,1
57,African-American,Male,20,F,Possession of Cocaine,0,0,0,1,7,Medium,1,1
28,African-American,Male,2,M,arrest case no charge,0,0,0,0,4,Low,0,1
24,African-American,Male,1,M,Battery,0,0,0,0,6,Medium,0,1
44,African-American,Male,1,F,Unauth Poss ID Card or DL,0,0,0,0,1,Low,1,1
46,African-American,Male,0,F,Grand Theft in the 3rd Degree,0,0,0,0,1,Low,1,1
37,African-American,Male,6,F,Child Abuse,0,0,0,0,3,Low,1,1
26,African-American,Male,10,M,arrest case no charge,0,0,0,1,6,Medium,0,1
27,African-American,Male,10,F,Driving While License Revoked,0,1,0,1,8,High,1,1
40,Caucasian,Male,1,F,Manufacture Cannabis,0,0,0,0,2,Low,1,1
60,Caucasian,Female,9,F,arrest case no charge,0,0,0,1,3,Low,1,0
53,Caucasian,Male,1,F,arrest case no charge,0,0,0,0,1,Low,1,1
28,African-American,Male,0,F,Felony Driving While Lic Suspd,0,0,0,0,1,Low,1,1
23,Hispanic,Male,0,M,Driving Under The Influence,0,0,0,0,4,Low,0,1
46,Caucasian,Female,2,F,Grand Theft in the 3rd Degree,0,0,0,0,8,High,1,0
23,African-American,Male,0,F,False Ownership Info/Pawn Item,0,0,0,1,5,Medium,1,1
50,African-American,Male,18,F,Driving While License Revoked,0,0,0,1,8,High,1,1
45,African-American,Male,0,M,Driving Under The Influence,0,0,0,0,1,Low,0,1
22,African-American,Male,1,F,arrest case no charge,0,0,0,0,5,Medium,1,1
26,Caucasian,Male,1,F,arrest case no charge,0,0,0,1,2,Low,1,1
62,Caucasian,Male,0,F,Battery on a Person Over 65,0,0,0,0,1,Low,1,1
34,Caucasian,Male,0,M,DUI Property Damage/Injury,0,0,0,1,1,Low,0,1
24,Hispanic,Male,1,F,Burglary Structure Unoccup,0,0,0,0,10,High,1,1
21,Caucasian,Male,0,M,Battery,0,0,0,0,2,Low,0,1
25,Caucasian,Male,0,F,Felony Battery,0,0,0,1,2,Low,1,1
68,Caucasian,Male,0,M,Disorderly Conduct,0,0,0,0,1,Low,0,1
21,Caucasian,Male,1,F,arrest case no charge,0,0,0,0,3,Low,1,1
37,Hispanic,Female,1,F,Grand Theft in the 3rd Degree,0,0,0,0,3,Low,1,0
22,African-American,Male,0,F,Pos Cannabis W/Intent Sel/Del,0,0,0,0,8,High,1,1
42,Caucasian,Male,1,F,arrest case no charge,0,0,0,0,1,Low,1,1
22,Caucasian,Male,1,F,arrest case no charge,0,1,1,1,4,Low,1,1
45,African-American,Male,0,F,Grand Theft (Motor Vehicle),0,0,0,1,4,Low,1,1
36,African-American,Female,4,F,Neglect Child / No Bodily Harm,0,0,0,1,10,High,1,0
48,African-American,Male,2,F,Fel Drive License Perm Revoke,0,0,0,0,6,Medium,1,1
23,African-American,Male,6,F,Grand Theft in the 3rd Degree,0,0,1,1,9,High,1,1
24,African-American,Male,0,F,Deliver Cannabis,0,0,0,0,8,High,1,1
29,African-American,Male,0,F,Grand Theft in the 3rd Degree,0,0,0,0,2,Low,1,1
24,African-American,Male,0,F,Battery on Law Enforc Officer,0,0,0,0,3,Low,1,1
50,African-American,Male,11,F,Manufacture Cannabis,0,0,0,0,9,High,1,1
34,African-American,Male,10,F,arrest case no charge,0,1,0,1,7,Medium,1,1
23,African-American,Male,0,F,Grand Theft in the 3rd Degree,0,0,0,0,2,Low,1,1
22,Caucasian,Female,0,M,Leaving Acc/Unattended Veh,0,0,0,0,5,Medium,0,0
36,Other,Male,0,F,Child Abuse,0,0,0,0,1,Low,1,1
30,Caucasian,Male,22,F,Possession of Cocaine,0,0,0,1,5,Medium,1,1
21,African-American,Male,0,F,Deliver Cocaine 1000FT Church,0,0,0,1,10,High,1,1
53,Caucasian,Female,0,F,Possession of Cocaine,0,0,0,0,1,Low,1,0
25,African-American,Male,7,M,arrest case no charge,0,1,1,1,5,Medium,0,1
25,African-American,Female,1,M,arrest case no charge,0,0,0,0,9,High,0,0
71,African-American,Male,8,F,Driving While License Revoked,0,0,0,0,1,Low,1,1
39,African-American,Male,10,M,arrest case no charge,0,4,0,0,9,High,0,1
37,African-American,Female,0,F,Possession of Cocaine,0,0,0,0,5,Medium,1,0
20,African-American,Male,0,F,Possession of Cocaine,0,0,2,1,5,Medium,1,1
29,African-American,Female,3,F,Possession of Cocaine,0,0,0,0,5,Medium,1,0
22,African-American,Male,2,F,Possession of Cocaine,0,0,0,1,5,Medium,1,1
26,African-American,Male,4,F,Aggravated Assault w/Firearm,0,0,0,1,7,Medium,1,1
47,African-American,Female,19,F,Possession of Cocaine,0,0,0,1,10,High,1,0
21,Other,Male,1,F,Possession of Cannabis,0,0,0,1,4,Low,1,1
23,Other,Female,0,M,Battery,0,0,0,0,10,High,0,0
20,Caucasian,Female,1,F,Burglary Unoccupied Dwelling,0,0,0,1,8,High,1,0
23,African-American,Female,0,F,Grand Theft in the 3rd Degree,0,0,0,0,2,Low,1,0
27,Native American,Male,3,M,DUI Level 0.15 Or Minor In Veh,0,0,0,0,7,Medium,0,1
53,African-American,Female,0,F,Felony Driving While Lic Suspd,0,0,0,0,1,Low,1,0
23,African-American,Female,0,F,Aggrav Battery w/Deadly Weapon,0,0,0,0,7,Medium,1,0
26,African-American,Male,5,F,Grand Theft (Motor Vehicle),0,0,1,1,7,Medium,1,1
25,African-American,Male,6,F,Burglary Unoccupied Dwelling,0,0,0,0,6,Medium,1,1
23,Other,Male,2,M,Driving Under The Influence,0,0,0,0,4,Low,0,1
27,African-American,Male,4,F,Pos Cannabis W/Intent Sel/Del,0,0,0,1,9,High,1,1
29,African-American,Male,1,M,Susp Drivers Lic 1st Offense,0,0,0,0,4,Low,0,1
27,Other,Male,1,F,Aggravated Assault W/Dead Weap,0,0,0,1,2,Low,1,1
28,Hispanic,Male,0,F,Possession of Hydromorphone,0,0,0,0,2,Low,1,1
31,African-American,Male,0,M,Battery,0,0,0,0,2,Low,0,1
41,African-American,Male,8,F,Possession of Cocaine,0,0,0,1,6,Medium,1,1
25,Caucasian,Male,0,M,DUI Level 0.15 Or Minor In Veh,0,0,0,0,2,Low,0,1
47,Caucasian,Male,0,M,Leave Acc/Attend Veh/More $50,0,0,0,0,1,Low,0,1
37,African-American,Male,4,F,Driving While License Revoked,0,0,0,0,2,Low,1,1
35,African-American,Female,4,F,Aggravated Assault W/Dead Weap,0,0,0,0,5,Medium,1,0
24,Caucasian,Male,1,M,Battery,0,0,0,1,4,Low,0,1
21,Caucasian,Male,2,F,Grand Theft (Motor Vehicle),0,2,1,1,9,High,1,1
22,Caucasian,Male,0,F,Burglary Conveyance Unoccup,0,0,0,1,4,Low,1,1
57,African-American,Male,11,F,Possession of Cocaine,0,0,0,0,6,Medium,1,1
48,Caucasian,Male,0,F,Grand Theft in the 3rd Degree,0,0,0,0,7,Medium,1,1
36,Other,Male,0,F,Grand Theft in the 3rd Degree,0,0,0,0,1,Low,1,1
37,African-American,Female,3,F,Resist Officer w/Violence,0,0,0,0,7,Medium,1,0
31,Caucasian,Male,0,M,Battery,0,0,0,0,1,Low,0,1
22,African-American,Male,1,F,False Ownership Info/Pawn Item,0,1,0,1,9,High,1,1
31,Caucasian,Male,2,M,DUI Property Damage/Injury,0,0,0,0,3,Low,0,1
24,African-American,Male,0,F,Burglary Conveyance Unoccup,0,0,0,1,5,Medium,1,1
32,African-American,Male,22,F,arrest case no charge,0,0,1,1,9,High,1,1
23,Other,Female,0,M,Battery,0,0,0,0,4,Low,0,0
63,African-American,Male,0,M,DUI Level 0.15 Or Minor In Veh,0,0,0,0,1,Low,0,1
30,Other,Male,0,F,Felony Battery (Dom Strang),0,0,0,0,1,Low,1,1
20,Caucasian,Male,0,F,Grand Theft in the 3rd Degree,0,0,2,0,4,Low,1,1
24,African-American,Female,1,M,Battery,0,0,0,1,5,Medium,0,0
36,African-American,Female,1,M,Susp Drivers Lic 1st Offense,0,0,0,0,2,Low,0,0
83,Hispanic,Male,0,M,Battery,0,0,0,0,1,Low,0,1
28,Caucasian,Male,2,F,Pos Cannabis W/Intent Sel/Del,0,0,0,0,6,Medium,1,1
36,African-American,Male,3,F,Driving While License Revoked,0,0,0,1,2,Low,1,1
33,African-American,Female,0,M,Simulation of Legal Process,0,0,0,0,2,Low,0,0
39,African-American,Male,0,F,Driving While License Revoked,0,0,0,0,3,Low,1,1
29,Other,Male,3,M,Driving Under The Influence,0,0,0,0,7,Medium,0,1
30,African-American,Male,17,F,arrest case no charge,0,0,0,1,10,High,1,1
24,African-American,Male,1,F,arrest case no charge,0,0,0,1,1,Low,1,1
35,African-American,Male,7,F,Possession of Cannabis,0,0,0,0,6,Medium,1,1
24,African-American,Male,0,F,Driving While License Revoked,0,0,1,0,3,Low,1,1
26,Caucasian,Male,8,F,arrest case no charge,0,0,0,0,4,Low,1,1
28,African-American,Male,14,F,Fleeing or Eluding a LEO,0,0,0,1,7,Medium,1,1
32,African-American,Male,0,M,Viol Prot Injunc Repeat Viol,0,0,0,0,5,Medium,0,1
32,Caucasian,Female,1,M,Battery,0,0,0,1,3,Low,0,0
33,African-American,Male,5,M,Susp Drivers Lic 1st Offense,0,0,0,1,8,High,0,1
29,African-American,Male,16,F,Possession of Cocaine,0,1,0,0,10,High,1,1
34,Caucasian,Male,1,M,Defrauding Innkeeper,0,0,0,1,3,Low,0,1
37,Other,Female,0,M,Battery,0,0,0,1,1,Low,0,0
43,Caucasian,Male,0,M,Battery,0,0,0,0,1,Low,0,1
47,Caucasian,Male,2,F,Tamper With Witness/Victim/CI,0,0,0,0,4,Low,1,1
25,African-American,Male,3,M,Battery,0,0,0,1,6,Medium,0,1
23,African-American,Female,1,F,arrest case no charge,0,0,0,0,3,Low,1,0
39,Caucasian,Male,2,M,Battery,0,0,0,0,2,Low,0,1
35,African-American,Male,13,F,Possession of Cocaine,0,0,0,1,8,High,1,1
33,Other,Male,0,F,arrest case no charge,0,0,0,0,1,Low,1,1
21,Other,Male,0,F,Grand Theft of a Fire Extinquisher,0,0,0,1,3,Low,1,1
43,African-American,Male,20,F,Driving While License Revoked,1,0,0,0,8,High,1,1
25,African-American,Male,3,F,Fighting/Baiting Animals,0,1,1,1,8,High,1,1
48,African-American,Male,25,F,arrest case no charge,1,0,0,1,10,High,1,1
22,African-American,Male,1,M,Battery,0,0,1,1,7,Medium,0,1
52,African-American,Male,9,M,Battery,1,0,0,1,8,High,0,1
26,Caucasian,Male,5,F,Possession of Cocaine,0,0,0,1,4,Low,1,1
67,African-American,Male,4,M,Grand Theft in the 3rd Degree,0,0,0,1,7,Medium,0,1
34,African-American,Male,4,M,arrest case no charge,0,0,0,0,2,Low,0,1
56,Caucasian,Male,4,M,Disorderly Intoxication,0,0,0,0,1,Low,0,1
28,African-American,Male,1,F,Possession of Cannabis,0,0,0,1,4,Low,1,1
29,African-American,Male,2,M,Battery,0,0,0,0,4,Low,0,1
37,African-American,Male,6,F,Felony Petit Theft,0,0,0,1,5,Medium,1,1
43,Other,Male,3,F,Aggrav Battery w/Deadly Weapon,0,0,0,0,2,Low,1,1
51,Caucasian,Male,0,F,Burglary Dwelling Occupied,0,0,0,0,1,Low,1,1
20,African-American,Male,1,M,Possess Cannabis/20 Grams Or Less,0,0,1,1,7,Medium,0,1
26,Caucasian,Male,4,M,Viol Injunct Domestic Violence,0,0,0,1,7,Medium,0,1
39,Caucasian,Female,1,M,Battery,0,0,0,1,2,Low,0,0
21,African-American,Male,1,F,arrest case no charge,0,0,1,0,8,High,1,1
21,African-American,Male,1,F,Att Burgl Conv Occp,0,1,1,1,9,High,1,1
24,Caucasian,Male,3,F,Driving While License Revoked,0,2,0,1,4,Low,1,1
26,African-American,Male,4,M,Battery,0,1,0,1,8,High,0,1
48,Caucasian,Male,1,F,Possession of Cocaine,0,0,0,0,2,Low,1,1
24,African-American,Male,5,F,Pos Cannabis W/Intent Sel/Del,0,1,0,1,5,Medium,1,1
26,Caucasian,Male,0,F,Possession of Cocaine,0,0,0,0,4,Low,1,1
46,Caucasian,Male,0,F,Possession of Cocaine,0,0,0,0,1,Low,1,1
24,African-American,Male,7,M,Battery,0,1,1,0,9,High,0,1
21,Caucasian,Female,0,M,Possess Cannabis/20 Grams Or Less,0,0,0,0,5,Medium,0,0
24,African-American,Male,1,F,arrest case no charge,0,0,0,1,3,Low,1,1
36,African-American,Male,9,M,Disorderly Intoxication,0,0,0,0,8,High,0,1
30,African-American,Male,5,F,Deliver Cocaine,0,0,0,1,4,Low,1,1
22,Caucasian,Female,1,F,Possession Of Alprazolam,0,0,0,0,6,Medium,1,0
25,African-American,Male,0,F,Depriv LEO of Protect/Communic,0,0,0,1,9,High,1,1
31,African-American,Male,25,M,Resist/Obstruct W/O Violence,0,3,0,1,8,High,0,1
24,African-American,Male,0,F,Robbery Sudd Snatch No Weapon,0,0,0,0,4,Low,1,1
39,African-American,Male,13,F,Burglary Conveyance Unoccup,0,0,0,1,8,High,1,1
46,Other,Male,0,F,Delivery of 5-Fluoro PB-22,0,0,0,0,1,Low,1,1
30,African-American,Female,4,F,Burglary Unoccupied Dwelling,0,0,0,0,3,Low,1,0
40,Caucasian,Male,0,F,Battery on a Person Over 65,0,0,0,0,2,Low,1,1
52,African-American,Female,0,F,Aggravated Assault w/Firearm,0,0,0,0,1,Low,1,0
23,African-American,Male,3,F,Grand Theft Firearm,1,0,1,0,9,High,1,1
26,African-American,Female,1,M,Battery,0,0,0,0,2,Low,0,0
22,Caucasian,Male,1,F,Grand Theft in the 3rd Degree,0,1,0,1,8,High,1,1
42,Caucasian,Male,3,F,Possession of Cocaine,0,0,0,0,4,Low,1,1
23,African-American,Male,6,F,Burglary Conveyance Unoccup,0,3,1,1,10,High,1,1
33,Other,Male,4,F,Pos Cannabis For Consideration,0,0,0,1,3,Low,1,1
28,African-American,Male,1,F,arrest case no charge,0,0,0,0,3,Low,1,1
50,Caucasian,Male,1,F,Crim Use of Personal ID Info,0,0,0,0,1,Low,1,1
32,African-American,Male,1,F,arrest case no charge,0,0,0,0,7,Medium,1,1
24,Hispanic,Male,3,F,Burglary Conveyance Unoccup,0,0,0,1,6,Medium,1,1
51,African-American,Male,3,F,Grand Theft in the 3rd Degree,0,0,0,0,2,Low,1,1
19,Caucasian,Male,1,M,Battery,0,0,0,1,4,Low,0,1
32,African-American,Male,4,F,arrest case no charge,0,0,0,0,5,Medium,1,1
31,Caucasian,Female,1,F,Possession of Cocaine,0,0,0,1,3,Low,1,0
29,African-American,Female,1,F,arrest case no charge,0,0,0,0,5,Medium,1,0
43,Hispanic,Male,0,M,Battery,0,0,0,0,1,Low,0,1
26,African-American,Male,9,F,Driving While License Revoked,0,0,0,1,7,Medium,1,1
27,Caucasian,Male,0,F,Uttering Forged Bills,0,0,0,1,10,High,1,1
52,Caucasian,Male,1,F,Burglary Conveyance Unoccup,0,0,0,1,1,Low,1,1
27,Hispanic,Male,1,M,Expired DL More Than 6 Months,0,0,0,0,1,Low,0,1
57,Hispanic,Female,1,M,Battery,0,0,0,0,2,Low,0,0
28,African-American,Male,3,M,arrest case no charge,0,0,0,1,6,Medium,0,1
32,African-American,Male,3,F,Burglary Unoccupied Dwelling,0,0,0,1,1,Low,1,1
27,African-American,Male,5,M,Expired DL More Than 6 Months,0,0,0,1,3,Low,0,1
45,Hispanic,Male,0,M,Stalking,0,0,0,1,1,Low,0,1
42,Caucasian,Female,0,M,Driving Under The Influence,0,0,0,0,1,Low,0,0
33,African-American,Male,0,F,Felony Driving While Lic Suspd,0,0,0,1,2,Low,1,1
28,Caucasian,Female,3,M,Battery,0,0,1,0,4,Low,0,0
53,Caucasian,Female,0,M,DUI Property Damage/Injury,0,0,0,0,1,Low,0,0
24,Caucasian,Male,0,F,Grand Theft in the 3rd Degree,0,0,0,0,2,Low,1,1
28,Hispanic,Male,1,F,Possession Burglary Tools,0,0,0,0,2,Low,1,1
28,Hispanic,Male,1,F,Felony Battery (Dom Strang),0,0,0,0,5,Medium,1,1
39,African-American,Male,6,M,Disorderly Conduct,0,0,1,1,7,Medium,0,1
22,African-American,Male,1,F,Possession of Cocaine,0,0,0,1,7,Medium,1,1
46,African-American,Male,2,F,Grand Theft in the 3rd Degree,0,0,0,1,2,Low,1,1
25,African-American,Male,0,M,Battery,0,0,0,0,2,Low,0,1
52,Caucasian,Male,1,F,arrest case no charge,0,0,0,0,5,Medium,1,1
28,African-American,Male,4,M,Battery,0,0,0,1,2,Low,0,1
57,Caucasian,Female,1,F,Possession of Cocaine,0,0,0,1,1,Low,1,0
49,African-American,Male,3,F,arrest case no charge,0,0,0,1,1,Low,1,1
21,African-American,Male,2,F,Possession of Cocaine,0,0,0,1,9,High,1,1
32,African-American,Male,19,F,Possession of Cocaine,0,0,0,1,10,High,1,1
63,African-American,Male,3,M,Trespass Structure/Conveyance,0,0,0,0,9,High,0,1
29,Caucasian,Male,2,F,False Imprisonment,0,0,0,0,3,Low,1,1
46,African-American,Male,0,M,Battery,0,0,0,0,1,Low,0,1
28,African-American,Male,10,M,Battery,0,0,0,1,7,Medium,0,1
27,African-American,Male,1,F,arrest case no charge,0,0,0,0,2,Low,1,1
69,Hispanic,Female,0,M,DUI - Enhanced,0,0,0,0,1,Low,0,0
47,Hispanic,Male,0,M,Battery,0,0,0,0,1,Low,0,1
45,Hispanic,Male,1,F,Sex Offender Fail Comply W/Law,0,0,0,0,3,Low,1,1
33,Caucasian,Female,1,M,Battery,0,0,0,0,1,Low,0,0
27,Hispanic,Female,0,M,Battery,0,0,0,1,2,Low,0,0
32,African-American,Male,14,F,Grand Theft (Motor Vehicle),0,0,0,1,9,High,1,1
24,African-American,Male,2,F,Crim Use of Personal ID Info,0,0,0,0,7,Medium,1,1
26,African-American,Male,5,F,Felony Driving While Lic Suspd,0,0,0,1,10,High,1,1
47,Hispanic,Male,0,M,Battery,0,0,0,0,4,Low,0,1
25,Caucasian,Male,1,F,Possession of Cocaine,0,0,0,0,5,Medium,1,1
21,African-American,Male,1,F,Possession of Cocaine,0,0,0,0,8,High,1,1
25,African-American,Male,2,M,Battery,0,0,0,1,2,Low,0,1
22,African-American,Male,6,F,arrest case no charge,1,1,0,1,7,Medium,1,1
26,Caucasian,Female,0,F,Possession Of Alprazolam,0,0,0,0,6,Medium,1,0
20,Caucasian,Male,0,F,Pos Cannabis W/Intent Sel/Del,0,0,0,0,4,Low,1,1
30,African-American,Male,1,M,Battery,0,0,0,1,5,Medium,0,1
45,African-American,Male,0,F,Possession of Morphine,0,0,0,1,5,Medium,1,1
33,African-American,Male,7,F,Possession of Cocaine,0,0,0,1,7,Medium,1,1
35,Caucasian,Male,2,F,Child Abuse,0,0,0,0,1,Low,1,1
41,Caucasian,Male,5,F,Felony Driving While Lic Suspd,0,0,0,0,1,Low,1,1
23,Caucasian,Male,0,M,Viol Injunct Domestic Violence,0,0,0,0,3,Low,0,1
21,Caucasian,Female,0,M,Driving Under The Influence,0,1,0,1,5,Medium,0,0
54,African-American,Male,0,F,Possession of Cocaine,0,0,0,0,1,Low,1,1
27,African-American,Male,10,F,arrest case no charge,0,0,0,1,6,Medium,1,1
22,Caucasian,Male,0,M,Disorderly Conduct,0,0,0,0,3,Low,0,1
21,Hispanic,Female,0,M,Battery,0,0,0,1,7,Medium,0,0
23,African-American,Male,2,F,Pos Cannabis W/Intent Sel/Del,0,0,0,1,6,Medium,1,1
30,Hispanic,Male,1,M,Battery,0,0,0,0,1,Low,0,1
36,African-American,Male,5,M,Viol Injunct Domestic Violence,0,0,0,1,8,High,0,1
29,African-American,Male,10,F,Deliver Cannabis,0,0,1,1,7,Medium,1,1
54,African-American,Male,4,M,Battery,0,0,0,1,5,Medium,0,1
22,Caucasian,Male,2,M,Battery,0,0,0,1,5,Medium,0,1
26,African-American,Male,0,M,Battery,0,0,0,1,4,Low,0,1
20,African-American,Female,0,F,Grand Theft in the 3rd Degree,0,0,0,0,4,Low,1,0
52,African-American,Male,6,M,Battery,0,0,0,1,1,Low,0,1
29,African-American,Male,0,F,Sale/Del Counterfeit Cont Subs,0,0,0,0,1,Low,1,1
23,African-American,Female,6,M,Operating W/O Valid License,0,0,0,0,7,Medium,0,0
35,African-American,Male,1,M,arrest case no charge,0,0,0,0,1,Low,0,1
32,Caucasian,Male,8,F,Felony Petit Theft,0,0,0,1,9,High,1,1
21,African-American,Male,1,M,Battery,0,0,0,1,7,Medium,0,1
25,Hispanic,Male,0,F,Burglary Structure Unoccup,0,0,0,0,3,Low,1,1
30,African-American,Male,4,M,Battery,0,0,0,1,4,Low,0,1
30,African-American,Female,3,F,Introduce Contraband Into Jail,0,0,0,0,4,Low,1,0
23,African-American,Male,2,F,arrest case no charge,0,0,0,1,7,Medium,1,1
32,Caucasian,Male,8,F,Burglary Dwelling Occupied,1,0,0,0,4,Low,1,1
29,African-American,Male,6,F,arrest case no charge,0,0,0,1,10,High,1,1
42,Caucasian,Male,0,M,Lve/Scen/Acc/Veh/Prop/Damage,0,0,0,0,1,Low,0,1
21,African-American,Male,0,F,Possession Burglary Tools,0,0,1,1,8,High,1,1
22,African-American,Female,0,M,Battery,0,0,0,0,3,Low,0,0
45,Hispanic,Male,2,F,Sex Battery Deft 18+/Vict 11-,0,0,0,0,1,Low,1,1
29,African-American,Male,0,M,Posses/Disply Susp/Revk/Frd DL,0,0,0,0,2,Low,0,1
30,African-American,Male,6,F,arrest case no charge,0,0,0,1,5,Medium,1,1
51,African-American,Male,17,M,DUI Blood Alcohol Above 0.20,0,0,0,0,4,Low,0,1
45,Hispanic,Male,20,F,Driving While License Revoked,0,0,0,1,3,Low,1,1
24,Caucasian,Male,2,F,Possession Of Alprazolam,0,0,0,0,6,Medium,1,1
23,African-American,Male,2,M,Battery,0,0,0,0,7,Medium,0,1
36,African-American,Male,5,F,Possession of Cocaine,0,0,0,0,4,Low,1,1
69,Hispanic,Male,0,M,Battery,0,0,0,0,1,Low,0,1
21,Hispanic,Male,1,F,arrest case no charge,0,0,1,1,5,Medium,1,1
59,Hispanic,Male,1,M,License Suspended Revoked,0,0,0,0,1,Low,0,1
39,African-American,Male,1,F,arrest case no charge,0,0,0,0,6,Medium,1,1
29,African-American,Male,2,F,Burglary Conveyance Armed,0,0,0,0,6,Medium,1,1
22,Hispanic,Male,1,M,Battery,0,0,0,1,7,Medium,0,1
44,Caucasian,Male,6,F,Driving While License Revoked,0,0,0,0,3,Low,1,1
25,African-American,Male,2,F,Grand Theft (Motor Vehicle),0,0,0,0,5,Medium,1,1
31,African-American,Male,0,F,Driving While License Revoked,0,0,0,0,10,High,1,1
35,African-American,Male,17,M,Battery,0,1,0,1,7,Medium,0,1
27,African-American,Male,11,M,arrest case no charge,0,0,0,1,10,High,0,1
33,African-American,Male,1,F,Tamper With Witness/Victim/CI,0,0,0,0,5,Medium,1,1
28,African-American,Male,6,F,Carrying Concealed Firearm,0,0,0,1,9,High,1,1
60,Caucasian,Male,1,F,arrest case no charge,0,0,0,0,1,Low,1,1
53,Hispanic,Male,0,M,Battery,0,0,0,0,1,Low,0,1
51,Hispanic,Male,0,F,Live on Earnings of Prostitute,0,0,0,1,1,Low,1,1
54,African-American,Female,0,F,Aggravated Assault W/Dead Weap,0,0,0,0,1,Low,1,0
24,Caucasian,Male,3,M,Battery,1,2,0,0,4,Low,0,1
55,Hispanic,Male,1,F,arrest case no charge,0,0,0,1,2,Low,1,1
26,Hispanic,Male,0,F,Unauth Poss ID Card or DL,0,0,0,0,3,Low,1,1
75,African-American,Female,5,F,arrest case no charge,0,0,0,0,1,Low,1,0
36,African-American,Male,16,F,Driving While License Revoked,0,0,0,1,5,Medium,1,1
34,Other,Male,0,F,Battery on Law Enforc Officer,0,0,0,1,2,Low,1,1
25,African-American,Female,5,M,Viol Pretrial Release Dom Viol,0,0,0,1,7,Medium,0,0
46,Caucasian,Male,0,F,Leaving the Scene of Accident,0,0,0,0,1,Low,1,1
27,African-American,Male,1,F,arrest case no charge,0,0,0,0,2,Low,1,1
28,African-American,Male,3,M,Criminal Mischief Damage <$200,0,0,0,1,3,Low,0,1
42,African-American,Male,13,M,Prowling/Loitering,1,0,1,1,8,High,0,1
59,African-American,Male,2,M,Driving Under The Influence,0,0,0,0,1,Low,0,1
39,Caucasian,Male,1,F,Money Launder 100K or More Dols,0,0,0,0,1,Low,1,1
46,Caucasian,Male,5,M,Battery,0,0,0,0,4,Low,0,1
25,Other,Male,1,F,Fraudulent Use of Credit Card,0,0,0,0,2,Low,1,1
55,Caucasian,Male,2,F,Lewd or Lascivious Molestation,0,0,0,0,1,Low,1,1
35,African-American,Male,1,M,Petit Theft,0,0,0,1,10,High,0,1
43,African-American,Male,0,M,Battery,0,0,0,1,1,Low,0,1
53,Caucasian,Female,0,M,Driving Under The Influence,0,0,0,0,1,Low,0,0
21,African-American,Female,0,M,Battery,0,0,0,0,5,Medium,0,0
55,African-American,Male,17,F,Possession of Cocaine,0,0,0,1,10,High,1,1
27,African-American,Male,1,F,Possession of Cannabis,0,0,0,1,3,Low,1,1
40,African-American,Male,0,F,Felony Battery (Dom Strang),0,0,0,0,1,Low,1,1
37,Caucasian,Female,0,M,Lve/Scen/Acc/Veh/Prop/Damage,0,0,0,0,1,Low,0,0
32,Caucasian,Male,2,M,Battery,0,0,0,1,2,Low,0,1
32,African-American,Male,2,M,Burglary Structure Unoccup,0,0,0,0,2,Low,0,1
36,African-American,Male,4,M,Battery,0,0,0,1,5,Medium,0,1
22,Hispanic,Male,0,M,Possess Drug Paraphernalia,0,0,0,0,3,Low,0,1
31,African-American,Female,0,F,Grand Theft in the 3rd Degree,0,0,0,0,8,High,1,0
26,African-American,Female,4,F,Felony Driving While Lic Suspd,0,0,0,1,7,Medium,1,0
50,Caucasian,Female,30,M,arrest case no charge,0,0,0,1,6,Medium,0,0
47,African-American,Male,4,F,Possession of Cocaine,0,0,0,0,3,Low,1,1
36,African-American,Male,2,F,Crim Use of Personal ID Info,0,0,0,0,3,Low,1,1
38,Caucasian,Female,0,F,Child Abuse,0,0,0,0,1,Low,1,0
35,Other,Male,0,F,Grand Theft (Motor Vehicle),0,0,0,0,1,Low,1,1
53,Caucasian,Male,0,F,Child Abuse,0,0,0,0,1,Low,1,1
53,African-American,Male,2,F,Felony Driving While Lic Suspd,0,0,0,0,3,Low,1,1
57,African-American,Male,19,F,Felony Battery w/Prior Convict,0,0,0,0,7,Medium,1,1
22,African-American,Male,5,F,arrest case no charge,0,0,0,1,8,High,1,1
21,African-American,Male,0,F,Grand Theft in the 3rd Degree,0,0,0,1,10,High,1,1
26,African-American,Male,0,F,Carrying Concealed Firearm,0,0,0,1,3,Low,1,1
27,African-American,Male,2,F,Agg Battery Grt/Bod/Harm,0,0,0,0,5,Medium,1,1
49,Caucasian,Female,4,F,arrest case no charge,0,0,0,0,5,Medium,1,0
47,Caucasian,Male,1,F,Possession of Cocaine,0,0,0,1,3,Low,1,1
30,African-American,Male,8,F,Possession of Cocaine,0,0,0,1,10,High,1,1
44,Caucasian,Male,3,F,Possession of Cocaine,0,0,0,0,1,Low,1,1
34,African-American,Male,1,F,Aggravated Assault W/dead Weap,0,0,0,0,1,Low,1,1
45,African-American,Male,10,F,Aggrav Battery w/Deadly Weapon,0,0,0,1,3,Low,1,1
38,Hispanic,Male,0,F,Burglary Conveyance Unoccup,0,0,0,0,4,Low,1,1
50,Caucasian,Male,2,M,Battery,0,0,0,0,1,Low,0,1
29,Caucasian,Male,1,M,Battery,0,0,0,0,6,Medium,0,1
26,Caucasian,Male,0,F,"Deliver 3,4 Methylenediox",0,0,0,0,4,Low,1,1
22,African-American,Female,1,F,Grand Theft in the 3rd Degree,0,0,0,1,6,Medium,1,0
47,Hispanic,Male,0,M,DUI Level 0.15 Or Minor In Veh,0,0,0,0,1,Low,0,1
49,Caucasian,Male,0,F,Possession of Cocaine,0,0,0,0,1,Low,1,1
49,African-American,Male,1,F,Resist Officer w/Violence,0,0,0,1,3,Low,1,1
59,Caucasian,Male,2,F,arrest case no charge,0,0,0,0,1,Low,1,1
32,Caucasian,Male,6,M,Battery,0,0,0,0,5,Medium,0,1
24,African-American,Male,1,M,Susp Drivers Lic 1st Offense,0,0,2,1,2,Low,0,1
40,Hispanic,Male,0,M,DUI - Enhanced,0,0,0,0,2,Low,0,1
32,African-American,Male,0,F,False Imprisonment,0,0,0,0,1,Low,1,1
54,Hispanic,Female,0,M,DUI Level 0.15 Or Minor In Veh,0,0,0,0,1,Low,0,0
27,African-American,Male,9,F,arrest case no charge,0,0,1,1,10,High,1,1
25,Caucasian,Male,2,M,Opert With Susp DL 2nd Offens,0,0,0,0,8,High,0,1
20,Caucasian,Male,0,M,Battery,0,0,0,1,5,Medium,0,1
37,African-American,Male,18,M,Battery,2,0,0,0,9,High,0,1
30,Caucasian,Female,5,F,Tampering With Physical Evidence,0,0,0,1,10,High,1,0
23,African-American,Male,1,F,Unauth Poss ID Card or DL,0,0,0,1,6,Medium,1,1
20,African-American,Female,0,F,Grand Theft in the 3rd Degree,0,0,0,0,8,High,1,0
50,Caucasian,Male,8,F,arrest case no charge,0,0,0,0,2,Low,1,1
50,African-American,Male,7,F,Aggrav Battery w/Deadly Weapon,0,0,0,0,2,Low,1,1
40,Caucasian,Male,3,F,Felony Driving While Lic Suspd,0,0,0,0,1,Low,1,1
24,Caucasian,Female,2,F,arrest case no charge,0,0,0,0,7,Medium,1,0
24,Hispanic,Male,0,F,Felony Battery,0,0,0,1,6,Medium,1,1
23,African-American,Female,3,F,arrest case no charge,0,0,0,1,5,Medium,1,0
54,Caucasian,Male,3,M,Operating W/O Valid License,0,0,0,1,1,Low,0,1
25,Caucasian,Male,4,M,Possess Cannabis/20 Grams Or Less,0,0,2,0,10,High,0,1
46,Caucasian,Male,1,M,Viol Pretrial Release Dom Viol,0,0,0,0,1,Low,0,1
25,Other,Male,1,F,Burglary Unoccupied Dwelling,0,0,0,0,5,Medium,1,1
22,Caucasian,Female,0,M,Disorderly Conduct,0,0,0,0,3,Low,0,0
32,Caucasian,Female,1,F,Tamper With Witness/Victim/CI,0,0,0,0,2,Low,1,0
25,African-American,Male,0,M,Resist/Obstruct W/O Violence,0,0,0,1,3,Low,0,1
33,African-American,Male,16,F,Driving While License Revoked,0,0,0,1,9,High,1,1
33,African-American,Male,4,M,Battery,0,0,0,1,5,Medium,0,1
24,African-American,Male,0,F,Poss Unlaw Issue Driver Licenc,0,0,0,0,2,Low,1,1
33,African-American,Male,12,M,Battery,0,0,1,1,9,High,0,1
37,Caucasian,Male,0,M,Susp Drivers Lic 1st Offense,0,0,0,0,2,Low,0,1
40,Caucasian,Female,0,M,Battery,0,0,0,0,1,Low,0,0
43,African-American,Male,9,F,Felony Battery,0,0,0,1,6,Medium,1,1
35,African-American,Male,5,F,Driving While License Revoked,0,0,0,1,6,Medium,1,1
25,African-American,Male,11,F,Grand Theft in the 3rd Degree,0,1,0,1,9,High,1,1
61,African-American,Male,1,F,Felony Driving While Lic Suspd,0,0,0,1,1,Low,1,1
52,African-American,Female,1,F,Uttering a Forged Instrument,0,0,0,0,1,Low,1,0
39,African-American,Male,1,M,Possess Cannabis/20 Grams Or Less,0,0,0,1,2,Low,0,1
47,African-American,Male,5,F,arrest case no charge,0,0,0,0,4,Low,1,1
52,Caucasian,Female,6,M,Theft/To Deprive,0,0,0,0,7,Medium,0,0
37,Caucasian,Male,0,M,Battery,0,0,0,0,1,Low,0,1
24,African-American,Female,0,F,Retail Theft $300 1st Offense,0,0,0,0,7,Medium,1,0
34,African-American,Female,14,F,Crim Use of Personal ID Info,0,0,0,0,9,High,1,0
20,Other,Male,0,M,Burglary Dwelling Occupied,0,0,0,1,4,Low,0,1
25,Caucasian,Male,1,M,Possess Cannabis/20 Grams Or Less,0,0,0,1,3,Low,0,1
62,Caucasian,Female,0,M,Lve/Scen/Acc/Veh/Prop/Damage,0,0,0,0,1,Low,0,0
23,Caucasian,Male,0,F,arrest case no charge,0,0,0,1,3,Low,1,1
60,Caucasian,Female,0,F,Grand Theft in the 3rd Degree,0,0,0,0,7,Medium,1,0
35,Caucasian,Male,0,M,Battery,0,0,0,0,1,Low,0,1
24,African-American,Female,0,F,Grand Theft in the 3rd Degree,0,0,0,0,7,Medium,1,0
30,Caucasian,Male,0,M,Driving Under The Influence,0,0,0,0,1,Low,0,1
35,Caucasian,Male,4,F,Felony Driving While Lic Suspd,0,0,0,1,5,Medium,1,1
28,Caucasian,Female,0,M,Intoxicated/Safety Of Another,0,0,0,0,4,Low,0,0
56,African-American,Male,0,F,Neglect/Abuse Elderly Person,0,0,0,0,1,Low,1,1
23,African-American,Male,2,F,Traffick Amphetamine 28g><200g,0,0,0,1,2,Low,1,1
20,Hispanic,Male,0,F,Burglary Unoccupied Dwelling,0,0,0,1,3,Low,1,1
23,Caucasian,Male,1,M,Battery,0,1,0,0,2,Low,0,1
21,African-American,Male,0,F,Burglary Unoccupied Dwelling,0,0,0,1,9,High,1,1
35,African-American,Female,2,F,arrest case no charge,0,0,0,0,5,Medium,1,0
33,Caucasian,Male,3,M,Susp Drivers Lic 1st Offense,0,0,0,0,3,Low,0,1
21,Hispanic,Male,0,F,Uttering a Forged Instrument,0,0,0,0,4,Low,1,1
41,African-American,Male,9,M,Poss Of Controlled Substance,2,1,0,0,9,High,0,1
24,African-American,Male,0,F,Burglary Conveyance Unoccup,0,0,0,0,5,Medium,1,1
20,Hispanic,Male,2,F,Burglary Conveyance Unoccup,0,0,0,1,10,High,1,1
28,African-American,Male,9,F,"Poss3,4 Methylenedioxymethcath",0,0,0,1,8,High,1,1
25,Native American,Male,7,F,Burglary Conveyance Assault/Bat,0,0,0,0,9,High,1,1
49,African-American,Male,3,F,Possession of Cocaine,0,0,0,0,2,Low,1,1
22,Hispanic,Female,0,F,Grand Theft in the 3rd Degree,0,0,0,0,6,Medium,1,0
21,African-American,Male,0,F,Burglary Conveyance Unoccup,0,0,0,1,3,Low,1,1
27,African-American,Female,3,F,Grand Theft (Motor Vehicle),0,0,0,1,9,High,1,0
50,African-American,Male,4,M,Assault,0,0,0,0,5,Medium,0,1
23,African-American,Female,0,M,Battery,0,0,0,0,3,Low,0,0
34,Caucasian,Male,0,M,Battery,0,0,0,0,4,Low,0,1
25,African-American,Male,4,F,Robbery / No Weapon,0,0,1,1,5,Medium,1,1
33,Caucasian,Female,2,F,Criminal Mischief,0,0,0,1,5,Medium,1,0
25,Other,Male,1,M,Battery,0,0,0,1,4,Low,0,1
30,Hispanic,Male,0,M,Battery,0,0,0,0,1,Low,0,1
42,Native American,Male,0,M,Driving License Suspended,0,0,0,0,2,Low,0,1
29,Caucasian,Female,11,F,Possession of Cocaine,0,0,0,1,10,High,1,0
32,African-American,Female,6,F,arrest case no charge,0,0,0,1,4,Low,1,0
24,Other,Male,5,F,Possession of Cannabis,0,0,0,0,6,Medium,1,1
52,African-American,Male,3,F,arrest case no charge,0,0,0,0,1,Low,1,1
26,Caucasian,Female,3,M,Battery,0,0,0,0,3,Low,0,0
31,Caucasian,Male,2,F,Possession of Cocaine,0,0,0,1,3,Low,1,1
38,Hispanic,Male,0,F,Felony Battery (Dom Strang),0,0,0,0,1,Low,1,1
30,Caucasian,Female,0,F,Possession of Cocaine,0,0,0,0,5,Medium,1,0
20,African-American,Male,0,M,Battery,0,0,0,1,10,High,0,1
24,Asian,Male,0,F,Unauth Poss ID Card or DL,0,0,0,0,3,Low,1,1
31,Caucasian,Male,0,F,Del of JWH-250 2-Methox 1-Pentyl,0,0,0,0,4,Low,1,1
37,Caucasian,Female,1,M,Driving Under The Influence,0,0,0,0,3,Low,0,0
43,Hispanic,Male,0,M,Battery,0,0,0,1,2,Low,0,1
49,Caucasian,Male,8,F,Felony DUI (level 3),0,0,0,1,6,Medium,1,1
33,African-American,Female,1,F,"Poss3,4 Methylenedioxymethcath",0,0,0,0,2,Low,1,0
42,African-American,Male,0,M,Leaving Acc/Unattended Veh,0,0,0,0,1,Low,0,1
44,Caucasian,Male,0,F,Unauthorized Interf w/Railroad,0,0,0,1,2,Low,1,1
28,African-American,Male,5,F,arrest case no charge,0,0,0,1,6,Medium,1,1
32,African-American,Male,4,F,arrest case no charge,0,0,0,1,6,Medium,1,1
28,African-American,Male,7,F,Aggravated Assault W/Dead Weap,0,0,0,1,7,Medium,1,1
38,Caucasian,Male,0,F,Aggravated Assault W/dead Weap,0,0,0,0,4,Low,1,1
38,African-American,Male,3,F,Manufacture Cannabis,0,0,0,0,4,Low,1,1
34,African-American,Female,0,M,Battery,0,0,0,0,3,Low,0,0
21,Caucasian,Male,1,F,Possession of Cannabis,0,0,0,1,6,Medium,1,1
36,African-American,Male,1,F,Possession of Cocaine,0,0,0,1,8,High,1,1
29,African-American,Male,0,M,Aggravated Battery,0,0,0,1,2,Low,0,1
34,African-American,Male,3,F,Possession of Cocaine,0,0,1,1,6,Medium,1,1
38,African-American,Male,1,M,arrest case no charge,0,0,0,0,2,Low,0,1
36,Caucasian,Male,0,F,False Imprisonment,0,0,0,0,1,Low,1,1
32,Hispanic,Male,0,M,Battery,0,0,0,0,2,Low,0,1
23,African-American,Male,0,M,Battery,0,0,0,0,9,High,0,1
47,Caucasian,Male,0,M,DUI Property Damage/Injury,0,0,0,0,1,Low,0,1
20,African-American,Male,0,F,Carrying Concealed Firearm,0,0,0,0,3,Low,1,1
25,African-American,Female,2,F,Battery on Law Enforc Officer,0,0,0,1,8,High,1,0
35,African-American,Male,0,M,Battery,0,0,0,0,1,Low,0,1
28,Caucasian,Female,1,M,Battery,0,0,0,0,4,Low,0,0
24,African-American,Male,2,M,arrest case no charge,0,0,0,1,5,Medium,0,1
22,African-American,Male,0,F,Felony Battery (Dom Strang),0,0,0,0,9,High,1,1
20,Other,Male,8,F,Driving While License Revoked,0,8,1,1,10,High,1,1
40,Hispanic,Male,0,M,Solic to Commit Battery,0,0,0,0,1,Low,0,1
27,Other,Male,1,F,Felony Battery (Dom Strang),0,0,0,0,4,Low,1,1
60,African-American,Male,12,F,Driving While License Revoked,0,0,0,0,3,Low,1,1
33,African-American,Male,6,M,Battery,0,0,0,0,5,Medium,0,1
34,African-American,Male,2,M,Battery,0,0,0,1,4,Low,0,1
24,Caucasian,Male,4,M,Battery,0,0,0,0,8,High,0,1
27,African-American,Male,0,M,Battery,0,0,0,1,2,Low,0,1
29,African-American,Male,4,F,Carjacking with a Firearm,1,1,1,1,10,High,1,1
21,Caucasian,Male,1,F,Deliver Cannabis,1,0,1,1,7,Medium,1,1
32,Hispanic,Male,0,M,Battery,0,0,0,0,1,Low,0,1
42,Caucasian,Female,0,F,Possession of Cocaine,0,0,0,1,1,Low,1,0
32,African-American,Male,1,F,Felony Driving While Lic Suspd,0,0,0,0,4,Low,1,1
27,Other,Male,0,F,Robbery / Weapon,0,0,0,0,1,Low,1,1
30,Caucasian,Male,3,M,Battery,0,0,0,0,4,Low,0,1
22,African-American,Male,1,F,arrest case no charge,0,0,0,1,3,Low,1,1
20,Caucasian,Male,0,M,Battery,0,0,0,1,10,High,0,1
57,Caucasian,Male,0,M,Battery,0,0,0,0,2,Low,0,1
51,Caucasian,Male,3,F,Felony Battery (Dom Strang),0,0,0,1,1,Low,1,1
21,African-American,Male,0,F,Grand Theft in the 3rd Degree,0,0,0,0,4,Low,1,1
22,African-American,Male,0,F,Grand Theft (Motor Vehicle),0,0,0,0,5,Medium,1,1
35,African-American,Male,4,F,Tampering With Physical Evidence,0,0,0,1,8,High,1,1
58,Caucasian,Male,2,F,Battery on Law Enforc Officer,0,0,0,0,3,Low,1,1
32,Caucasian,Female,0,F,Child Abuse,0,0,0,1,1,Low,1,0
30,Caucasian,Male,9,M,Petit Theft,0,0,0,1,6,Medium,0,1
20,African-American,Male,0,F,Burglary Unoccupied Dwelling,0,0,0,1,10,High,1,1
40,Other,Male,0,M,Battery,0,0,0,0,1,Low,0,1
45,Caucasian,Female,5,M,DUI - Enhanced,0,0,0,0,2,Low,0,0
31,African-American,Male,4,F,arrest case no charge,0,0,0,1,3,Low,1,1
23,Hispanic,Male,4,F,Possession Of Alprazolam,0,0,0,0,9,High,1,1
26,Hispanic,Male,0,M,Petit Theft,0,0,0,1,5,Medium,0,1
53,Caucasian,Female,1,M,Battery,0,0,0,0,3,Low,0,0
44,Caucasian,Male,0,M,Possession of Cannabis,0,0,0,0,1,Low,0,1
44,Caucasian,Female,1,M,Driving Under The Influence,0,0,0,0,5,Medium,0,0
21,Caucasian,Male,0,F,Obstruct Fire Equipment,0,0,0,1,2,Low,1,1
28,African-American,Male,0,M,DUI Property Damage/Injury,0,0,0,0,1,Low,0,1
28,Caucasian,Male,2,M,Battery,0,0,0,0,1,Low,0,1
24,African-American,Male,0,F,Possession Burglary Tools,0,0,0,1,3,Low,1,1
28,African-American,Male,0,F,"Poss3,4 Methylenedioxymethcath",0,0,0,0,2,Low,1,1
53,Caucasian,Male,4,F,Possession of Cocaine,0,0,0,0,1,Low,1,1
47,Hispanic,Male,1,F,arrest case no charge,0,0,0,0,5,Medium,1,1
20,African-American,Male,1,F,"Poss3,4 Methylenedioxymethcath",0,0,0,0,3,Low,1,1
21,African-American,Male,0,M,Culpable Negligence,0,0,0,0,6,Medium,0,1
30,Other,Male,1,F,Aggravated Assault W/Dead Weap,0,0,0,1,2,Low,1,1
37,Caucasian,Male,1,M,Battery,0,0,0,1,1,Low,0,1
60,Hispanic,Male,1,F,Aggravated Assault W/dead Weap,0,0,0,0,1,Low,1,1
26,Hispanic,Male,1,M,Battery,0,0,0,1,2,Low,0,1
30,Caucasian,Male,0,M,Battery,0,0,0,0,1,Low,0,1
26,Caucasian,Male,2,F,arrest case no charge,0,0,0,1,8,High,1,1
26,African-American,Female,5,F,Poss Pyrrolidinovalerophenone,0,0,0,1,9,High,1,0
21,Hispanic,Male,0,F,Possession of Cocaine,0,0,0,0,5,Medium,1,1
39,African-American,Female,1,F,arrest case no charge,0,0,0,0,2,Low,1,0
30,Other,Male,0,F,Felony Battery (Dom Strang),0,0,0,0,2,Low,1,1
44,African-American,Male,2,F,arrest case no charge,0,0,0,0,5,Medium,1,1
45,Caucasian,Male,0,M,Battery,0,0,0,0,2,Low,0,1
30,African-American,Male,1,F,Grand Theft in the 3rd Degree,0,0,0,0,1,Low,1,1
38,Asian,Male,2,F,Aggravated Assault W/Dead Weap,0,0,0,0,1,Low,1,1
23,Caucasian,Male,6,F,Deliver Cannabis,0,0,0,1,5,Medium,1,1
46,Asian,Male,0,M,Battery,0,0,0,0,1,Low,0,1
42,African-American,Male,0,F,Felony Driving While Lic Suspd,0,0,0,0,1,Low,1,1
54,Caucasian,Male,4,M,Criminal Mischief>$200<$1000,0,0,0,0,2,Low,0,1
47,African-American,Male,7,F,Felony Driving While Lic Suspd,0,0,0,1,1,Low,1,1
26,Caucasian,Male,0,F,Delivery of Heroin,0,0,0,1,7,Medium,1,1
29,Caucasian,Male,7,M,Battery,0,0,0,1,10,High,0,1
51,Caucasian,Male,7,F,Burglary Conveyance Unoccup,0,0,0,1,1,Low,1,1
44,African-American,Male,0,M,Battery,0,0,0,0,1,Low,0,1
49,Caucasian,Male,12,M,Possess Cannabis/20 Grams Or Less,0,0,0,0,5,Medium,0,1
22,African-American,Male,0,F,Poss Cocaine/Intent To Del/Sel,0,0,0,1,8,High,1,1
32,African-American,Male,4,M,Susp Drivers Lic 1st Offense,0,0,0,1,4,Low,0,1
27,African-American,Male,0,M,Battery,0,0,0,0,3,Low,0,1
30,Caucasian,Male,0,M,DUI - Property Damage/Personal Injury,0,0,0,0,2,Low,0,1
28,Hispanic,Male,11,M,Battery,0,0,0,0,7,Medium,0,1
45,Other,Male,0,M,Battery,0,0,0,0,1,Low,0,1
51,Caucasian,Female,5,F,arrest case no charge,0,0,0,0,5,Medium,1,0
27,African-American,Male,4,F,Grand Theft in the 3rd Degree,0,0,0,1,2,Low,1,1
32,African-American,Male,0,F,Tampering With Physical Evidence,0,0,0,1,7,Medium,1,1
43,African-American,Male,2,F,arrest case no charge,0,0,0,0,3,Low,1,1
37,Caucasian,Male,2,F,Leaving the Scene of Accident,0,0,0,0,2,Low,1,1
26,African-American,Male,0,F,Burglary Conveyance Unoccup,0,0,0,1,4,Low,1,1
26,African-American,Male,0,M,Battery,0,0,0,0,2,Low,0,1
32,Other,Male,4,F,Possession of Oxycodone,0,0,0,0,3,Low,1,1
39,Hispanic,Male,3,F,arrest case no charge,0,0,0,0,4,Low,1,1
58,African-American,Female,4,F,Grand Theft in the 3rd Degree,0,0,0,0,1,Low,1,0
33,Other,Male,0,M,Battery,0,0,0,0,2,Low,0,1
22,Caucasian,Female,1,M,Driving Under The Influence,0,0,1,0,3,Low,0,0
21,African-American,Male,2,F,Possession of Cocaine,2,0,1,1,10,High,1,1
31,Caucasian,Male,0,F,Grand Theft (Motor Vehicle),0,0,0,1,7,Medium,1,1
43,Caucasian,Male,2,F,arrest case no charge,0,0,0,0,1,Low,1,1
23,African-American,Male,0,M,Battery,0,0,0,0,7,Medium,0,1
25,Caucasian,Male,0,F,Grand Theft in the 3rd Degree,0,0,0,0,2,Low,1,1
22,African-American,Male,6,F,arrest case no charge,0,0,0,0,9,High,1,1
30,African-American,Male,6,F,Poss of Methylethcathinone,0,0,0,0,4,Low,1,1
25,African-American,Male,15,F,"Poss3,4 Methylenedioxymethcath",0,3,1,1,9,High,1,1
20,African-American,Male,0,F,Pos Cannabis W/Intent Sel/Del,0,0,1,1,7,Medium,1,1
39,Hispanic,Male,0,F,"Poss3,4 Methylenedioxymethcath",0,0,0,0,1,Low,1,1
33,African-American,Male,1,F,Corrupt Public Servant,0,0,0,1,2,Low,1,1
59,African-American,Male,1,F,Possession of Cocaine,0,0,0,0,4,Low,1,1
21,Hispanic,Male,1,F,arrest case no charge,0,0,2,0,9,High,1,1
53,African-American,Male,8,F,Possession of Cocaine,0,0,0,1,6,Medium,1,1
34,Caucasian,Male,2,M,arrest case no charge,0,0,0,0,2,Low,0,1
36,Caucasian,Male,6,F,Possession Of Buprenorphine,0,0,0,0,4,Low,1,1
23,African-American,Male,0,F,Possession Burglary Tools,0,0,0,0,3,Low,1,1
32,African-American,Male,2,M,arrest case no charge,0,0,0,0,8,High,0,1
32,African-American,Male,11,M,arrest case no charge,0,0,0,1,9,High,0,1
66,Other,Male,0,M,Fleeing Or Attmp Eluding A Leo,0,0,0,0,1,Low,0,1
24,Caucasian,Female,0,M,Battery,0,0,0,0,6,Medium,0,0
30,African-American,Male,7,F,Pos Cannabis W/Intent Sel/Del,0,0,0,1,10,High,1,1
28,African-American,Male,1,M,Battery,0,0,0,0,7,Medium,0,1
43,Caucasian,Male,4,F,Burglary Dwelling Occupied,0,0,0,1,5,Medium,1,1
35,African-American,Male,3,M,Battery,0,0,0,0,2,Low,0,1
19,African-American,Male,2,F,arrest case no charge,3,0,0,1,8,High,1,1
22,African-American,Male,1,M,Battery,0,0,0,1,6,Medium,0,1
29,African-American,Male,0,F,Tampering With Physical Evidence,0,0,0,0,1,Low,1,1
23,African-American,Female,0,M,Battery,0,0,0,0,4,Low,0,0
33,Caucasian,Female,0,M,Offer Agree Secure For Lewd Act,0,0,0,0,2,Low,0,0
35,African-American,Male,1,M,Prostitution/Lewdness/Assign,0,0,0,0,4,Low,0,1
53,Caucasian,Male,0,F,Possession Of Alprazolam,0,0,0,0,1,Low,1,1
59,Caucasian,Male,17,F,arrest case no charge,0,0,0,1,6,Medium,1,1
48,Caucasian,Female,0,M,Battery,0,0,0,0,1,Low,0,0
33,African-American,Female,1,F,Neglect Child / Bodily Harm,0,0,0,0,2,Low,1,0
44,Caucasian,Male,0,M,Susp Drivers Lic 1st Offense,0,0,0,0,1,Low,0,1
31,Caucasian,Male,10,F,Driving While License Revoked,0,0,0,1,2,Low,1,1
28,African-American,Male,2,F,Att Tamper w/Physical Evidence,0,0,1,1,4,Low,1,1
51,Hispanic,Male,1,F,Possession Burglary Tools,0,0,0,0,1,Low,1,1
23,African-American,Male,0,F,Burglary Structure Unoccup,0,0,0,1,7,Medium,1,1
21,Hispanic,Male,0,F,"Deliver 3,4 Methylenediox",0,0,0,0,7,Medium,1,1
26,Caucasian,Male,0,F,Poss Contr Subst W/o Prescript,0,0,0,0,5,Medium,1,1
22,African-American,Male,3,F,Possession of Benzylpiperazine,0,3,0,0,9,High,1,1
29,African-American,Male,0,M,Battery,0,0,0,0,2,Low,0,1
20,African-American,Male,2,F,Burglary Unoccupied Dwelling,0,1,1,1,9,High,1,1
44,Caucasian,Male,0,M,Battery,0,0,0,0,1,Low,0,1
41,African-American,Male,2,F,arrest case no charge,0,0,0,0,5,Medium,1,1
28,African-American,Female,4,F,"Poss3,4 Methylenedioxymethcath",0,0,1,0,4,Low,1,0
27,Caucasian,Male,1,M,Susp Drivers Lic 1st Offense,0,0,0,1,6,Medium,0,1
31,Caucasian,Male,7,M,Exposes Culpable Negligence,0,0,0,0,3,Low,0,1
26,African-American,Male,3,F,Crimin Mischief Damage $1000+,0,0,0,1,3,Low,1,1
20,African-American,Male,0,F,Tampering With Physical Evidence,0,0,2,0,4,Low,1,1
55,Caucasian,Male,2,M,Battery,0,0,0,1,1,Low,0,1
36,African-American,Male,0,F,Driving While License Revoked,0,0,0,0,8,High,1,1
48,Other,Male,4,F,Grand Theft (Motor Vehicle),0,0,0,1,1,Low,1,1
22,Other,Male,5,F,arrest case no charge,0,0,0,1,4,Low,1,1
23,African-American,Male,1,M,Battery,1,0,0,0,9,High,0,1
34,African-American,Male,19,F,False Ownership Info/Pawn Item,0,2,1,1,10,High,1,1
59,Caucasian,Female,1,F,Grand Theft in the 1st Degree,0,0,0,0,1,Low,1,0
37,Caucasian,Male,0,F,Cruelty Toward Child,0,0,0,1,2,Low,1,1
28,Caucasian,Female,0,F,Possession of Cocaine,0,0,0,1,4,Low,1,0
31,African-American,Male,0,F,Grand Theft (Motor Vehicle),0,0,0,0,2,Low,1,1
38,African-American,Female,14,F,Possession of Cocaine,0,0,0,1,10,High,1,0
33,African-American,Male,0,F,Possession of Cannabis,0,0,0,1,1,Low,1,1
27,African-American,Male,3,F,Grand Theft in the 3rd Degree,0,0,0,1,8,High,1,1
25,Caucasian,Male,2,M,Resist/Obstruct W/O Violence,0,0,0,1,4,Low,0,1
42,African-American,Female,2,F,Burglary With Assault/battery,0,0,0,0,2,Low,1,0
22,African-American,Male,3,F,Uttering a Forged Instrument,0,0,0,1,8,High,1,1
21,Other,Male,0,F,Att Burgl Unoccupied Dwel,0,0,0,0,6,Medium,1,1
45,Caucasian,Male,1,F,Robbery / No Weapon,0,0,0,1,5,Medium,1,1
21,African-American,Female,1,M,Trespass Struct/Conveyance,0,0,0,1,3,Low,0,0
52,Caucasian,Male,2,M,Tresspass Struct/Conveyance,0,0,0,0,1,Low,0,1
29,Caucasian,Male,0,M,Battery,0,0,0,0,3,Low,0,1
37,African-American,Female,0,M,Prostitution/Lewd Act Assignation,0,0,0,0,4,Low,0,0
34,Caucasian,Male,0,F,Aggravated Assault w/Firearm,0,0,1,0,2,Low,1,1
53,African-American,Male,0,M,Battery,0,0,0,1,1,Low,0,1
30,African-American,Female,8,F,Robbery / No Weapon,0,0,0,1,8,High,1,0
35,Hispanic,Male,0,M,Reckless Driving,0,0,0,0,3,Low,0,1
28,Caucasian,Male,1,F,Aggravated Assault W/dead Weap,0,0,0,0,4,Low,1,1
21,African-American,Male,1,F,Grand Theft Dwell Property,0,0,0,0,8,High,1,1
22,African-American,Male,1,F,Possession of Cannabis,0,0,0,0,7,Medium,1,1
42,Caucasian,Male,1,M,Battery,0,0,0,1,3,Low,0,1
26,African-American,Male,3,F,Possession of Cannabis,0,0,0,1,4,Low,1,1
54,African-American,Male,9,M,arrest case no charge,0,0,0,0,1,Low,0,1
39,Other,Male,1,F,"Poss3,4 Methylenedioxymethcath",0,0,0,1,2,Low,1,1
30,African-American,Male,20,F,Felony Battery w/Prior Convict,2,0,0,1,9,High,1,1
26,African-American,Female,1,F,Grand Theft in the 3rd Degree,0,0,0,1,6,Medium,1,0
41,African-American,Male,0,M,Assault,0,0,0,0,1,Low,0,1
23,Caucasian,Male,5,M,Viol Injunct Domestic Violence,1,0,1,1,5,Medium,0,1
43,Caucasian,Male,1,F,Felony Battery (Dom Strang),0,0,0,1,2,Low,1,1
22,African-American,Male,0,M,Susp Drivers Lic 1st Offense,0,0,0,1,3,Low,0,1
27,Caucasian,Female,6,F,Grand Theft in the 3rd Degree,0,0,0,1,3,Low,1,0
42,African-American,Female,2,M,arrest case no charge,0,0,0,0,3,Low,0,0
25,African-American,Male,8,F,Grand Theft in the 3rd Degree,0,0,0,1,6,Medium,1,1
49,African-American,Male,4,M,Battery,0,0,0,0,2,Low,0,1
52,Caucasian,Male,1,F,Felony Driving While Lic Suspd,0,0,0,0,1,Low,1,1
60,Caucasian,Female,2,F,Aggrav Battery w/Deadly Weapon,0,0,0,0,1,Low,1,0
23,African-American,Female,0,M,Battery,0,0,0,0,6,Medium,0,0
30,African-American,Male,2,M,Driving License Suspended,0,0,0,0,7,Medium,0,1
48,African-American,Male,9,F,arrest case no charge,0,0,0,1,6,Medium,1,1
32,African-American,Male,2,F,Driving While License Revoked,0,0,0,1,7,Medium,1,1
28,Hispanic,Male,3,F,Felony Battery (Dom Strang),0,0,1,1,3,Low,1,1
24,African-American,Male,5,F,Felony Driving While Lic Suspd,0,0,0,1,7,Medium,1,1
22,African-American,Male,3,F,arrest case no charge,0,0,0,1,5,Medium,1,1
44,African-American,Male,2,F,Felony Driving While Lic Suspd,0,0,0,0,2,Low,1,1
32,Caucasian,Male,3,F,Felony Battery w/Prior Convict,0,0,0,0,4,Low,1,1
27,African-American,Female,1,M,Battery,0,0,0,0,2,Low,0,0
52,African-American,Male,15,M,Driving Under The Influence,0,0,0,1,4,Low,0,1
61,Caucasian,Male,3,M,Battery,0,0,0,1,2,Low,0,1
69,African-American,Male,3,M,Battery,0,0,0,0,1,Low,0,1
51,Other,Male,2,F,Grand Theft in the 3rd Degree,0,0,0,0,1,Low,1,1
21,Caucasian,Female,1,F,Grand Theft in the 3rd Degree,0,0,0,0,6,Medium,1,0
31,Caucasian,Male,2,M,Possess Cannabis/20 Grams Or Less,1,0,0,1,6,Medium,0,1
19,African-American,Male,3,F,Grand Theft in the 3rd Degree,0,2,0,1,4,Low,1,1
24,African-American,Male,12,M,arrest case no charge,0,5,0,1,9,High,0,1
24,Caucasian,Male,3,F,Grand Theft in the 3rd Degree,0,0,0,1,8,High,1,1
57,Hispanic,Male,3,F,Driving While License Revoked,0,0,0,0,1,Low,1,1
30,Caucasian,Male,6,F,arrest case no charge,0,0,0,0,7,Medium,1,1
43,African-American,Male,4,F,Sound Articles Over 100,0,0,0,1,1,Low,1,1
24,African-American,Male,4,F,Grand Theft in the 3rd Degree,0,0,1,0,7,Medium,1,1
30,Caucasian,Female,7,M,arrest case no charge,0,0,0,0,7,Medium,0,0
25,African-American,Male,5,F,Live on Earnings of Prostitute,0,0,0,1,9,High,1,1
56,Caucasian,Female,1,F,Felony DUI (level 3),0,0,0,0,8,High,1,0
21,African-American,Male,1,F,arrest case no charge,0,0,0,0,8,High,1,1
31,African-American,Male,6,F,Resist Officer w/Violence,3,0,0,1,10,High,1,1
23,African-American,Female,1,F,arrest case no charge,0,0,0,0,9,High,1,0
30,African-American,Male,15,F,Burglary Unoccupied Dwelling,1,0,2,1,10,High,1,1
42,Other,Male,1,M,DUI Level 0.15 Or Minor In Veh,0,0,0,0,1,Low,0,1
64,Caucasian,Male,0,F,Sex Offender Fail Comply W/Law,0,0,0,0,3,Low,1,1
21,Caucasian,Female,0,F,Grand Theft in the 3rd Degree,0,0,0,1,6,Medium,1,0
36,African-American,Male,5,F,arrest case no charge,0,0,0,0,3,Low,1,1
50,African-American,Female,1,F,arrest case no charge,0,0,0,0,1,Low,1,0
23,African-American,Male,0,M,Battery,0,0,0,1,3,Low,0,1
28,Native American,Male,2,F,"Poss3,4 Methylenedioxymethcath",0,0,0,0,3,Low,1,1
25,Caucasian,Female,5,F,Possession Of Alprazolam,0,0,0,0,7,Medium,1,0
54,Caucasian,Male,14,M,Battery,0,0,0,1,4,Low,0,1
37,Other,Male,6,M,Battery,0,0,0,0,1,Low,0,1
25,Caucasian,Male,5,M,arrest case no charge,0,0,1,1,9,High,0,1
63,Caucasian,Male,0,M,Battery,0,0,0,1,1,Low,0,1
35,African-American,Male,2,M,Assault,0,0,0,0,7,Medium,0,1
26,Hispanic,Male,0,M,Battery,0,0,0,1,1,Low,0,1
25,African-American,Male,8,M,Battery,0,0,0,1,10,High,0,1
33,Caucasian,Male,0,M,Battery,0,0,0,0,1,Low,0,1
29,African-American,Male,7,F,arrest case no charge,0,0,0,0,3,Low,1,1
27,Hispanic,Male,2,M,Possess Cannabis/20 Grams Or Less,0,0,0,0,4,Low,0,1
37,African-American,Male,12,M,Disorderly Intoxication,1,0,1,1,9,High,0,1
20,Caucasian,Female,3,M,Battery,0,2,1,1,10,High,0,0
32,African-American,Male,1,F,Pos Cannabis W/Intent Sel/Del,0,0,0,1,2,Low,1,1
72,Caucasian,Male,1,M,Driving Under The Influence,0,0,0,0,1,Low,0,1
38,Caucasian,Male,0,F,Possession of Cocaine,0,0,0,0,1,Low,1,1
40,Caucasian,Male,0,F,Possession of Cocaine,0,0,0,0,2,Low,1,1
23,Caucasian,Male,0,F,Burglary Conveyance Unoccup,0,0,0,0,3,Low,1,1
21,Caucasian,Male,5,F,Poss Pyrrolidinovalerophenone,0,0,0,1,8,High,1,1
27,Caucasian,Male,4,F,"Poss3,4 Methylenedioxymethcath",0,0,0,1,7,Medium,1,1
55,Caucasian,Male,13,F,Possession of Cocaine,0,0,0,1,6,Medium,1,1
41,Caucasian,Female,0,M,Battery,0,0,0,0,1,Low,0,0
56,Caucasian,Male,1,M,Battery,0,0,0,0,1,Low,0,1
55,Caucasian,Male,11,M,arrest case no charge,0,0,0,0,7,Medium,0,1
23,Hispanic,Female,0,F,Possession of Cocaine,0,0,0,1,6,Medium,1,0
28,African-American,Male,3,F,"Poss3,4 Methylenedioxymethcath",0,0,0,0,2,Low,1,1
31,Other,Male,2,F,arrest case no charge,0,0,0,1,2,Low,1,1
53,Caucasian,Male,0,M,Battery,0,0,0,0,1,Low,0,1
27,African-American,Male,6,F,Possession Of Methamphetamine,0,0,0,1,5,Medium,1,1
22,Caucasian,Male,0,F,Grand Theft in the 3rd Degree,0,0,0,1,5,Medium,1,1
22,African-American,Female,0,F,Grand Theft in the 3rd Degree,0,0,1,1,4,Low,1,0
33,African-American,Male,7,M,Viol Prot Injunc Repeat Viol,0,0,0,1,6,Medium,0,1
34,African-American,Male,15,F,arrest case no charge,0,0,0,0,7,Medium,1,1
22,Hispanic,Male,0,M,Battery,0,0,0,1,3,Low,0,1
32,African-American,Male,12,F,Possession of Cocaine,0,0,0,0,8,High,1,1
47,African-American,Male,14,F,Grand Theft in the 3rd Degree,4,0,1,1,9,High,1,1
24,Asian,Male,0,M,DUI Level 0.15 Or Minor In Veh,0,0,0,0,2,Low,0,1
25,African-American,Male,14,F,Grand Theft (Motor Vehicle),0,4,4,1,10,High,1,1
56,Caucasian,Male,0,F,Felony Battery (Dom Strang),0,0,0,0,1,Low,1,1
36,Hispanic,Male,1,F,Aggravated Battery,0,0,0,1,4,Low,1,1
28,African-American,Male,4,F,Burglary Dwelling Assault/Batt,0,0,0,1,6,Medium,1,1
20,African-American,Male,2,F,Grand Theft in the 3rd Degree,2,0,0,1,9,High,1,1
59,Hispanic,Male,0,M,DUI Level 0.15 Or Minor In Veh,0,0,0,0,1,Low,0,1
29,African-American,Female,11,F,Possession of Cocaine,0,0,0,0,8,High,1,0
72,Caucasian,Male,3,F,arrest case no charge,0,0,0,0,1,Low,1,1
24,African-American,Female,2,M,Assault,0,0,0,1,7,Medium,0,0
45,African-American,Male,3,F,Att Burgl Unoccupied Dwel,0,0,0,0,9,High,1,1
30,African-American,Male,7,M,Assault,0,0,0,1,10,High,0,1
45,African-American,Male,0,M,Battery,0,0,0,0,1,Low,0,1
47,Caucasian,Male,0,M,Battery,0,0,0,0,1,Low,0,1
24,African-American,Male,0,F,Burgl Dwel/Struct/Convey Armed,0,0,0,1,3,Low,1,1
20,African-American,Male,0,M,Battery,0,0,0,1,3,Low,0,1
51,Caucasian,Male,6,F,arrest case no charge,0,0,0,1,1,Low,1,1
49,Caucasian,Female,2,M,Viol Prot Injunc Repeat Viol,0,0,0,1,2,Low,0,0
41,Caucasian,Male,5,F,Felony Driving While Lic Suspd,0,0,0,0,1,Low,1,1
49,Caucasian,Male,1,F,Resist Officer w/Violence,0,0,0,0,3,Low,1,1
26,Hispanic,Male,0,M,Battery,0,0,0,0,1,Low,0,1
28,African-American,Female,0,M,Battery,0,0,0,0,3,Low,0,0
33,Caucasian,Male,2,M,Driving License Suspended,0,0,0,0,2,Low,0,1
46,African-American,Male,0,F,Driving While License Revoked,0,0,0,0,7,Medium,1,1
21,African-American,Male,0,M,Disrupting School Function,0,0,0,0,4,Low,0,1
26,African-American,Male,14,F,Pos Cannabis W/Intent Sel/Del,0,1,3,1,9,High,1,1
48,Hispanic,Male,1,F,arrest case no charge,0,0,0,1,1,Low,1,1
58,African-American,Male,24,F,Felony Petit Theft,0,0,0,1,6,Medium,1,1
29,Other,Male,0,F,Pos Cannabis W/Intent Sel/Del,0,0,0,0,1,Low,1,1
20,African-American,Female,2,F,arrest case no charge,0,0,3,1,10,High,1,0
28,African-American,Male,0,M,Possess Cannabis/20 Grams Or Less,0,0,0,1,4,Low,0,1
21,Caucasian,Male,0,F,Grand Theft in the 3rd Degree,0,0,0,1,8,High,1,1
26,Other,Male,0,F,Burglary Structure Unoccup,0,0,0,0,7,Medium,1,1
34,African-American,Male,3,M,arrest case no charge,0,0,0,0,1,Low,0,1
32,African-American,Male,15,F,Driving While License Revoked,2,0,0,1,8,High,1,1
38,African-American,Male,10,F,Robbery / Weapon,0,0,1,1,4,Low,1,1
22,African-American,Male,0,F,Burglary Unoccupied Dwelling,0,0,0,0,3,Low,1,1
42,Caucasian,Male,2,F,Possession of Cocaine,0,0,0,1,5,Medium,1,1
57,Caucasian,Female,0,M,Disorderly Conduct,0,0,0,0,4,Low,0,0
56,Caucasian,Female,1,F,Resist Officer w/Violence,0,0,0,0,1,Low,1,0
32,Hispanic,Male,2,M,Viol Prot Injunc Repeat Viol,0,0,0,1,5,Medium,0,1
30,African-American,Male,11,F,Strong Armed  Robbery,0,2,2,0,8,High,1,1
29,African-American,Male,2,M,Driving License Suspended,0,0,0,0,1,Low,0,1
46,African-American,Male,15,F,Driving While License Revoked,0,0,1,1,7,Medium,1,1
24,African-American,Female,0,F,Felony Batt(Great Bodily Harm),0,0,0,0,3,Low,1,0
70,African-American,Female,1,F,arrest case no charge,0,0,0,0,1,Low,1,0
21,Hispanic,Male,0,F,"Poss3,4 Methylenedioxymethcath",0,0,0,1,6,Medium,1,1
45,Caucasian,Female,1,M,Battery,0,0,0,0,1,Low,0,0
33,Hispanic,Female,2,M,Viol Prot Injunc Repeat Viol,0,0,0,0,4,Low,0,0
39,African-American,Female,6,F,Grand Theft in the 3rd Degree,0,1,0,0,5,Medium,1,0
25,Caucasian,Male,6,F,arrest case no charge,0,1,0,0,4,Low,1,1
48,Hispanic,Male,1,M,DUI Level 0.15 Or Minor In Veh,0,0,0,0,1,Low,0,1
46,Caucasian,Male,0,F,Cruelty Toward Child,0,0,0,0,1,Low,1,1
28,Caucasian,Male,0,M,Battery,0,0,0,1,2,Low,0,1
27,African-American,Male,1,F,Grand Theft in the 3rd Degree,0,0,0,0,2,Low,1,1
43,Caucasian,Male,11,F,Felony DUI (level 3),0,0,0,1,7,Medium,1,1
30,African-American,Male,9,F,Possession of Cocaine,0,0,0,1,10,High,1,1
29,Caucasian,Male,1,F,Possession of Cocaine,0,0,0,0,3,Low,1,1
54,African-American,Male,8,F,Possession of Cocaine,0,0,0,1,1,Low,1,1
20,Caucasian,Female,0,F,Possession of Cocaine,0,0,0,0,4,Low,1,0
29,African-American,Male,0,F,Felony Battery (Dom Strang),0,0,0,0,1,Low,1,1
67,Asian,Male,0,M,Battery,0,0,0,0,1,Low,0,1
25,Other,Male,0,F,Child Abuse,0,0,0,0,2,Low,1,1
24,African-American,Male,8,F,arrest case no charge,0,2,1,1,9,High,1,1
29,Other,Male,3,F,Uttering a Forged Instrument,0,0,0,0,6,Medium,1,1
45,African-American,Male,2,M,Carry Open/Uncov Bev In Pub,0,0,0,0,6,Medium,0,1
31,African-American,Male,5,F,arrest case no charge,0,0,0,1,5,Medium,1,1
23,Caucasian,Male,0,F,Aggravated Assault W/Dead Weap,0,0,0,1,3,Low,1,1
21,African-American,Male,0,F,Grand Theft in the 3rd Degree,0,0,0,1,8,High,1,1
61,Caucasian,Male,0,M,Driving Under The Influence,0,0,0,0,1,Low,0,1
51,Caucasian,Female,5,M,Battery,0,0,0,1,7,Medium,0,0
32,Other,Male,1,F,Robbery W/Firearm,0,0,0,0,1,Low,1,1
43,Caucasian,Male,9,F,Possession of Hydrocodone,0,0,0,0,6,Medium,1,1
32,Other,Male,0,M,Battery,0,0,0,0,1,Low,0,1
36,African-American,Male,0,F,Felony Driving While Lic Suspd,0,0,0,0,5,Medium,1,1
58,Caucasian,Male,3,F,Felony Petit Theft,0,0,0,1,4,Low,1,1
57,African-American,Male,12,F,Possession of Cocaine,0,0,0,0,9,High,1,1
37,African-American,Male,2,F,Possession Of Alprazolam,0,0,0,0,7,Medium,1,1
44,African-American,Male,6,F,arrest case no charge,0,0,0,0,6,Medium,1,1
45,African-American,Male,8,F,arrest case no charge,0,0,0,1,7,Medium,1,1
48,Other,Male,1,F,arrest case no charge,0,0,0,0,1,Low,1,1
26,African-American,Male,13,F,Driving While License Revoked,0,1,1,1,8,High,1,1
34,Caucasian,Male,9,F,Agg Assault W/int Com Fel Dome,1,0,0,1,6,Medium,1,1
25,African-American,Male,0,F,Aggrav Battery w/Deadly Weapon,0,0,0,0,3,Low,1,1
31,African-American,Male,8,M,Battery,0,0,0,1,7,Medium,0,1
43,African-American,Male,1,F,arrest case no charge,0,0,0,0,1,Low,1,1
30,African-American,Male,0,M,Battery,0,0,0,0,1,Low,0,1
50,Caucasian,Male,0,M,Driving Under The Influence,0,0,0,0,1,Low,0,1
31,African-American,Female,2,F,Grand Theft (Motor Vehicle),0,0,0,0,2,Low,1,0
33,Caucasian,Female,7,M,Battery,0,0,0,0,6,Medium,0,0
32,African-American,Male,1,F,False Ownership Info/Pawn Item,0,0,0,1,5,Medium,1,1
46,Caucasian,Female,0,M,Battery,0,0,0,1,1,Low,0,0
22,Hispanic,Male,0,F,Crimin Mischief Damage $1000+,0,0,0,0,6,Medium,1,1
37,African-American,Male,8,F,Felony Driving While Lic Suspd,0,0,0,1,5,Medium,1,1
32,Caucasian,Female,6,F,arrest case no charge,0,0,0,1,6,Medium,1,0
23,African-American,Female,2,F,Grand Theft in the 3rd Degree,0,0,0,1,7,Medium,1,0
21,Caucasian,Male,0,F,Pos Cannabis W/Intent Sel/Del,0,0,0,0,5,Medium,1,1
52,Other,Male,2,F,arrest case no charge,0,0,0,0,1,Low,1,1
49,Caucasian,Male,2,M,Battery,0,0,0,0,2,Low,0,1
55,Caucasian,Male,3,F,Possession of Cocaine,0,0,0,1,7,Medium,1,1
22,African-American,Male,0,F,Uttering a Forged Instrument,0,0,0,0,2,Low,1,1
45,Hispanic,Male,0,F,Grand Theft (Motor Vehicle),0,0,0,0,1,Low,1,1
31,African-American,Female,7,F,Felony Driving While Lic Suspd,0,0,0,1,5,Medium,1,0
22,Caucasian,Male,0,M,Petit Theft,0,0,1,1,2,Low,0,1
28,African-American,Male,5,M,Possess Cannabis/20 Grams Or Less,0,0,0,0,6,Medium,0,1
21,African-American,Male,1,F,Grand Theft in the 3rd Degree,0,0,0,1,5,Medium,1,1
37,Hispanic,Male,2,M,Exposes Culpable Negligence,0,0,1,0,3,Low,0,1
30,African-American,Male,21,F,arrest case no charge,0,2,0,1,7,Medium,1,1
22,African-American,Male,13,F,Poss Cntrft Contr Sub w/Intent,0,0,1,1,10,High,1,1
35,African-American,Male,23,F,Poss Pyrrolidinovalerophenone,0,1,0,1,9,High,1,1
28,African-American,Male,11,F,Fleeing Or Attmp Eluding A Leo,2,1,0,0,10,High,1,1
24,African-American,Male,1,F,Driving While License Revoked,0,0,0,0,3,Low,1,1
32,African-American,Male,24,F,Driving While License Revoked,1,3,0,1,7,Medium,1,1
24,African-American,Female,1,F,Grand Theft in the 3rd Degree,0,0,0,0,5,Medium,1,0
57,African-American,Male,19,F,Felony Driving While Lic Suspd,0,0,0,0,3,Low,1,1
21,Other,Male,0,M,Prowling/Loitering,0,0,0,0,6,Medium,0,1
28,Caucasian,Male,0,F,Counterfeit Lic Plates/Sticker,0,0,0,0,2,Low,1,1
51,Caucasian,Male,0,M,Battery,0,0,0,0,1,Low,0,1
26,African-American,Male,0,M,Unlaw LicTag/Sticker Attach,0,0,0,1,2,Low,0,1
20,African-American,Male,0,F,Possession of Butylone,0,0,3,1,6,Medium,1,1
25,African-American,Male,6,M,arrest case no charge,0,1,0,0,7,Medium,0,1
19,Caucasian,Male,0,M,Battery,0,0,0,1,6,Medium,0,1
49,Caucasian,Male,1,F,arrest case no charge,0,0,0,1,1,Low,1,1
57,African-American,Male,27,M,arrest case no charge,0,0,0,0,10,High,0,1
27,African-American,Female,0,M,Battery,0,0,0,0,2,Low,0,0
66,Caucasian,Male,1,M,arrest case no charge,0,0,0,0,1,Low,0,1
21,Caucasian,Male,0,F,arrest case no charge,0,0,0,0,3,Low,1,1
45,Caucasian,Male,1,F,Possession of Cocaine,0,0,0,0,2,Low,1,1
37,African-American,Male,24,F,Burglary With Assault/battery,2,3,0,0,8,High,1,1
44,Caucasian,Male,13,F,Crimin Mischief Damage $1000+,0,0,0,1,9,High,1,1
64,African-American,Male,0,F,Grand Theft in the 3rd Degree,0,0,0,0,4,Low,1,1
30,African-American,Male,1,F,Deliver Cocaine,0,0,0,1,6,Medium,1,1
61,African-American,Male,1,M,arrest case no charge,0,0,0,0,1,Low,0,1
49,Caucasian,Female,8,F,arrest case no charge,0,0,0,0,2,Low,1,0
23,African-American,Male,0,F,Tampering With Physical Evidence,0,0,0,0,7,Medium,1,1
21,Caucasian,Male,0,F,Sale/Del Cannabis At/Near Scho,0,0,0,1,9,High,1,1
30,Caucasian,Female,2,F,Burglary Unoccupied Dwelling,0,0,0,1,10,High,1,0
26,Hispanic,Male,7,M,Battery,0,0,1,0,4,Low,0,1
35,Other,Male,3,M,Battery,0,0,0,1,1,Low,0,1
27,African-American,Male,2,M,Possess Cannabis/20 Grams Or Less,0,0,1,0,9,High,0,1
38,Caucasian,Male,1,M,Battery,0,0,0,0,6,Medium,0,1
48,African-American,Male,14,F,arrest case no charge,0,0,0,1,9,High,1,1
26,Caucasian,Male,0,M,Battery,0,0,0,0,2,Low,0,1
24,African-American,Male,4,F,Possession of Cocaine,0,1,0,1,8,High,1,1
28,African-American,Female,2,F,Possession Of Alprazolam,0,0,0,1,5,Medium,1,0
44,Caucasian,Female,4,F,Possession of Cocaine,0,0,0,1,6,Medium,1,0
23,Caucasian,Male,2,F,Poss of Firearm by Convic Felo,0,0,1,0,7,Medium,1,1
34,Caucasian,Female,1,F,arrest case no charge,0,0,0,1,6,Medium,1,0
20,Caucasian,Male,1,F,Burglary Conveyance Unoccup,0,1,0,1,5,Medium,1,1
63,Other,Male,23,F,Felony Petit Theft,0,0,0,1,4,Low,1,1
36,African-American,Female,0,M,DUI Level 0.15 Or Minor In Veh,0,0,0,0,1,Low,0,0
58,Caucasian,Male,1,F,arrest case no charge,0,0,0,0,1,Low,1,1
35,Caucasian,Female,4,F,Felony Battery w/Prior Convict,0,0,0,0,3,Low,1,0
23,African-American,Male,3,F,Burglary Unoccupied Dwelling,0,0,0,0,7,Medium,1,1
40,Caucasian,Male,1,F,Attempted Robbery  No Weapon,0,0,0,0,1,Low,1,1
31,Hispanic,Male,3,F,Tamper With Witness/Victim/CI,0,0,0,0,3,Low,1,1
34,Hispanic,Female,5,F,Live on Earnings of Prostitute,0,0,0,0,4,Low,1,0
23,African-American,Male,3,M,Viol Prot Injunc Repeat Viol,0,0,0,1,6,Medium,0,1
27,Caucasian,Male,0,M,Fail Register Vehicle,0,0,0,1,3,Low,0,1
26,African-American,Female,3,F,Burglary With Assault/battery,0,0,0,0,5,Medium,1,0
49,African-American,Male,1,F,Felony Battery (Dom Strang),0,0,0,0,1,Low,1,1
47,Hispanic,Female,0,M,Battery,0,0,0,0,1,Low,0,0
47,African-American,Male,6,F,Att Tamper w/Physical Evidence,0,0,0,0,2,Low,1,1
34,African-American,Male,7,F,Possession of Cannabis,0,0,0,1,6,Medium,1,1
27,African-American,Male,10,F,arrest case no charge,0,0,0,0,9,High,1,1
52,Caucasian,Female,0,M,Battery,0,0,0,0,1,Low,0,0
26,African-American,Male,0,M,Operating W/O Valid License,0,0,0,1,3,Low,0,1
25,African-American,Male,9,F,Driving While License Revoked,0,0,1,0,7,Medium,1,1
51,African-American,Male,1,F,arrest case no charge,0,0,0,0,2,Low,1,1
29,African-American,Female,1,M,Refuse to Supply DNA Sample,0,0,0,0,2,Low,0,0
46,Caucasian,Male,0,F,Stalking (Aggravated),0,0,0,0,1,Low,1,1
28,Caucasian,Male,6,F,Grand Theft in the 3rd Degree,0,0,0,0,4,Low,1,1
57,African-American,Male,0,F,Felony Battery (Dom Strang),0,0,0,0,1,Low,1,1
23,Hispanic,Male,2,F,Sel/Pur/Mfr/Del Control Substa,0,0,0,0,5,Medium,1,1
34,African-American,Male,27,F,Felony Petit Theft,0,0,0,1,9,High,1,1
27,African-American,Male,3,F,arrest case no charge,0,0,0,0,3,Low,1,1
25,African-American,Male,7,M,Viol Injunct Domestic Violence,0,0,1,1,9,High,0,1
31,Caucasian,Male,1,F,Grand Theft in the 3rd Degree,0,0,0,1,7,Medium,1,1
37,African-American,Male,8,F,Burglary Unoccupied Dwelling,0,0,0,0,2,Low,1,1
51,African-American,Male,0,F,Possession of Cocaine,0,0,0,1,2,Low,1,1
28,African-American,Male,8,F,Resist Officer w/Violence,0,1,0,0,6,Medium,1,1
56,Caucasian,Male,4,F,Possession of Cocaine,0,0,0,0,1,Low,1,1
45,African-American,Male,15,F,Att Burgl Unoccupied Dwel,0,0,0,1,9,High,1,1
26,Caucasian,Male,7,F,Burglary Dwelling Occupied,0,0,0,1,6,Medium,1,1
33,Caucasian,Male,7,F,Felony Battery (Dom Strang),0,0,0,1,8,High,1,1
23,Caucasian,Male,0,M,Battery,0,0,3,0,4,Low,0,1
31,African-American,Male,0,M,Poss Drugs W/O A Prescription,0,0,0,0,2,Low,0,1
31,Other,Male,0,M,Battery,0,0,0,0,3,Low,0,1
19,Hispanic,Male,1,F,arrest case no charge,1,0,0,0,9,High,1,1
32,Caucasian,Male,0,F,Aggravated Assault W/o Firearm,0,0,0,0,1,Low,1,1
30,Caucasian,Male,1,M,Driving Under The Influence,0,0,0,1,3,Low,0,1
66,Caucasian,Male,1,F,arrest case no charge,0,0,0,0,1,Low,1,1
40,African-American,Female,0,F,Grand Theft in the 1st Degree,0,0,0,0,1,Low,1,0
59,African-American,Male,4,M,Battery,0,0,0,0,2,Low,0,1
27,African-American,Male,3,M,Leave Accd/Attend Veh/Less $50,0,0,0,0,7,Medium,0,1
22,African-American,Male,0,F,Grand Theft in the 3rd Degree,0,0,0,0,3,Low,1,1
58,Caucasian,Male,1,F,Fel Drive License Perm Revoke,0,0,0,0,1,Low,1,1
29,Caucasian,Male,2,F,Grand Theft in the 3rd Degree,0,0,0,0,3,Low,1,1
27,African-American,Male,0,F,Aggravated Assault W/Dead Weap,0,0,0,1,8,High,1,1
24,Caucasian,Male,0,F,Possession Of Alprazolam,0,0,0,0,5,Medium,1,1
35,Caucasian,Female,3,F,Aggrav Battery w/Deadly Weapon,0,1,0,0,4,Low,1,0
29,African-American,Male,7,F,Grand Theft in the 3rd Degree,0,2,1,1,8,High,1,1
30,African-American,Male,5,F,Aggravated Assault W/dead Weap,1,0,0,1,9,High,1,1
23,African-American,Male,1,F,Possession Burglary Tools,0,1,1,0,2,Low,1,1
32,Caucasian,Male,2,F,Possession Of Heroin,0,0,0,1,4,Low,1,1
22,Caucasian,Male,2,F,arrest case no charge,0,0,0,0,5,Medium,1,1
21,African-American,Male,0,M,Battery,0,0,0,0,3,Low,0,1
43,Caucasian,Female,0,M,Battery,0,0,0,0,2,Low,0,0
29,African-American,Male,0,F,Poss of Cocaine W/I/D/S 1000FT Park,0,0,0,0,8,High,1,1
43,African-American,Male,1,F,Robbery Sudd Snatch No Weapon,0,0,0,0,3,Low,1,1
25,African-American,Male,1,F,arrest case no charge,0,0,0,0,2,Low,1,1
47,Caucasian,Male,0,M,Battery,0,0,0,0,1,Low,0,1
21,African-American,Female,0,F,Grand Theft in the 3rd Degree,0,0,0,0,5,Medium,1,0
54,Caucasian,Male,0,M,Battery,0,0,0,0,1,Low,0,1
34,African-American,Male,3,F,Lewd Act Presence Child 16-,0,0,1,1,1,Low,1,1
28,African-American,Female,2,M,Battery,0,0,0,0,2,Low,0,0
53,Caucasian,Female,4,F,Poss Contr Subst W/o Prescript,0,0,0,1,1,Low,1,0
54,African-American,Male,0,M,Soliciting For Prostitution,0,0,0,0,1,Low,0,1
37,Hispanic,Male,3,F,arrest case no charge,0,0,0,1,1,Low,1,1
34,African-American,Male,2,F,Felony Driving While Lic Suspd,0,0,0,0,4,Low,1,1
60,Caucasian,Female,0,F,Battery on Law Enforc Officer,0,0,0,1,1,Low,1,0
22,African-American,Male,0,F,Grand Theft in the 3rd Degree,0,0,0,0,4,Low,1,1
51,African-American,Male,3,F,Felony Driving While Lic Suspd,0,0,0,0,7,Medium,1,1
29,African-American,Male,0,F,Felony Battery (Dom Strang),0,0,0,1,2,Low,1,1
28,African-American,Male,5,M,arrest case no charge,0,0,1,0,6,Medium,0,1
33,Caucasian,Male,0,F,Grand Theft (Motor Vehicle),0,0,0,1,1,Low,1,1
43,Caucasian,Male,4,M,Battery,0,0,0,0,2,Low,0,1
45,Hispanic,Male,1,M,Battery,0,0,0,0,6,Medium,0,1
32,Caucasian,Male,5,F,Resist Officer w/Violence,0,0,0,1,5,Medium,1,1
35,African-American,Female,0,F,Possession of Cocaine,0,0,0,1,3,Low,1,0
23,African-American,Male,1,F,Felony Batt(Great Bodily Harm),0,0,0,1,4,Low,1,1
41,Hispanic,Male,1,M,Aggrav Battery w/Deadly Weapon,0,0,0,0,1,Low,0,1
25,Other,Male,24,F,arrest case no charge,20,0,0,1,10,High,1,1
35,Hispanic,Male,12,F,Aggravated Assault W/Dead Weap,0,1,0,0,9,High,1,1
25,African-American,Male,4,F,Crim Use of Personal ID Info,0,0,0,1,6,Medium,1,1
69,Caucasian,Male,6,F,Driving While License Revoked,0,0,0,1,2,Low,1,1
24,Asian,Male,0,M,Battery,0,0,0,0,3,Low,0,1
28,Hispanic,Male,0,F,Grand Theft in the 3rd Degree,0,0,0,0,4,Low,1,1
47,African-American,Male,23,F,Poss Wep Conv Felon,0,0,0,1,7,Medium,1,1
29,African-American,Male,13,F,Poss Pyrrolidinovalerophenone,0,1,0,1,10,High,1,1
26,African-American,Male,9,F,Drivg While Lic Suspd/Revk/Can,0,0,0,1,8,High,1,1
31,Other,Male,0,M,Viol Prot Injunc Repeat Viol,0,0,0,0,1,Low,0,1
28,Caucasian,Male,0,F,"Deliver 3,4 Methylenediox",0,0,0,0,7,Medium,1,1
48,Caucasian,Male,1,M,Driving Under The Influence,0,0,0,1,1,Low,0,1
44,Caucasian,Male,0,M,Battery,0,0,0,0,1,Low,0,1
42,African-American,Male,7,M,Driving License Suspended,0,0,0,0,5,Medium,0,1
39,African-American,Male,5,F,Grand Theft in the 3rd Degree,0,0,0,0,7,Medium,1,1
46,Hispanic,Female,2,F,Grand Theft in the 3rd Degree,0,0,0,0,1,Low,1,0
55,Caucasian,Male,0,M,Battery,0,0,0,0,5,Medium,0,1
27,African-American,Male,5,F,Burglary Dwelling Occupied,0,0,0,1,9,High,1,1
31,Caucasian,Female,0,M,Battery,0,0,0,0,9,High,0,0
25,African-American,Male,0,F,Poss Tetrahydrocannabinols,0,0,0,0,2,Low,1,1
32,Caucasian,Male,6,M,Refuse Submit Blood/Breath Test,0,0,2,0,7,Medium,0,1
36,African-American,Male,2,F,Driving While License Revoked,0,0,0,0,5,Medium,1,1
21,African-American,Male,3,F,arrest case no charge,0,0,0,1,7,Medium,1,1
39,Caucasian,Male,2,M,Driving Under The Influence,0,0,0,0,4,Low,0,1
26,African-American,Female,0,M,Battery,0,0,0,0,2,Low,0,0
28,African-American,Male,8,F,Grand Theft in the 3rd Degree,0,0,0,1,8,High,1,1
67,Caucasian,Male,2,M,Refuse Submit Blood/Breath Test,0,0,0,1,1,Low,0,1
22,Other,Female,0,F,Aggrav Battery w/Deadly Weapon,0,0,0,0,4,Low,1,0
37,Caucasian,Male,3,M,Driving Under The Influence,0,0,0,0,1,Low,0,1
23,African-American,Male,2,M,Criminal Mischief,0,0,0,1,8,High,0,1
49,African-American,Female,14,M,Battery,0,0,0,1,7,Medium,0,0
32,Caucasian,Male,9,M,Trespass Other Struct/Conve,0,0,0,1,7,Medium,0,1
41,Caucasian,Male,9,M,Battery,0,0,0,0,6,Medium,0,1
25,African-American,Male,1,M,Battery,0,0,0,0,3,Low,0,1
58,Caucasian,Male,0,M,Battery,0,0,0,0,1,Low,0,1
44,African-American,Male,19,M,Battery,2,0,0,1,9,High,0,1
28,African-American,Male,1,F,Aggrav Stalking After Injunctn,0,0,0,0,4,Low,1,1
39,African-American,Female,0,F,Grand Theft in the 3rd Degree,0,0,0,1,5,Medium,1,0
54,Caucasian,Male,0,F,Agg Battery Grt/Bod/Harm,0,0,0,0,1,Low,1,1
43,Caucasian,Male,0,M,DUI Property Damage/Injury,0,0,0,0,4,Low,0,1
31,African-American,Male,5,M,Battery,0,0,0,0,10,High,0,1
30,African-American,Male,11,F,Pos Cannabis W/Intent Sel/Del,4,1,0,0,10,High,1,1
27,Caucasian,Male,4,M,Battery,0,1,3,1,4,Low,0,1
28,African-American,Male,0,M,Battery,0,0,0,1,2,Low,0,1
24,African-American,Male,0,M,Possess Drug Paraphernalia,0,0,0,0,7,Medium,0,1
43,Caucasian,Male,0,M,Susp Drivers Lic 1st Offense,0,0,0,0,1,Low,0,1
44,African-American,Male,10,M,Driving Under The Influence,0,0,0,1,4,Low,0,1
24,Hispanic,Male,11,F,Solicit Deliver Cocaine,0,0,0,1,10,High,1,1
23,African-American,Male,0,F,Pos Cannabis W/Intent Sel/Del,0,0,0,0,3,Low,1,1
36,Caucasian,Male,5,M,Viol Injunct Domestic Violence,0,0,0,1,3,Low,0,1
27,Caucasian,Male,1,F,arrest case no charge,0,0,0,0,9,High,1,1
24,African-American,Male,0,F,Felon in Pos of Firearm or Amm,0,0,0,1,10,High,1,1
66,Caucasian,Male,0,M,Battery,0,0,0,0,1,Low,0,1
36,Caucasian,Female,3,F,Possession of Cocaine,0,0,1,0,4,Low,1,0
53,Hispanic,Male,9,F,Felony Petit Theft,0,0,0,1,8,High,1,1
23,Caucasian,Male,1,F,Possession of Cocaine,0,0,0,1,3,Low,1,1
22,African-American,Female,0,M,Battery,0,0,0,1,7,Medium,0,0
25,Hispanic,Male,1,F,Crimin Mischief Damage $1000+,0,0,1,0,3,Low,1,1
56,African-American,Male,4,F,Possession of Cocaine,0,0,0,0,1,Low,1,1
51,Asian,Male,1,F,arrest case no charge,0,0,0,1,1,Low,1,1
58,African-American,Female,3,M,arrest case no charge,0,0,0,0,1,Low,0,0
24,Caucasian,Male,3,M,DUI Level 0.15 Or Minor In Veh,0,1,2,0,5,Medium,0,1
22,African-American,Male,0,F,Burglary Dwelling Armed,0,0,0,1,3,Low,1,1
39,Caucasian,Male,0,M,Battery,0,0,0,0,1,Low,0,1
20,Hispanic,Male,3,F,Pos Cannabis W/Intent Sel/Del,0,0,0,1,10,High,1,1
46,Caucasian,Male,10,F,arrest case no charge,0,0,0,1,7,Medium,1,1
38,Caucasian,Male,1,F,Possession Of Methamphetamine,0,0,0,1,1,Low,1,1
23,Caucasian,Male,0,M,Viol Pretrial Release Dom Viol,0,0,0,1,8,High,0,1
39,Other,Male,6,F,Burglary Unoccupied Dwelling,0,0,0,0,5,Medium,1,1
25,African-American,Male,0,F,Felony Battery,0,0,0,0,8,High,1,1
31,African-American,Male,19,F,Driving While License Revoked,0,0,0,1,9,High,1,1
25,African-American,Female,1,M,Battery,0,0,0,1,3,Low,0,0
26,African-American,Male,6,F,arrest case no charge,0,0,0,0,6,Medium,1,1
25,African-American,Male,2,F,Possession Burglary Tools,0,0,1,0,9,High,1,1
37,Caucasian,Male,11,F,Driving While License Revoked,0,0,0,1,8,High,1,1
36,African-American,Male,0,F,Grand Theft in the 3rd Degree,0,0,0,0,1,Low,1,1
26,African-American,Male,1,F,Pos Cannabis W/Intent Sel/Del,0,0,0,1,6,Medium,1,1
21,Other,Male,3,F,Grand Theft in the 3rd Degree,0,2,0,1,2,Low,1,1
35,African-American,Male,7,F,Resist Officer w/Violence,0,0,0,1,4,Low,1,1
22,African-American,Male,2,F,Crim Use of Personal ID Info,0,0,0,1,4,Low,1,1
25,Caucasian,Male,0,F,Aggravated Battery,0,0,0,0,2,Low,1,1
36,Hispanic,Male,0,M,Operating W/O Valid License,0,0,0,0,1,Low,0,1
24,African-American,Male,2,M,Susp Drivers Lic 1st Offense,0,0,0,1,7,Medium,0,1
21,African-American,Male,0,F,Grand Theft in the 3rd Degree,0,0,1,1,9,High,1,1
32,Caucasian,Male,15,F,Possession of Cocaine,2,0,1,1,9,High,1,1
33,African-American,Male,2,M,Battery,0,0,0,1,2,Low,0,1
33,African-American,Male,10,F,Possession of Cocaine,0,0,0,1,9,High,1,1
29,Caucasian,Male,0,M,DUI Property Damage/Injury,0,0,0,0,3,Low,0,1
50,Caucasian,Male,8,F,DWI w/Inj Susp Lic / Habit Off,0,0,0,0,3,Low,1,1
33,African-American,Male,14,F,Driving While License Revoked,0,0,0,1,8,High,1,1
37,African-American,Male,13,F,Agg Battery Grt/Bod/Harm,0,1,0,1,8,High,1,1
27,African-American,Male,9,F,Burglary Unoccupied Dwelling,0,0,0,1,7,Medium,1,1
27,African-American,Male,0,M,Battery,0,0,0,0,1,Low,0,1
21,Hispanic,Male,1,M,Possess Cannabis/20 Grams Or Less,0,0,0,1,5,Medium,0,1
58,African-American,Male,1,F,arrest case no charge,0,0,0,0,1,Low,1,1
27,African-American,Male,4,F,"Deliver 3,4 Methylenediox",0,0,0,0,8,High,1,1
28,Caucasian,Male,1,F,Possession of Cocaine,0,0,0,1,7,Medium,1,1
31,Caucasian,Female,0,M,Battery,0,0,0,0,3,Low,0,0
24,African-American,Male,3,M,arrest case no charge,0,0,0,0,7,Medium,0,1
26,African-American,Male,6,F,Possession of Cannabis,0,0,0,1,9,High,1,1
43,Caucasian,Male,0,M,DUI- Enhanced,0,0,0,0,1,Low,0,1
22,African-American,Male,3,F,Felony Batt(Great Bodily Harm),0,0,0,1,6,Medium,1,1
23,African-American,Male,0,F,Burglary Unoccupied Dwelling,0,0,0,0,5,Medium,1,1
42,Caucasian,Male,0,M,Driving Under The Influence,0,0,0,0,4,Low,0,1
30,African-American,Male,18,M,Battery,0,3,0,0,10,High,0,1
29,African-American,Male,1,F,False Imprisonment,0,0,0,0,9,High,1,1
38,Caucasian,Male,2,F,arrest case no charge,0,0,0,1,4,Low,1,1
26,Caucasian,Male,3,M,Petit Theft $100- $300,0,0,1,0,4,Low,0,1
51,African-American,Male,5,M,Driving License Suspended,0,0,0,0,7,Medium,0,1
36,Other,Male,0,M,Battery,0,0,0,0,1,Low,0,1
62,Hispanic,Male,0,M,Battery,0,0,0,0,1,Low,0,1
23,African-American,Male,0,F,Grand Theft (Motor Vehicle),0,0,0,1,3,Low,1,1
34,African-American,Male,7,F,arrest case no charge,0,0,0,1,5,Medium,1,1
35,African-American,Male,1,M,Violation License Restrictions,0,0,0,0,2,Low,0,1
22,Caucasian,Male,0,F,"Poss3,4 Methylenedioxymethcath",0,0,0,0,3,Low,1,1
29,African-American,Male,10,M,Assault,0,0,0,1,10,High,0,1
40,African-American,Male,0,F,Stalking (Aggravated),0,0,0,0,2,Low,1,1
36,African-American,Male,2,F,Possession of Cocaine,0,0,0,0,2,Low,1,1
26,African-American,Male,8,F,arrest case no charge,0,0,0,1,8,High,1,1
25,African-American,Male,1,F,Burglary Structure Unoccup,0,0,0,1,3,Low,1,1
69,Caucasian,Male,0,M,DUI Level 0.15 Or Minor In Veh,0,0,0,0,1,Low,0,1
27,African-American,Male,1,F,Grand Theft in the 3rd Degree,0,1,0,0,4,Low,1,1
20,Caucasian,Male,0,F,Grand Theft in the 3rd Degree,0,0,0,1,5,Medium,1,1
27,African-American,Male,1,F,Throw Deadly Missile Into Veh,0,0,0,0,1,Low,1,1
24,African-American,Female,6,M,arrest case no charge,0,0,0,0,6,Medium,0,0
42,Caucasian,Male,0,F,Aggravated Assault w/Firearm,0,0,0,0,1,Low,1,1
25,Caucasian,Male,1,F,Burglary Conveyance Unoccup,0,0,0,0,3,Low,1,1
25,African-American,Male,0,F,Uttering a Forged Instrument,0,0,0,0,4,Low,1,1
22,African-American,Male,0,F,Pos Cannabis W/Intent Sel/Del,0,0,0,0,3,Low,1,1
21,Caucasian,Male,0,F,Burglary Structure Unoccup,0,0,0,0,4,Low,1,1
30,African-American,Male,1,M,Battery,0,0,0,0,2,Low,0,1
46,Caucasian,Male,9,M,Battery,0,0,0,0,5,Medium,0,1
26,African-American,Male,2,M,Battery,0,0,0,0,7,Medium,0,1
33,African-American,Male,0,F,arrest case no charge,0,0,0,1,5,Medium,1,1
40,African-American,Male,1,M,Battery,0,0,0,0,1,Low,0,1
34,Caucasian,Male,0,F,Possession of Cocaine,0,0,0,0,4,Low,1,1
22,Caucasian,Male,1,F,Grand Theft in the 3rd Degree,0,0,0,1,2,Low,1,1
28,Hispanic,Male,3,M,arrest case no charge,0,0,0,0,5,Medium,0,1
31,African-American,Male,4,M,Assault,0,0,0,1,3,Low,0,1
59,Caucasian,Male,3,M,Driving Under The Influence,0,0,0,1,1,Low,0,1
37,Native American,Male,0,F,"Aggr Child Abuse-Torture,Punish",0,0,0,0,2,Low,1,1
50,African-American,Male,0,F,Aggravated Battery / Pregnant,0,0,0,0,1,Low,1,1
57,African-American,Male,8,F,Felony Battery w/Prior Convict,0,0,0,1,5,Medium,1,1
31,African-American,Male,5,M,Assault,0,0,0,0,5,Medium,0,1
44,African-American,Male,9,F,Grand Theft in the 3rd Degree,0,0,0,0,8,High,1,1
48,African-American,Male,5,F,Possession of Cocaine,0,0,0,1,9,High,1,1
25,Caucasian,Female,0,F,Grand Theft in the 3rd Degree,0,0,0,0,4,Low,1,0
51,African-American,Male,5,M,arrest case no charge,0,0,0,0,3,Low,0,1
50,Caucasian,Male,0,F,arrest case no charge,0,0,0,1,1,Low,1,1
57,Caucasian,Male,2,F,arrest case no charge,0,0,0,0,1,Low,1,1
55,Caucasian,Male,0,M,DUI - Enhanced,0,0,0,0,1,Low,0,1
59,African-American,Male,4,F,Possession of Cocaine,0,0,0,1,3,Low,1,1
42,African-American,Female,0,F,Aggrav Battery w/Deadly Weapon,0,0,0,0,1,Low,1,0
20,Hispanic,Male,2,F,arrest case no charge,2,0,0,1,8,High,1,1
21,Other,Male,0,F,Purchase Cannabis,0,0,0,0,4,Low,1,1
32,African-American,Male,21,F,Felony Petit Theft,0,0,0,1,9,High,1,1
24,Hispanic,Female,0,M,Battery,0,0,0,0,4,Low,0,0
42,African-American,Male,1,F,Tampering With Physical Evidence,0,0,0,0,4,Low,1,1
29,African-American,Male,8,F,arrest case no charge,0,0,0,1,8,High,1,1
21,African-American,Male,1,F,arrest case no charge,0,0,0,0,6,Medium,1,1
58,Caucasian,Male,0,M,DUI Blood Alcohol Above 0.20,0,0,0,0,1,Low,0,1
22,African-American,Male,1,F,Pos Cannabis W/Intent Sel/Del,0,0,1,1,7,Medium,1,1
46,Caucasian,Male,1,M,Battery,0,0,0,1,1,Low,0,1
50,Caucasian,Male,0,M,Battery,0,0,0,1,2,Low,0,1
46,African-American,Male,2,F,Grand Theft in the 3rd Degree,0,0,0,0,9,High,1,1
44,African-American,Female,11,F,Possession of Cocaine,0,1,0,1,8,High,1,0
35,African-American,Male,4,M,Battery,0,0,0,0,5,Medium,0,1
30,African-American,Male,14,F,Grand Theft (Motor Vehicle),0,1,0,1,9,High,1,1
42,African-American,Male,2,F,Possession of Cocaine,0,0,0,0,5,Medium,1,1
46,African-American,Male,5,F,Grand Theft (Motor Vehicle),0,0,0,1,1,Low,1,1
42,African-American,Male,0,F,Poss Pyrrolidinovalerophenone,0,0,0,1,10,High,1,1
29,Caucasian,Male,7,F,Aggravated Battery / Pregnant,0,0,0,1,10,High,1,1
32,African-American,Male,8,F,Aggravated Battery / Pregnant,0,0,1,0,4,Low,1,1
31,Other,Male,5,F,Grand Theft in the 3rd Degree,0,0,0,0,6,Medium,1,1
33,African-American,Female,1,M,Battery,0,0,0,0,1,Low,0,0
25,Caucasian,Male,4,F,Robbery / No Weapon,0,0,0,0,4,Low,1,1
33,African-American,Female,0,M,Battery,0,0,0,0,1,Low,0,0
21,Hispanic,Male,1,F,arrest case no charge,0,0,0,0,5,Medium,1,1
35,Caucasian,Male,1,F,Possession of Cocaine,0,0,0,1,1,Low,1,1
56,African-American,Male,1,F,arrest case no charge,0,0,0,0,1,Low,1,1
38,Caucasian,Male,0,M,Battery,0,0,0,1,3,Low,0,1
40,African-American,Female,4,M,arrest case no charge,0,0,0,0,1,Low,0,0
28,African-American,Male,4,F,Grand Theft in the 3rd Degree,0,0,1,0,4,Low,1,1
51,African-American,Male,0,M,Battery,0,0,0,0,1,Low,0,1
35,African-American,Male,2,M,Battery,0,0,0,0,2,Low,0,1
61,African-American,Male,5,F,Possession of Cocaine,0,0,0,0,2,Low,1,1
25,African-American,Male,0,F,Poss Unlaw Issue Driver Licenc,0,0,0,0,3,Low,1,1
25,African-American,Male,4,F,Felony Driving While Lic Suspd,0,0,0,1,7,Medium,1,1
26,African-American,Male,0,M,Petit Theft,0,0,0,0,5,Medium,0,1
42,Caucasian,Male,1,M,Battery,0,0,0,0,1,Low,0,1
25,African-American,Female,1,F,Grand Theft in the 3rd Degree,0,0,0,0,4,Low,1,0
26,African-American,Male,13,M,Driving License Suspended,0,1,0,1,10,High,0,1
31,African-American,Male,9,F,Poss of Methylethcathinone,0,0,0,0,7,Medium,1,1
35,Caucasian,Male,1,F,Possession of Cocaine,0,0,1,0,2,Low,1,1
34,Caucasian,Male,0,F,Lewd/Lasc Battery Pers 12+/<16,0,0,0,0,1,Low,1,1
33,Caucasian,Female,1,M,Battery,0,0,0,0,2,Low,0,0
30,African-American,Male,3,F,Carrying Concealed Firearm,0,0,1,0,2,Low,1,1
50,African-American,Female,7,M,Battery,0,0,0,0,4,Low,0,0
21,African-American,Male,0,F,Burglary Dwelling Armed,0,0,0,0,5,Medium,1,1
31,Hispanic,Male,16,F,Burglary Conveyance Unoccup,0,0,0,1,10,High,1,1
31,African-American,Male,2,F,"Poss 3,4 MDMA (Ecstasy)",0,0,0,1,7,Medium,1,1
23,African-American,Female,0,M,Battery,0,0,0,0,4,Low,0,0
25,African-American,Male,1,F,Burglary Conveyance Unoccup,0,0,0,0,6,Medium,1,1
24,Caucasian,Female,1,F,arrest case no charge,0,0,0,0,5,Medium,1,0
31,African-American,Male,13,M,Possess Cannabis/20 Grams Or Less,0,0,0,1,10,High,0,1
60,African-American,Male,0,F,Grand Theft in the 3rd Degree,0,0,0,0,1,Low,1,1
30,African-American,Male,2,F,arrest case no charge,0,0,0,0,2,Low,1,1
32,Other,Female,0,M,Battery,0,0,0,0,1,Low,0,0
46,Caucasian,Male,0,M,Driving Under The Influence,0,0,0,0,1,Low,0,1
21,Caucasian,Male,0,M,Battery,0,0,1,1,4,Low,0,1
35,African-American,Male,0,F,Pos Cannabis W/Intent Sel/Del,0,0,0,0,8,High,1,1
34,Hispanic,Male,2,F,Use of Anti-Shoplifting Device,0,0,0,1,3,Low,1,1
41,Asian,Male,2,F,Felony Petit Theft,0,0,0,1,8,High,1,1
23,African-American,Male,1,F,Grand Theft in the 3rd Degree,0,0,0,1,10,High,1,1
23,African-American,Male,3,F,Grand Theft in the 3rd Degree,0,0,0,1,6,Medium,1,1
28,African-American,Male,2,M,Resist/Obstruct W/O Violence,0,0,0,0,4,Low,0,1
21,Hispanic,Male,0,F,Possession Of Alprazolam,0,0,0,1,4,Low,1,1
46,Caucasian,Male,2,M,Possess Cannabis/20 Grams Or Less,0,0,1,0,4,Low,0,1
56,African-American,Male,1,F,arrest case no charge,0,0,0,0,2,Low,1,1
40,Hispanic,Male,8,F,Possession of Cocaine,0,0,0,1,5,Medium,1,1
30,Hispanic,Male,5,F,arrest case no charge,0,0,0,1,3,Low,1,1
24,African-American,Male,1,M,Battery,0,0,0,1,4,Low,0,1
33,Caucasian,Female,0,M,Battery,0,0,0,0,1,Low,0,0
48,Caucasian,Male,2,M,arrest case no charge,0,0,0,0,8,High,0,1
33,African-American,Male,11,F,"Poss 3,4 MDMA (Ecstasy)",0,0,0,1,6,Medium,1,1
25,Hispanic,Male,0,F,Poss Contr Subst W/o Prescript,0,0,0,0,7,Medium,1,1
30,African-American,Male,7,F,Possess Countrfeit Credit Card,0,1,1,1,5,Medium,1,1
37,Hispanic,Male,0,F,Tamper With Witness/Victim/CI,0,0,0,1,3,Low,1,1
43,Caucasian,Female,7,F,Agg Battery Grt/Bod/Harm,0,0,0,0,8,High,1,0
32,Caucasian,Male,0,F,Driving While License Revoked,0,0,0,0,3,Low,1,1
33,Other,Male,3,F,arrest case no charge,0,0,0,0,7,Medium,1,1
39,Other,Male,4,F,Poss Pyrrolidinovalerophenone,0,1,0,1,2,Low,1,1
49,Caucasian,Male,4,F,Aggravated Assault w/Firearm,0,0,0,0,1,Low,1,1
24,Caucasian,Male,0,F,Robbery W/Deadly Weapon,0,0,0,0,4,Low,1,1
26,African-American,Male,1,F,Grand Theft (Motor Vehicle),0,0,0,0,9,High,1,1
42,Caucasian,Male,0,F,Aggrav Battery w/Deadly Weapon,0,0,0,0,2,Low,1,1
22,African-American,Male,1,F,Burglary Unoccupied Dwelling,0,0,0,1,6,Medium,1,1
36,Hispanic,Male,0,F,Grand Theft in the 3rd Degree,0,0,0,0,1,Low,1,1
29,Caucasian,Male,7,M,Battery,0,0,1,1,7,Medium,0,1
39,Caucasian,Male,0,M,Battery,0,0,0,0,3,Low,0,1
27,African-American,Male,13,F,arrest case no charge,0,2,1,1,6,Medium,1,1
38,Caucasian,Male,2,F,Possession of Cocaine,0,0,0,1,5,Medium,1,1
20,Caucasian,Male,0,F,Burglary Conveyance Unoccup,0,0,0,1,2,Low,1,1
25,African-American,Male,4,F,arrest case no charge,2,0,0,1,10,High,1,1
53,Caucasian,Male,0,M,Battery,0,0,0,0,1,Low,0,1
27,African-American,Female,0,M,Battery,0,0,0,1,8,High,0,0
21,Other,Male,0,F,Burglary Structure Unoccup,0,0,0,1,5,Medium,1,1
50,Caucasian,Male,1,M,Viol Injunct Domestic Violence,0,0,0,1,1,Low,0,1
41,African-American,Male,4,F,Child Abuse,0,0,0,0,5,Medium,1,1
22,Caucasian,Male,5,F,Possession Of Alprazolam,0,0,2,1,8,High,1,1
22,Caucasian,Male,0,F,Grand Theft (Motor Vehicle),0,0,2,1,7,Medium,1,1
25,African-American,Male,2,F,Pos Cannabis W/Intent Sel/Del,0,0,0,0,5,Medium,1,1
42,African-American,Male,1,F,Felony Driving While Lic Suspd,0,0,0,1,4,Low,1,1
51,Other,Male,2,F,arrest case no charge,0,0,0,0,1,Low,1,1
24,African-American,Male,0,F,Possession of Cannabis,0,0,1,0,3,Low,1,1
37,African-American,Male,4,F,arrest case no charge,0,0,0,0,4,Low,1,1
37,Caucasian,Male,0,M,Possess Cannabis/20 Grams Or Less,0,0,0,0,1,Low,0,1
27,Other,Female,0,M,Battery,0,0,0,0,2,Low,0,0
21,Other,Male,0,F,Robbery / No Weapon,0,0,0,0,6,Medium,1,1
35,African-American,Male,1,F,Aggravated Battery / Pregnant,0,0,0,1,1,Low,1,1
24,Caucasian,Female,0,F,Possession of Cocaine,0,0,0,0,8,High,1,0
49,Caucasian,Male,2,M,DUI Property Damage/Injury,0,0,0,0,1,Low,0,1
38,African-American,Male,9,F,arrest case no charge,0,0,0,0,6,Medium,1,1
61,Other,Male,0,M,DUI Level 0.15 Or Minor In Veh,0,0,0,0,1,Low,0,1
30,African-American,Female,0,M,Battery,0,0,0,0,2,Low,0,0
22,African-American,Male,3,F,Battery on a Person Over 65,0,0,0,0,6,Medium,1,1
25,African-American,Male,0,F,Poss Counterfeit Payment Inst,0,0,0,1,7,Medium,1,1
30,Hispanic,Female,3,M,Battery,0,0,0,1,3,Low,0,0
52,Caucasian,Male,0,M,Driving Under The Influence,0,0,0,0,1,Low,0,1
26,Caucasian,Male,0,F,Aggravated Battery / Pregnant,0,0,0,0,2,Low,1,1
26,Other,Male,0,M,Battery,0,0,0,0,4,Low,0,1
45,Caucasian,Male,9,F,Felony Petit Theft,0,0,0,1,9,High,1,1
20,African-American,Male,0,F,arrest case no charge,0,0,0,1,9,High,1,1
29,African-American,Male,4,F,arrest case no charge,0,0,0,0,8,High,1,1
43,Caucasian,Male,1,F,arrest case no charge,0,0,0,1,6,Medium,1,1
26,Caucasian,Male,2,F,D.U.I. Serious Bodily Injury,0,0,0,0,5,Medium,1,1
46,African-American,Female,4,F,arrest case no charge,0,0,0,0,4,Low,1,0
46,African-American,Female,0,F,Felony Driving While Lic Suspd,0,0,0,0,1,Low,1,0
29,African-American,Male,12,F,Possession of Cocaine,0,0,0,1,10,High,1,1
41,Caucasian,Male,0,M,DUI Property Damage/Injury,0,0,0,0,1,Low,0,1
25,African-American,Female,5,F,Poss Anti-Shoplifting Device,0,0,0,0,7,Medium,1,0
23,African-American,Male,2,F,Deliver Cocaine,1,0,0,0,7,Medium,1,1
30,Caucasian,Male,0,M,DUI Property Damage/Injury,0,0,0,0,3,Low,0,1
34,Caucasian,Male,1,F,arrest case no charge,0,0,0,0,6,Medium,1,1
70,Caucasian,Male,11,F,Possession of Cocaine,0,0,0,1,1,Low,1,1
52,Caucasian,Male,2,F,arrest case no charge,0,0,0,0,1,Low,1,1
51,African-American,Male,4,M,Susp Drivers Lic 1st Offense,0,0,0,0,2,Low,0,1
45,Native American,Female,15,F,Driving While License Revoked,0,0,0,1,10,High,1,0
55,African-American,Male,21,F,Felony Battery w/Prior Convict,0,0,0,1,6,Medium,1,1
49,Caucasian,Female,1,F,arrest case no charge,0,0,0,0,1,Low,1,0
47,Caucasian,Female,0,F,Battery on Law Enforc Officer,0,0,0,0,1,Low,1,0
27,African-American,Male,0,M,Battery,0,0,0,0,2,Low,0,1
25,Caucasian,Male,5,M,DUI Level 0.15 Or Minor In Veh,0,2,0,1,7,Medium,0,1
21,African-American,Male,1,F,arrest case no charge,0,1,0,1,10,High,1,1
37,African-American,Male,26,F,Driving While License Revoked,0,0,1,1,10,High,1,1
21,African-American,Male,1,F,Possession of Cocaine,0,0,0,1,9,High,1,1
21,African-American,Male,0,F,Burglary Structure Unoccup,0,0,0,0,6,Medium,1,1
25,African-American,Male,4,F,Possession of Cocaine,0,0,0,1,10,High,1,1
27,African-American,Female,3,F,Neglect Child / Bodily Harm,0,0,0,1,5,Medium,1,0
30,Caucasian,Male,3,F,Crimin Mischief Damage $1000+,0,0,0,1,4,Low,1,1
70,Caucasian,Male,0,M,DUI Property Damage/Injury,0,0,0,0,1,Low,0,1
37,Caucasian,Male,11,F,Deliver Cannabis,0,0,0,1,9,High,1,1
46,African-American,Male,5,F,Agg Fleeing and Eluding,0,0,0,1,5,Medium,1,1
40,Other,Male,4,M,Battery,0,0,0,1,1,Low,0,1
43,African-American,Male,18,F,arrest case no charge,0,0,0,1,4,Low,1,1
38,African-American,Male,15,F,Aggravated Assault w/Firearm,0,0,0,0,6,Medium,1,1
29,African-American,Male,0,F,Crim Use of Personal ID Info,0,0,0,0,4,Low,1,1
37,African-American,Male,8,M,Opert With Susp DL 2nd Offens,0,0,0,1,2,Low,0,1
38,Hispanic,Male,3,F,Possession of Cocaine,0,0,0,0,4,Low,1,1
27,Caucasian,Female,0,F,Possession of Cannabis,0,0,0,0,3,Low,1,0
20,Other,Female,0,M,Aggravated Assault W/Dead Weap,0,0,0,1,5,Medium,0,0
44,Hispanic,Male,0,M,Driving Under The Influence,0,0,0,0,1,Low,0,1
31,Caucasian,Male,6,M,Battery,0,0,0,0,5,Medium,0,1
29,African-American,Male,3,F,arrest case no charge,0,0,0,1,2,Low,1,1
30,African-American,Female,0,M,Battery,0,0,0,0,2,Low,0,0
25,Caucasian,Female,2,F,arrest case no charge,0,0,0,1,5,Medium,1,0
40,African-American,Male,3,F,Driving While License Revoked,0,0,0,0,2,Low,1,1
33,Caucasian,Male,1,M,Susp Drivers Lic 1st Offense,0,0,0,0,3,Low,0,1
26,Caucasian,Male,5,F,Threat Public Servant,0,0,0,1,5,Medium,1,1
31,Hispanic,Male,1,M,Possess Cannabis/20 Grams Or Less,0,1,0,0,3,Low,0,1
61,Caucasian,Male,1,M,DUI Property Damage/Injury,0,0,0,0,1,Low,0,1
30,Caucasian,Male,2,F,Use Of 2 Way Device To Fac Fel,0,0,0,0,4,Low,1,1
62,Caucasian,Male,0,M,Assault,0,0,0,0,1,Low,0,1
27,Caucasian,Female,4,M,Leave Acc/Attend Veh/More $50,0,0,0,1,8,High,0,0
48,Caucasian,Male,9,F,Grand Theft (Motor Vehicle),0,0,0,0,6,Medium,1,1
40,Caucasian,Female,0,F,Possession of Cocaine,0,0,0,0,2,Low,1,0
24,Caucasian,Male,0,F,Possession Of Methamphetamine,0,0,0,0,4,Low,1,1
22,African-American,Male,0,F,Grand Theft in the 3rd Degree,0,0,0,1,4,Low,1,1
30,African-American,Male,4,M,Battery,0,0,0,1,8,High,0,1
63,Caucasian,Male,0,M,DUI Property Damage/Injury,0,0,0,0,1,Low,0,1
33,African-American,Male,4,F,Possession of Cocaine,0,0,0,0,10,High,1,1
43,Caucasian,Male,0,M,Driving Under The Influence,0,0,0,1,4,Low,0,1
26,African-American,Male,3,F,Pos Cannabis W/Intent Sel/Del,0,0,0,1,10,High,1,1
51,African-American,Male,1,F,Neglect Child / No Bodily Harm,0,0,0,0,1,Low,1,1
39,Caucasian,Male,3,F,arrest case no charge,0,0,0,1,1,Low,1,1
30,Hispanic,Female,0,M,Battery,0,0,0,1,3,Low,0,0
32,African-American,Male,14,F,Felony Driving While Lic Suspd,0,0,0,1,8,High,1,1
22,African-American,Male,0,M,Petit Theft,0,0,0,0,6,Medium,0,1
59,Caucasian,Male,0,F,Possession of Cocaine,0,0,0,0,1,Low,1,1
38,African-American,Male,37,M,arrest case no charge,0,5,0,1,7,Medium,0,1
23,African-American,Male,2,F,arrest case no charge,0,0,0,0,6,Medium,1,1
42,African-American,Male,0,M,Battery,0,0,0,1,1,Low,0,1
38,African-American,Male,2,F,Burglary Dwelling Assault/Batt,0,0,0,1,7,Medium,1,1
34,Caucasian,Female,2,F,Possession of Cannabis,0,0,0,0,3,Low,1,0
36,African-American,Female,7,F,Criminal Mischief,0,0,0,1,3,Low,1,0
36,African-American,Male,0,M,Battery,0,0,0,1,3,Low,0,1
31,African-American,Male,1,F,Felony Battery (Dom Strang),0,0,0,0,1,Low,1,1
28,African-American,Female,3,F,arrest case no charge,0,0,0,1,4,Low,1,0
28,African-American,Male,1,F,"Poss3,4 Methylenedioxymethcath",0,0,0,1,2,Low,1,1
43,African-American,Male,0,F,Deliver Cannabis,0,0,0,0,4,Low,1,1
40,African-American,Male,1,F,arrest case no charge,0,0,0,0,1,Low,1,1
31,African-American,Male,15,F,Possession of Cocaine,0,2,0,1,9,High,1,1
54,African-American,Male,6,F,Possession of Cocaine,0,0,0,1,7,Medium,1,1
24,African-American,Male,17,F,arrest case no charge,0,0,0,1,9,High,1,1
41,Hispanic,Male,0,F,Escape,0,0,0,1,1,Low,1,1
21,African-American,Male,1,F,arrest case no charge,0,0,1,1,9,High,1,1
29,Hispanic,Female,1,F,Poss Contr Subst W/o Prescript,0,0,0,1,2,Low,1,0
22,African-American,Male,0,F,Uttering a Forged Instrument,0,0,1,0,3,Low,1,1
52,Hispanic,Male,9,F,Felony Petit Theft,0,0,0,1,7,Medium,1,1
40,Other,Female,0,F,Grand Theft in the 3rd Degree,0,0,0,0,1,Low,1,0
45,African-American,Female,1,F,Aggrav Battery w/Deadly Weapon,0,0,0,0,4,Low,1,0
29,African-American,Male,1,M,DUI/Property Damage/Persnl Inj,0,0,0,1,2,Low,0,1
46,African-American,Male,10,F,Felony Battery (Dom Strang),0,0,0,1,5,Medium,1,1
21,Caucasian,Male,1,F,Burglary Conveyance Unoccup,0,1,2,0,8,High,1,1
35,Caucasian,Male,6,F,Battery on a Person Over 65,0,0,0,1,5,Medium,1,1
52,African-American,Male,1,M,Viol Injunct Domestic Violence,0,0,0,1,1,Low,0,1
48,Caucasian,Male,0,M,DUI Level 0.15 Or Minor In Veh,0,0,0,0,1,Low,0,1
29,African-American,Female,9,M,Petit Theft $100- $300,0,0,3,1,8,High,0,0
48,Caucasian,Male,0,M,Battery,0,0,0,0,1,Low,0,1
31,African-American,Male,10,F,arrest case no charge,0,0,0,1,6,Medium,1,1
21,Caucasian,Male,3,F,Pos Cannabis W/Intent Sel/Del,0,0,0,1,8,High,1,1
32,Other,Male,0,F,Tamper With Witness/Victim/CI,0,0,0,1,1,Low,1,1
47,African-American,Male,0,M,Battery,0,0,0,0,5,Medium,0,1
21,African-American,Male,3,F,Criminal Mischief,1,2,2,1,10,High,1,1
35,African-American,Male,13,F,Possession of Cocaine,3,0,0,0,10,High,1,1
46,African-American,Male,3,M,Operating W/O Valid License,0,0,0,1,1,Low,0,1
34,African-American,Male,5,F,Grand Theft in the 3rd Degree,0,0,0,1,4,Low,1,1
52,African-American,Male,2,F,arrest case no charge,0,0,0,0,1,Low,1,1
21,Caucasian,Male,0,M,Battery,0,0,0,1,8,High,0,1
53,Caucasian,Male,1,M,Aggravated Assault W/Dead Weap,0,0,0,0,1,Low,0,1
19,Caucasian,Female,0,F,Felony Battery w/Prior Convict,0,0,0,1,3,Low,1,0
22,African-American,Male,0,M,Open Carrying Of Weapon,0,0,0,0,6,Medium,0,1
45,African-American,Male,1,F,arrest case no charge,0,0,0,0,3,Low,1,1
27,Caucasian,Female,0,F,Burglary With Assault/battery,0,0,0,0,2,Low,1,0
25,Caucasian,Male,0,M,Battery,0,0,0,0,2,Low,0,1
30,Caucasian,Male,0,F,Felony DUI (level 3),0,0,0,1,4,Low,1,1
31,African-American,Male,2,F,Driving While License Revoked,0,0,0,1,5,Medium,1,1
28,Caucasian,Male,3,F,arrest case no charge,0,0,0,0,3,Low,1,1
36,African-American,Male,3,M,Battery,0,0,0,1,2,Low,0,1
27,African-American,Male,7,F,arrest case no charge,0,0,0,1,5,Medium,1,1
42,African-American,Male,1,F,Possession of Cocaine,0,0,0,0,2,Low,1,1
35,Caucasian,Male,0,F,Possession of Cocaine,0,0,0,1,5,Medium,1,1
33,Caucasian,Female,2,F,Poss Contr Subst W/o Prescript,0,0,0,0,2,Low,1,0
24,Hispanic,Male,6,F,"Deliver 3,4 Methylenediox",1,0,0,1,10,High,1,1
25,African-American,Male,21,F,arrest case no charge,0,1,0,1,10,High,1,1
42,Caucasian,Female,0,M,Battery,0,0,0,0,1,Low,0,0
21,African-American,Male,0,F,Grand Theft in the 3rd Degree,0,0,0,1,6,Medium,1,1
28,African-American,Female,0,M,Battery,0,0,0,0,2,Low,0,0
27,African-American,Male,25,F,arrest case no charge,0,0,0,1,10,High,1,1
21,Caucasian,Female,0,F,Burglary Unoccupied Dwelling,0,0,0,0,6,Medium,1,0
26,Caucasian,Male,0,M,Battery,0,0,0,1,6,Medium,0,1
36,Caucasian,Male,0,F,Felony Battery (Dom Strang),0,0,0,0,1,Low,1,1
49,Caucasian,Male,0,F,Possession of Cocaine,0,0,0,1,7,Medium,1,1
44,Caucasian,Male,0,F,Possession of Cocaine,0,0,0,1,2,Low,1,1
28,Caucasian,Male,1,M,Battery,0,0,0,0,3,Low,0,1
35,African-American,Female,12,F,Possession Of Alprazolam,0,0,0,1,7,Medium,1,0
34,African-American,Male,3,F,Felony Driving While Lic Suspd,0,0,0,0,1,Low,1,1
45,African-American,Male,15,F,Driving While License Revoked,0,0,0,1,3,Low,1,1
28,African-American,Male,9,F,Driving While License Revoked,0,0,0,1,3,Low,1,1
25,African-American,Female,1,F,Aggrav Battery w/Deadly Weapon,0,0,0,0,3,Low,1,0
21,African-American,Male,1,M,Assault,0,1,0,0,8,High,0,1
48,African-American,Male,1,F,Hiring with Intent to Defraud,0,0,0,0,1,Low,1,1
37,Caucasian,Male,1,M,Battery,0,0,0,0,2,Low,0,1
24,African-American,Male,3,F,Possession of Cocaine,0,0,0,1,6,Medium,1,1
37,Caucasian,Male,1,M,Battery,0,0,0,1,1,Low,0,1
39,Caucasian,Male,1,F,Solicit Deliver Cocaine,0,0,0,0,3,Low,1,1
24,Caucasian,Male,1,F,Burglary Conveyance Unoccup,0,0,1,1,5,Medium,1,1
49,Other,Male,2,F,arrest case no charge,0,0,0,0,1,Low,1,1
23,African-American,Male,1,F,arrest case no charge,0,0,0,1,2,Low,1,1
43,Caucasian,Male,5,F,Burglary Structure Unoccup,0,0,0,0,5,Medium,1,1
28,African-American,Male,6,M,arrest case no charge,0,0,0,1,8,High,0,1
53,African-American,Male,1,M,DUI Property Damage/Injury,0,0,0,0,2,Low,0,1
27,African-American,Female,2,M,Petit Theft $100- $300,0,0,0,1,4,Low,0,0
39,Caucasian,Male,0,M,Viol Injunct Domestic Violence,0,0,0,0,1,Low,0,1
47,African-American,Male,22,F,Felony Driving While Lic Suspd,0,0,0,1,7,Medium,1,1
28,African-American,Male,4,F,Uttering a Forged Instrument,0,0,0,1,2,Low,1,1
36,Caucasian,Male,2,F,"Poss3,4 Methylenedioxymethcath",0,0,0,0,1,Low,1,1
24,African-American,Female,1,F,arrest case no charge,0,0,0,0,9,High,1,0
35,Hispanic,Male,0,M,Battery,0,0,0,0,2,Low,0,1
23,African-American,Male,3,F,Tampering With Physical Evidence,0,0,0,0,7,Medium,1,1
26,African-American,Male,2,F,Aggrav Battery w/Deadly Weapon,0,0,0,0,2,Low,1,1
31,African-American,Male,7,F,Grand Theft in the 3rd Degree,0,0,0,1,4,Low,1,1
30,African-American,Female,14,F,Carrying Concealed Firearm,0,3,2,1,10,High,1,0
25,Caucasian,Male,2,M,Driving Under The Influence,0,0,0,0,6,Medium,0,1
24,African-American,Male,6,F,Deliver Cocaine,0,0,0,1,10,High,1,1
34,Hispanic,Male,1,F,Grand Theft in the 3rd Degree,0,0,0,1,1,Low,1,1
26,African-American,Male,2,M,Battery,0,0,0,0,4,Low,0,1
60,Hispanic,Male,0,F,False Imprisonment,0,0,0,0,1,Low,1,1
20,African-American,Female,0,F,Grand Theft in the 3rd Degree,0,0,0,0,5,Medium,1,0
23,Caucasian,Male,0,F,"Poss3,4 Methylenedioxymethcath",0,0,0,0,3,Low,1,1
26,African-American,Male,5,F,arrest case no charge,0,0,0,1,7,Medium,1,1
40,Caucasian,Male,4,M,Driving Under The Influence,0,0,0,0,1,Low,0,1
28,Other,Male,1,F,Felony Driving While Lic Suspd,0,0,0,1,3,Low,1,1
49,Hispanic,Male,1,F,Grand Theft in the 3rd Degree,0,0,0,1,1,Low,1,1
19,African-American,Male,1,F,arrest case no charge,0,1,0,1,10,High,1,1
53,Caucasian,Male,1,F,arrest case no charge,0,0,0,0,1,Low,1,1
24,African-American,Female,0,F,Grand Theft in the 3rd Degree,0,0,0,0,3,Low,1,0
31,Hispanic,Male,0,F,Stalking (Aggravated),0,0,0,0,1,Low,1,1
33,Caucasian,Female,2,F,Possession of Hydromorphone,0,0,0,0,3,Low,1,0
26,Caucasian,Male,8,F,Robbery / Weapon,0,3,0,1,10,High,1,1
32,Caucasian,Male,2,F,Possession Of Alprazolam,0,0,0,0,2,Low,1,1
25,Caucasian,Male,0,F,arrest case no charge,0,0,0,1,2,Low,1,1
21,African-American,Male,1,F,Grand Theft in the 3rd Degree,0,0,0,0,2,Low,1,1
38,African-American,Male,3,F,Felony Battery w/Prior Convict,0,0,0,0,5,Medium,1,1
23,Caucasian,Male,0,F,Fleeing Or Attmp Eluding A Leo,0,0,0,0,2,Low,1,1
20,Caucasian,Male,0,F,arrest case no charge,0,0,1,1,6,Medium,1,1
39,Caucasian,Female,4,F,Aggravated Assault W/Dead Weap,0,0,0,1,1,Low,1,0
24,African-American,Male,1,F,Burglary Unoccupied Dwelling,0,0,0,1,2,Low,1,1
23,Hispanic,Male,0,F,Agg Fleeing/Eluding High Speed,0,0,0,0,2,Low,1,1
49,African-American,Male,3,F,arrest case no charge,0,0,0,0,4,Low,1,1
31,African-American,Male,7,F,Poss of Firearm by Convic Felo,0,0,0,1,7,Medium,1,1
20,African-American,Male,1,F,Grand Theft in the 3rd Degree,0,0,0,1,6,Medium,1,1
28,Caucasian,Male,0,M,Battery,0,0,0,0,3,Low,0,1
67,Caucasian,Male,3,F,arrest case no charge,0,0,0,0,1,Low,1,1
33,Hispanic,Male,0,F,Aggravated Battery / Pregnant,0,0,0,0,1,Low,1,1
52,African-American,Male,0,F,Solicitation On Felony 3 Deg,0,0,0,0,1,Low,1,1
45,African-American,Male,17,F,Felony Petit Theft,0,0,0,1,7,Medium,1,1
27,African-American,Male,8,F,Poss Cocaine/Intent To Del/Sel,0,0,1,1,7,Medium,1,1
22,Caucasian,Male,1,F,Grand Theft in the 3rd Degree,0,0,0,0,9,High,1,1
40,Caucasian,Male,0,M,Battery,0,0,0,1,1,Low,0,1
30,Caucasian,Male,1,M,Expired DL More Than 6 Months,0,0,0,1,8,High,0,1
42,African-American,Male,1,F,arrest case no charge,0,0,0,0,1,Low,1,1
24,African-American,Male,2,F,False Ownership Info/Pawn Item,0,0,1,1,3,Low,1,1
46,Caucasian,Male,4,F,Video Voyeur-<24Y on Child >16,0,0,0,0,2,Low,1,1
38,African-American,Male,4,F,Sell or Offer for Sale Counterfeit Goods,0,0,0,0,3,Low,1,1
32,Hispanic,Female,0,M,Lve/Scen/Acc/Veh/Prop/Damage,0,0,0,1,3,Low,0,0
26,Caucasian,Male,0,M,Grand Theft (Motor Vehicle),0,0,0,0,5,Medium,0,1
54,Caucasian,Male,1,M,Battery,0,0,0,1,1,Low,0,1
27,Hispanic,Male,2,F,Lewd/Lasc Battery Pers 12+/<16,0,0,0,0,3,Low,1,1
61,Caucasian,Male,1,F,arrest case no charge,0,0,0,0,4,Low,1,1
51,African-American,Male,1,M,Possess Cannabis/20 Grams Or Less,0,0,0,1,4,Low,0,1
57,Caucasian,Male,0,F,Aggrav Battery w/Deadly Weapon,0,0,0,0,1,Low,1,1
24,Caucasian,Male,3,M,Battery,0,0,3,1,5,Medium,0,1
34,African-American,Male,1,F,arrest case no charge,0,0,0,0,1,Low,1,1
27,Hispanic,Male,1,F,Throw Missile Into Pub/Priv Dw,0,0,0,0,2,Low,1,1
28,African-American,Female,10,M,Operating W/O Valid License,0,0,0,1,7,Medium,0,0
35,African-American,Male,10,M,Viol Prot Injunc Repeat Viol,0,0,0,1,8,High,0,1
30,African-American,Male,6,F,Driving While License Revoked,0,0,0,1,6,Medium,1,1
44,African-American,Male,0,F,Robbery / No Weapon,0,0,0,0,1,Low,1,1
61,Caucasian,Male,10,F,Burglary Conveyance Unoccup,0,0,0,0,6,Medium,1,1
26,African-American,Male,1,F,arrest case no charge,0,0,0,1,9,High,1,1
48,African-American,Male,10,F,Felony Driving While Lic Suspd,1,0,0,1,7,Medium,1,1
42,African-American,Male,4,M,Driving License Suspended,0,0,0,0,1,Low,0,1
38,Caucasian,Male,10,F,Possession of Cocaine,0,0,0,1,8,High,1,1
53,Caucasian,Female,0,M,Battery,0,0,0,0,1,Low,0,0
26,African-American,Male,3,M,Poss Of Controlled Substance,0,0,0,0,10,High,0,1
22,African-American,Male,1,F,Burglary Unoccupied Dwelling,0,0,0,1,7,Medium,1,1
50,Caucasian,Male,0,F,Grand Theft in the 3rd Degree,0,0,0,0,7,Medium,1,1
44,Caucasian,Male,16,M,Driving Under The Influence,3,0,0,0,7,Medium,0,1
24,African-American,Male,4,F,Agg Assault W/int Com Fel Dome,0,1,3,1,6,Medium,1,1
21,African-American,Male,0,F,Grand Theft in the 3rd Degree,0,0,0,1,7,Medium,1,1
50,Caucasian,Male,0,F,Possession of Cocaine,0,0,0,0,1,Low,1,1
36,Caucasian,Female,0,M,Battery,0,0,0,0,1,Low,0,0
39,Caucasian,Male,0,F,arrest case no charge,0,0,0,0,3,Low,1,1
54,African-American,Female,7,F,Fraudulent Use of Credit Card,0,0,0,0,6,Medium,1,0
29,African-American,Male,0,M,Resist Officer w/Violence,0,0,0,0,2,Low,0,1
26,Caucasian,Male,0,M,Battery,0,0,0,0,6,Medium,0,1
41,African-American,Male,3,F,Felony Driving While Lic Suspd,0,0,0,1,4,Low,1,1
23,African-American,Male,1,F,Grand Theft in the 3rd Degree,0,0,0,1,6,Medium,1,1
34,Caucasian,Male,0,M,Battery,0,0,0,0,1,Low,0,1
31,Caucasian,Male,11,F,False Ownership Info/Pawn Item,0,0,0,1,7,Medium,1,1
20,African-American,Male,0,F,Grand Theft in the 3rd Degree,0,0,0,0,3,Low,1,1
49,African-American,Male,10,F,arrest case no charge,0,0,0,1,6,Medium,1,1
26,African-American,Male,4,F,Possession Of Methamphetamine,0,0,0,1,8,High,1,1
28,African-American,Male,1,F,Possession of Cocaine,0,0,0,1,4,Low,1,1
26,African-American,Male,0,F,Grand Theft in the 3rd Degree,0,0,0,0,2,Low,1,1
55,African-American,Male,1,F,Possession of Cocaine,0,0,0,0,4,Low,1,1
22,African-American,Male,0,M,Prowling/Loitering,0,0,0,0,9,High,0,1
26,African-American,Female,0,M,Possess Cannabis/20 Grams Or Less,0,0,0,0,4,Low,0,0
56,Other,Male,0,M,Battery,0,0,0,0,1,Low,0,1
46,Other,Male,2,F,Possession Of Diazepam,0,0,0,0,3,Low,1,1
58,African-American,Male,16,F,arrest case no charge,0,0,0,1,6,Medium,1,1
28,African-American,Male,4,F,Burglary Structure Assault/Batt,0,0,0,0,7,Medium,1,1
33,African-American,Male,8,F,Possession of Oxycodone,0,0,0,0,6,Medium,1,1
31,African-American,Female,0,M,Battery,0,0,0,0,2,Low,0,0
26,African-American,Male,1,M,Poss Of Controlled Substance,0,0,0,0,5,Medium,0,1
34,Caucasian,Male,0,M,Battery,0,0,0,0,1,Low,0,1
33,Other,Male,0,F,Sell or Offer for Sale Counterfeit Goods,0,0,0,0,1,Low,1,1
32,African-American,Female,0,F,Felony Driving While Lic Suspd,0,0,0,0,2,Low,1,0
37,African-American,Male,9,F,Poss Cocaine/Intent To Del/Sel,0,0,0,1,6,Medium,1,1
50,African-American,Male,1,F,Possession of Cocaine,0,0,0,0,5,Medium,1,1
35,Caucasian,Male,1,F,arrest case no charge,0,0,0,0,2,Low,1,1
47,Caucasian,Female,0,M,Prostitution/Lewd Act Assignation,0,0,0,1,3,Low,0,0
52,African-American,Female,8,F,arrest case no charge,0,0,0,0,9,High,1,0
26,African-American,Male,5,F,Shoot In Occupied Dwell,0,1,2,1,7,Medium,1,1
45,African-American,Male,13,F,Felony Driving While Lic Suspd,0,0,0,1,1,Low,1,1
19,Other,Male,0,M,Battery,0,0,0,1,9,High,0,1
41,African-American,Male,8,F,Driving While License Revoked,0,0,0,1,2,Low,1,1
24,African-American,Male,0,M,Battery,0,0,0,0,2,Low,0,1
21,African-American,Male,1,F,Robbery / No Weapon,0,1,0,0,9,High,1,1
54,Caucasian,Male,0,M,Battery,0,0,0,0,1,Low,0,1
49,Caucasian,Male,0,F,Grand Theft (Motor Vehicle),0,0,0,0,1,Low,1,1
42,Caucasian,Male,1,F,arrest case no charge,0,0,0,0,2,Low,1,1
21,African-American,Male,1,F,Possession of Cocaine,0,0,0,1,4,Low,1,1
46,Caucasian,Male,5,F,Battery On A Person Over 65,0,0,0,1,8,High,1,1
74,Caucasian,Male,0,M,DUI - Enhanced,0,0,0,0,1,Low,0,1
38,Hispanic,Female,0,F,Possession of Cannabis,0,0,0,0,1,Low,1,0
39,African-American,Female,1,F,arrest case no charge,0,0,0,0,1,Low,1,0
38,African-American,Female,0,F,arrest case no charge,0,0,0,0,1,Low,1,0
19,African-American,Male,1,F,arrest case no charge,1,0,1,1,7,Medium,1,1
28,Caucasian,Male,0,F,Burglary Unoccupied Dwelling,0,0,0,1,2,Low,1,1
25,African-American,Male,1,F,Fleeing or Eluding a LEO,0,0,0,1,6,Medium,1,1
53,Caucasian,Male,1,M,DUI Property Damage/Injury,0,0,0,0,1,Low,0,1
23,African-American,Male,2,F,Burglary Unoccupied Dwelling,0,1,0,0,9,High,1,1
55,Caucasian,Male,33,F,Felony Petit Theft,0,0,0,1,9,High,1,1
64,Caucasian,Female,1,F,arrest case no charge,0,0,0,0,1,Low,1,0
23,African-American,Male,1,M,Battery,0,0,0,1,7,Medium,0,1
23,African-American,Male,4,F,Possession of Cannabis,0,0,2,1,8,High,1,1
41,Hispanic,Female,0,F,Burglary Structure Unoccup,0,0,0,0,1,Low,1,0
53,Other,Male,0,M,Driving Under The Influence,0,0,0,0,1,Low,0,1
34,African-American,Male,0,F,Battery on a Person Over 65,0,0,0,0,1,Low,1,1
24,Hispanic,Male,0,F,Felony Battery (Dom Strang),0,0,0,1,1,Low,1,1
26,African-American,Male,1,M,Criminal Mischief Damage <$200,0,0,0,0,1,Low,0,1
44,Caucasian,Male,4,F,Driving While License Revoked,0,0,0,0,2,Low,1,1
27,Caucasian,Female,0,F,Aggrav Battery w/Deadly Weapon,0,0,0,0,2,Low,1,0
28,Caucasian,Male,14,F,Pos Cannabis W/Intent Sel/Del,0,0,0,0,9,High,1,1
55,Caucasian,Male,1,M,DUI Property Damage/Injury,0,0,0,0,1,Low,0,1
36,African-American,Male,15,F,arrest case no charge,0,0,0,0,5,Medium,1,1
23,African-American,Male,1,F,arrest case no charge,0,0,0,0,4,Low,1,1
56,African-American,Male,1,M,Driving Under The Influence,0,0,0,0,1,Low,0,1
27,Caucasian,Male,2,F,Possession Of Alprazolam,0,0,0,1,6,Medium,1,1
37,Caucasian,Male,1,M,Battery,0,0,0,0,6,Medium,0,1
32,African-American,Male,1,F,Leaving the Scene of Accident,0,0,0,1,8,High,1,1
41,African-American,Male,18,M,Unlaw Use False Name/Identity,2,0,0,1,10,High,0,1
22,African-American,Male,1,F,Battery on Law Enforc Officer,0,0,0,1,6,Medium,1,1
37,Caucasian,Male,1,F,Possession of Cocaine,0,0,0,1,2,Low,1,1
45,African-American,Male,3,M,Viol Pretrial Release Dom Viol,0,0,0,0,2,Low,0,1
31,African-American,Female,14,F,Aggravated Assault,0,0,0,0,8,High,1,0
42,African-American,Male,7,F,Felony Battery (Dom Strang),0,0,0,1,5,Medium,1,1
26,African-American,Male,20,F,Grand Theft (Motor Vehicle),0,2,2,1,9,High,1,1
33,Caucasian,Male,0,F,"Deliver 3,4 Methylenediox",0,0,0,1,9,High,1,1
22,Caucasian,Male,0,M,DUI Level 0.15 Or Minor In Veh,0,0,0,1,2,Low,0,1
36,African-American,Female,1,M,Battery,0,0,0,0,1,Low,0,0
54,Caucasian,Male,0,M,Prostitution/Lewd Act Assignation,0,0,0,0,1,Low,0,1
25,African-American,Male,5,F,arrest case no charge,0,1,2,1,9,High,1,1
24,Caucasian,Male,3,F,Grand Theft in the 3rd Degree,0,0,0,1,5,Medium,1,1
23,Hispanic,Male,0,M,Leaving Acc/Unattended Veh,0,0,0,0,7,Medium,0,1
61,Caucasian,Male,0,M,Battery,0,0,0,0,1,Low,0,1
42,Caucasian,Female,0,M,Driving Under The Influence,0,0,0,0,1,Low,0,0
28,Caucasian,Male,1,M,DUI Property Damage/Injury,0,0,0,1,2,Low,0,1
27,African-American,Male,1,M,Possess Cannabis/20 Grams Or Less,0,0,0,0,5,Medium,0,1
24,Caucasian,Male,2,M,Battery,0,0,0,0,3,Low,0,1
32,African-American,Male,16,F,Driving While License Revoked,0,0,0,1,10,High,1,1
38,Caucasian,Male,0,F,Felony Battery (Dom Strang),0,0,0,0,1,Low,1,1
21,Caucasian,Male,1,M,Unl/Disturb Education/Instui,0,1,1,0,3,Low,0,1
27,African-American,Male,1,F,Possession Burglary Tools,0,0,0,1,7,Medium,1,1
39,Caucasian,Male,0,F,Possession of Cocaine,0,0,0,0,4,Low,1,1
29,Caucasian,Male,0,F,Uttering a Forged Instrument,0,0,0,0,1,Low,1,1
29,Caucasian,Male,1,F,Possession of Cocaine,0,0,0,0,3,Low,1,1
36,Caucasian,Male,1,F,Possession Of Alprazolam,0,0,0,1,4,Low,1,1
46,African-American,Male,0,F,Pos Cannabis W/Intent Sel/Del,0,0,0,1,7,Medium,1,1
44,African-American,Male,7,F,Poss of Cocaine W/I/D/S 1000FT Park,1,0,0,0,6,Medium,1,1
27,African-American,Male,0,M,Susp Drivers Lic 1st Offense,0,0,0,0,2,Low,0,1
27,African-American,Male,8,F,Felony Battery (Dom Strang),0,0,0,1,7,Medium,1,1
61,Caucasian,Male,0,M,Battery,0,0,0,0,1,Low,0,1
47,African-American,Male,0,M,Battery,0,0,0,1,1,Low,0,1
27,African-American,Male,1,M,Battery,0,0,0,0,1,Low,0,1
28,Caucasian,Male,0,F,Grand Theft in the 3rd Degree,0,0,0,1,2,Low,1,1
31,Caucasian,Female,1,M,Battery,0,0,0,1,5,Medium,0,0
26,Caucasian,Male,9,M,Violation Of Boater Safety Id,0,0,0,1,4,Low,0,1
53,African-American,Male,2,F,arrest case no charge,0,0,0,1,2,Low,1,1
26,African-American,Male,1,F,arrest case no charge,0,0,0,1,5,Medium,1,1
25,African-American,Male,2,F,arrest case no charge,0,0,0,0,4,Low,1,1
23,Other,Male,5,M,Resist/Obstruct W/O Violence,0,0,0,1,10,High,0,1
21,African-American,Female,4,M,arrest case no charge,0,3,1,1,8,High,0,0
23,African-American,Male,1,M,Leave Acc/Attend Veh/More $50,0,0,0,0,4,Low,0,1
30,Other,Male,3,M,Battery,0,1,1,0,1,Low,0,1
45,African-American,Female,2,F,False Motor Veh Insurance Card,0,0,0,0,3,Low,1,0
27,African-American,Male,2,M,Battery,0,0,0,1,5,Medium,0,1
26,African-American,Female,0,M,Battery,0,0,0,0,2,Low,0,0
21,Caucasian,Male,0,F,arrest case no charge,0,0,0,1,8,High,1,1
62,Caucasian,Female,0,M,Lve/Scen/Acc/Veh/Prop/Damage,0,0,0,0,1,Low,0,0
48,Caucasian,Male,0,F,Possession of Cocaine,0,0,0,0,3,Low,1,1
53,African-American,Male,1,M,DWLS Susp/Cancel Revoked,0,0,0,0,1,Low,0,1
62,African-American,Male,3,M,DUI Property Damage/Injury,0,0,0,1,3,Low,0,1
28,African-American,Male,5,F,Aggrav Stalking After Injunctn,1,1,0,0,10,High,1,1
56,Caucasian,Male,1,F,Fleeing Or Attmp Eluding A Leo,0,0,0,0,2,Low,1,1
35,Hispanic,Male,2,F,arrest case no charge,0,0,0,0,1,Low,1,1
56,Hispanic,Female,2,M,Viol Injunction Protect Dom Vi,0,0,0,1,1,Low,0,0
22,African-American,Male,2,F,Uttering a Forged Instrument,1,0,0,1,7,Medium,1,1
26,African-American,Male,5,F,Aggrav Child Abuse-Agg Battery,0,0,0,1,8,High,1,1
35,African-American,Male,4,M,Driving License Suspended,0,0,0,0,5,Medium,0,1
22,African-American,Male,1,F,Grand Theft in the 3rd Degree,0,0,0,1,3,Low,1,1
37,African-American,Female,7,F,Deliver Cocaine 1000FT Store,1,0,0,0,3,Low,1,0
32,African-American,Female,0,F,Uttering Forged Bills,0,0,0,0,2,Low,1,0
33,African-American,Female,3,F,Aggravated Assault W/Dead Weap,0,0,0,1,6,Medium,1,0
38,Other,Male,2,F,Felony Driving While Lic Suspd,0,0,0,1,3,Low,1,1
53,Caucasian,Male,0,M,Battery,0,0,0,0,1,Low,0,1
32,Caucasian,Male,0,M,Battery,0,0,0,0,1,Low,0,1
26,Caucasian,Male,0,M,Criminal Mischief Damage <$200,0,0,0,0,2,Low,0,1
61,Caucasian,Male,0,M,DUI Level 0.15 Or Minor In Veh,0,0,0,0,1,Low,0,1
21,African-American,Male,0,M,Battery,0,0,0,0,10,High,0,1
69,African-American,Male,22,M,Assault,0,0,0,0,5,Medium,0,1
26,African-American,Male,0,M,Driving Under The Influence,0,0,0,0,4,Low,0,1
30,African-American,Male,9,F,Poss of Firearm by Convic Felo,0,0,0,1,10,High,1,1
21,Caucasian,Male,1,F,arrest case no charge,0,0,0,0,4,Low,1,1
41,Caucasian,Male,0,M,DUI Property Damage/Injury,0,0,0,0,2,Low,0,1
45,African-American,Male,0,F,Driving While License Revoked,0,0,0,1,6,Medium,1,1
31,African-American,Male,10,F,Driving While License Revoked,0,1,3,1,5,Medium,1,1
22,Caucasian,Male,0,F,Aggravated Battery On 65/Older,0,0,0,0,3,Low,1,1
54,Caucasian,Female,0,F,Agg Battery Grt/Bod/Harm,0,0,0,1,3,Low,1,0
50,Caucasian,Male,2,M,Battery,0,0,0,1,1,Low,0,1
37,Other,Male,11,F,Pos Cannabis W/Intent Sel/Del,2,0,0,0,3,Low,1,1
21,African-American,Female,0,F,Deliver Cocaine,0,0,0,1,8,High,1,0
23,Hispanic,Male,6,M,Viol Injunct Domestic Violence,0,0,0,1,7,Medium,0,1
30,Caucasian,Male,0,F,False Imprisonment,0,0,0,1,3,Low,1,1
30,African-American,Male,11,F,arrest case no charge,0,0,0,1,8,High,1,1
26,Caucasian,Male,5,M,Lve/Scen/Acc/Veh/Prop/Damage,0,0,0,0,4,Low,0,1
59,African-American,Female,0,M,Battery,0,0,0,0,2,Low,0,0
29,African-American,Male,13,F,Driving While License Revoked,0,0,0,1,8,High,1,1
67,Hispanic,Male,0,F,Solicitation On Felony 3 Deg,0,0,0,0,1,Low,1,1
30,Caucasian,Male,13,F,Poss Pyrrolidinovalerophenone,0,0,0,1,8,High,1,1
25,African-American,Male,5,M,Battery,0,0,0,1,5,Medium,0,1
45,Hispanic,Male,8,F,Felony Petit Theft,0,0,0,0,6,Medium,1,1
22,African-American,Male,0,F,Carjacking w/o Deadly Weapon,0,0,1,0,3,Low,1,1
41,African-American,Male,8,F,Driving While License Revoked,0,0,0,1,1,Low,1,1
46,Asian,Male,3,F,Possession of Cocaine,0,0,0,1,5,Medium,1,1
27,Other,Male,0,M,Battery,0,0,0,0,5,Medium,0,1
37,African-American,Female,13,F,Felony Driving While Lic Suspd,0,0,0,0,6,Medium,1,0
22,African-American,Male,0,F,Burglary Conveyance Unoccup,0,0,2,1,3,Low,1,1
19,African-American,Male,0,F,Pos Cannabis W/Intent Sel/Del,0,0,0,1,4,Low,1,1
45,Caucasian,Male,2,M,arrest case no charge,0,0,0,0,2,Low,0,1
33,African-American,Female,5,F,Possession of Cocaine,0,0,0,1,9,High,1,0
52,African-American,Male,7,F,Felony Petit Theft,0,0,0,0,5,Medium,1,1
21,African-American,Female,0,F,Possession Of Alprazolam,0,0,0,0,6,Medium,1,0
43,African-American,Male,6,M,arrest case no charge,0,0,0,1,10,High,0,1
33,Caucasian,Male,3,F,arrest case no charge,0,0,0,0,6,Medium,1,1
26,African-American,Male,3,F,Felony Battery w/Prior Convict,1,0,0,1,10,High,1,1
37,Caucasian,Male,0,M,Battery,0,0,0,0,3,Low,0,1
38,African-American,Male,1,F,Resist Officer w/Violence,0,0,0,1,1,Low,1,1
35,Hispanic,Male,1,M,Battery,0,0,0,1,1,Low,0,1
27,African-American,Male,1,F,Felony Driving While Lic Suspd,0,0,0,1,2,Low,1,1
40,Other,Male,1,F,Felony Battery (Dom Strang),0,0,0,0,1,Low,1,1
21,African-American,Male,1,F,arrest case no charge,1,0,0,0,5,Medium,1,1
38,Caucasian,Male,3,F,Possession of Cocaine,0,0,0,1,9,High,1,1
37,Caucasian,Male,0,M,DUI Property Damage/Injury,0,0,0,0,4,Low,0,1
44,Caucasian,Male,0,F,Use of Anti-Shoplifting Device,0,0,0,0,1,Low,1,1
30,African-American,Male,0,F,Possession of Cannabis,0,0,0,0,2,Low,1,1
40,Hispanic,Male,0,F,Aggrav Battery w/Deadly Weapon,0,0,0,0,1,Low,1,1
49,Caucasian,Male,1,F,Resist Officer w/Violence,0,0,0,0,1,Low,1,1
67,Caucasian,Male,0,M,DUI- Enhanced,0,0,0,0,1,Low,0,1
59,African-American,Male,14,F,Possession of Cocaine,0,0,0,1,8,High,1,1
21,African-American,Male,1,F,arrest case no charge,1,0,0,1,10,High,1,1
31,Caucasian,Male,6,M,DUI Property Damage/Injury,0,0,0,0,7,Medium,0,1
50,Caucasian,Female,2,F,Possession of Cocaine,0,0,0,1,1,Low,1,0
30,African-American,Male,7,F,Driving While License Revoked,0,0,0,0,3,Low,1,1
28,Caucasian,Male,1,M,Assault,0,0,0,0,2,Low,0,1
48,African-American,Male,7,F,Possession of Cocaine,0,0,0,1,7,Medium,1,1
55,Caucasian,Male,0,M,DUI- Enhanced,0,0,0,0,1,Low,0,1
42,Caucasian,Male,0,M,Battery,0,0,0,0,3,Low,0,1
34,African-American,Male,0,M,Battery,0,0,0,1,7,Medium,0,1
43,African-American,Male,4,M,Viol Pretrial Release Dom Viol,0,0,0,1,5,Medium,0,1
44,African-American,Male,0,F,Aggrav Child Abuse-Causes Harm,0,0,0,0,1,Low,1,1
29,Hispanic,Male,17,F,Felony Battery (Dom Strang),0,1,0,1,6,Medium,1,1
25,Caucasian,Male,2,F,Carrying Concealed Firearm,0,0,0,1,5,Medium,1,1
32,African-American,Female,0,M,Battery,0,0,0,1,3,Low,0,0
96,Hispanic,Male,2,F,Aggravated Assault W/Dead Weap,0,0,0,1,2,Low,1,1
29,Hispanic,Male,0,M,Battery,0,0,0,0,2,Low,0,1
27,Hispanic,Male,8,F,Possession Of Alprazolam,0,1,1,1,5,Medium,1,1
31,Hispanic,Male,0,M,Petit Theft $100- $300,0,0,0,0,5,Medium,0,1
24,African-American,Male,1,F,Robbery Sudd Snatch No Weapon,0,0,0,1,3,Low,1,1
34,African-American,Male,0,F,arrest case no charge,0,0,0,1,7,Medium,1,1
48,African-American,Male,2,F,Grand Theft in the 3rd Degree,0,0,0,1,1,Low,1,1
41,African-American,Male,1,F,Grand Theft Firearm,0,0,0,0,1,Low,1,1
26,African-American,Male,12,M,Battery,0,0,1,1,9,High,0,1
42,African-American,Male,0,F,Imperson Public Officer or Emplyee,0,0,0,1,5,Medium,1,1
29,African-American,Male,0,M,Resist/Obstruct W/O Violence,0,0,0,0,5,Medium,0,1
26,Caucasian,Male,0,M,Battery,0,0,0,0,2,Low,0,1
27,African-American,Female,1,F,arrest case no charge,0,0,0,0,3,Low,1,0
35,Caucasian,Male,4,M,Battery,0,0,0,0,2,Low,0,1
54,Caucasian,Male,1,F,Grand Theft in the 3rd Degree,0,0,0,0,1,Low,1,1
20,African-American,Male,0,F,Burglary Dwelling Occupied,0,0,0,0,6,Medium,1,1
27,Caucasian,Male,0,F,arrest case no charge,0,0,0,0,6,Medium,1,1
21,African-American,Male,1,F,Burglary Unoccupied Dwelling,0,0,0,0,7,Medium,1,1
27,Caucasian,Male,7,M,Battery,0,1,1,1,9,High,0,1
34,African-American,Male,11,F,arrest case no charge,1,0,0,1,8,High,1,1
54,African-American,Male,0,M,Petit Theft $100- $300,0,0,0,0,1,Low,0,1
29,Other,Male,2,F,Felony Driving While Lic Suspd,0,0,0,1,2,Low,1,1
39,African-American,Male,1,F,arrest case no charge,0,0,0,0,1,Low,1,1
33,Caucasian,Female,0,M,Susp Drivers Lic 1st Offense,0,0,0,0,1,Low,0,0
40,Hispanic,Female,7,F,arrest case no charge,0,0,0,1,2,Low,1,0
35,African-American,Female,0,M,Battery,0,0,0,0,4,Low,0,0
28,Hispanic,Male,0,M,Battery,0,0,0,1,2,Low,0,1
53,African-American,Male,0,M,Battery,0,0,0,0,1,Low,0,1
28,Caucasian,Male,2,M,Exposes Culpable Negligence,0,0,1,0,4,Low,0,1
26,African-American,Male,0,F,Grand Theft in the 3rd Degree,0,0,0,0,8,High,1,1
31,African-American,Male,3,F,Felony Battery (Dom Strang),0,1,0,0,5,Medium,1,1
24,Caucasian,Male,3,M,Battery,0,0,0,1,8,High,0,1
45,Caucasian,Male,19,F,Felony Petit Theft,0,0,0,1,6,Medium,1,1
33,Hispanic,Male,1,M,Driving Under The Influence,0,0,0,0,4,Low,0,1
28,African-American,Male,1,F,Possession of Codeine,0,0,0,0,7,Medium,1,1
45,Caucasian,Female,1,F,Possession Of Methamphetamine,0,0,0,1,3,Low,1,0
33,Caucasian,Male,3,F,arrest case no charge,0,0,0,1,8,High,1,1
23,Caucasian,Male,4,F,Poss Pyrrolidinovalerophenone,0,0,4,1,6,Medium,1,1
36,African-American,Male,6,F,Cruelty Toward Child,0,0,0,0,5,Medium,1,1
22,African-American,Male,0,F,Pos Cannabis W/Intent Sel/Del,0,0,0,0,3,Low,1,1
28,African-American,Male,2,F,Grand Theft in the 3rd Degree,0,0,0,1,5,Medium,1,1
37,African-American,Male,3,M,Battery,0,0,0,0,2,Low,0,1
52,Caucasian,Female,0,M,Driving Under The Influence,0,0,0,0,1,Low,0,0
26,Caucasian,Male,0,F,Aggravated Battery,0,0,0,0,2,Low,1,1
28,Caucasian,Male,4,F,Possession Of Heroin,0,0,0,1,4,Low,1,1
33,Caucasian,Female,2,F,arrest case no charge,0,0,0,0,4,Low,1,0
23,Caucasian,Male,3,F,arrest case no charge,0,0,1,1,4,Low,1,1
31,Caucasian,Male,3,M,Driving Under The Influence,0,0,1,1,4,Low,0,1
55,Caucasian,Female,0,M,Driving Under The Influence,0,0,0,0,1,Low,0,0
24,Caucasian,Male,3,F,Tamper With Witness/Victim/CI,0,0,2,1,4,Low,1,1
37,African-American,Male,2,M,Driving License Suspended,0,0,0,0,1,Low,0,1
41,African-American,Male,0,F,Aggravated Assault w/Firearm,0,0,0,0,1,Low,1,1
26,Caucasian,Male,0,M,Driving Under The Influence,0,0,0,0,2,Low,0,1
41,African-American,Male,13,F,Aggravated Battery,0,0,0,0,5,Medium,1,1
33,African-American,Male,6,F,Pos Cannabis W/Intent Sel/Del,0,0,0,0,6,Medium,1,1
47,Hispanic,Male,0,M,Exposes Culpable Negligence,0,0,0,1,1,Low,0,1
23,African-American,Male,0,F,Grand Theft in the 3rd Degree,0,0,0,0,5,Medium,1,1
27,Caucasian,Male,1,F,arrest case no charge,0,0,0,0,3,Low,1,1
24,Caucasian,Male,0,F,Tamper With Victim,0,0,0,1,5,Medium,1,1
30,African-American,Male,10,F,arrest case no charge,0,1,0,0,9,High,1,1
55,Caucasian,Male,1,F,Possession of Cocaine,0,0,0,0,3,Low,1,1
26,African-American,Male,13,M,Battery,0,0,0,1,10,High,0,1
35,African-American,Male,0,F,Aggravated Battery,0,0,0,0,3,Low,1,1
20,African-American,Male,1,M,Prowling/Loitering,0,0,0,0,4,Low,0,1
24,Caucasian,Male,3,M,Disorderly Conduct,0,0,0,1,8,High,0,1
31,African-American,Male,8,M,Battery,0,2,0,1,10,High,0,1
55,African-American,Male,0,F,Pos Cannabis W/Intent Sel/Del,0,0,0,1,1,Low,1,1
33,Caucasian,Male,7,F,Neglect Child / No Bodily Harm,0,0,0,1,9,High,1,1
44,Caucasian,Male,6,F,arrest case no charge,0,0,0,1,6,Medium,1,1
41,African-American,Male,25,F,Possession of Cocaine,0,0,0,1,9,High,1,1
56,African-American,Male,9,M,arrest case no charge,0,0,0,0,8,High,0,1
21,African-American,Male,1,F,Burglary Unoccupied Dwelling,0,0,0,0,3,Low,1,1
48,Caucasian,Female,1,M,DUI Level 0.15 Or Minor In Veh,0,0,0,0,1,Low,0,0
56,Caucasian,Male,7,F,Felony Battery w/Prior Convict,0,0,0,1,6,Medium,1,1
39,Caucasian,Male,2,M,Battery,0,0,0,0,1,Low,0,1
31,Hispanic,Male,0,F,Tampering With Physical Evidence,0,0,0,0,2,Low,1,1
25,Caucasian,Female,0,F,Abuse Without Great Harm,0,0,0,0,6,Medium,1,0
28,African-American,Female,3,F,Aggravated Battery,0,0,0,0,5,Medium,1,0
30,African-American,Male,0,F,Possession of Oxycodone,0,0,0,1,2,Low,1,1
19,African-American,Female,0,M,Exposes Culpable Negligence,0,0,0,1,8,High,0,0
20,African-American,Male,0,M,Battery,0,0,0,1,4,Low,0,1
57,Caucasian,Male,0,F,Aggrav Battery w/Deadly Weapon,0,0,0,0,1,Low,1,1
51,African-American,Male,8,M,Petit Theft $100- $300,0,0,0,1,6,Medium,0,1
27,African-American,Male,5,F,Possession Of Methamphetamine,0,0,0,1,3,Low,1,1
26,African-American,Male,0,F,Traffick Amphetamine 28g><200g,0,0,2,0,5,Medium,1,1
23,Caucasian,Male,3,M,Petit Theft,0,0,0,1,8,High,0,1
35,African-American,Male,14,M,Battery,0,1,0,1,8,High,0,1
37,African-American,Male,5,F,Possession of Cocaine,0,0,0,0,6,Medium,1,1
48,African-American,Male,0,F,Felony Battery (Dom Strang),0,0,0,0,1,Low,1,1
21,African-American,Male,0,F,Burglary Unoccupied Dwelling,0,0,1,0,9,High,1,1
52,African-American,Male,1,M,arrest case no charge,0,0,0,0,1,Low,0,1
22,African-American,Male,0,F,Possession of Cocaine,0,0,0,1,4,Low,1,1
41,Caucasian,Male,1,F,Burglary Conveyance Unoccup,0,0,0,1,2,Low,1,1
25,Caucasian,Female,1,M,Battery,0,0,0,1,5,Medium,0,0
54,African-American,Male,0,M,Battery,0,0,0,1,1,Low,0,1
25,African-American,Male,13,F,arrest case no charge,4,0,0,1,10,High,1,1
40,Caucasian,Female,4,F,Possession of Cocaine,0,0,0,0,4,Low,1,0
22,African-American,Male,0,F,Att Burgl Unoccupied Dwel,0,0,0,0,7,Medium,1,1
50,Caucasian,Male,10,F,Fleeing Or Attmp Eluding A Leo,0,0,0,0,4,Low,1,1
35,Caucasian,Male,2,M,Battery,0,0,0,0,3,Low,0,1
28,Caucasian,Male,7,F,Felony Battery,0,0,0,1,9,High,1,1
21,African-American,Male,0,F,Carrying Concealed Firearm,0,0,0,0,7,Medium,1,1
27,Caucasian,Male,0,F,Burglary Conveyance Unoccup,0,0,0,0,3,Low,1,1
22,African-American,Male,0,F,Aggravated Assault W/Dead Weap,0,0,0,1,3,Low,1,1
38,Hispanic,Female,20,F,Battery on Law Enforc Officer,0,0,0,1,9,High,1,0
32,Caucasian,Male,0,F,Possession Of Methamphetamine,0,0,0,0,5,Medium,1,1
59,Caucasian,Male,0,F,Grand Theft in the 3rd Degree,0,0,0,0,1,Low,1,1
20,Other,Male,0,M,Battery,0,0,0,1,6,Medium,0,1
59,Caucasian,Male,0,F,Possession Of Alprazolam,0,0,0,0,1,Low,1,1
44,Caucasian,Female,1,F,Battery on Law Enforc Officer,0,0,0,1,1,Low,1,0
26,African-American,Male,9,M,Resist/Obstruct W/O Violence,0,1,1,1,10,High,0,1
30,African-American,Male,9,F,Driving While License Revoked,0,1,0,1,6,Medium,1,1
25,African-American,Male,3,M,Susp Drivers Lic 1st Offense,0,1,1,1,8,High,0,1
44,Hispanic,Male,0,M,Battery,0,0,0,0,1,Low,0,1
31,African-American,Female,0,M,Battery,0,0,0,1,6,Medium,0,0
32,African-American,Female,0,F,Burglary Conveyance Unoccup,0,0,0,0,3,Low,1,0
37,African-American,Male,22,F,arrest case no charge,0,0,0,1,9,High,1,1
22,Caucasian,Male,2,F,arrest case no charge,1,0,0,0,4,Low,1,1
38,African-American,Male,8,M,Unlaw Use False Name/Identity,0,0,0,1,6,Medium,0,1
34,Caucasian,Male,2,F,arrest case no charge,0,0,0,0,4,Low,1,1
30,African-American,Male,7,F,arrest case no charge,0,1,0,0,3,Low,1,1
38,Caucasian,Female,0,F,Resist Officer w/Violence,0,0,0,1,4,Low,1,0
36,African-American,Male,10,F,Poss of Cocaine W/I/D/S 1000FT Park,0,0,0,1,10,High,1,1
46,Other,Male,0,F,Grand Theft in the 3rd Degree,0,0,0,0,1,Low,1,1
35,Caucasian,Male,2,F,Battery On Fire Fighter,0,0,0,1,5,Medium,1,1
35,African-American,Male,0,F,Tamper With Witness/Victim/CI,0,0,0,0,1,Low,1,1
20,Other,Male,1,F,Possession Burglary Tools,0,0,0,1,6,Medium,1,1
30,African-American,Female,9,F,Felony Petit Theft,0,0,0,1,9,High,1,0
34,African-American,Male,16,F,Fleeing or Eluding a LEO,0,0,0,1,9,High,1,1
31,Caucasian,Male,3,F,Possession of Hydromorphone,0,0,0,1,4,Low,1,1
32,Hispanic,Male,0,M,Driving Under The Influence,0,0,0,1,1,Low,0,1
31,Caucasian,Male,4,F,arrest case no charge,0,1,1,1,8,High,1,1
22,Caucasian,Male,2,F,Possession Of Alprazolam,0,1,1,1,8,High,1,1
31,Hispanic,Male,0,F,Grand Theft in the 3rd Degree,0,0,0,0,10,High,1,1
36,African-American,Male,5,M,Battery,0,0,0,1,5,Medium,0,1
39,African-American,Male,2,M,Driving License Suspended,0,0,0,0,1,Low,0,1
51,African-American,Male,9,F,Possession of Cocaine,0,0,0,1,9,High,1,1
35,African-American,Male,7,F,Felony Driving While Lic Suspd,0,0,0,1,2,Low,1,1
35,Hispanic,Male,0,F,Possession Of Heroin,0,0,1,0,3,Low,1,1
23,Hispanic,Male,0,F,Driving While License Revoked,0,0,0,1,2,Low,1,1
37,African-American,Male,0,M,Contribute Delinquency Of A Minor,0,0,0,0,3,Low,0,1
25,African-American,Male,3,M,Oper Motorcycle W/O Valid DL,0,0,2,0,6,Medium,0,1
27,African-American,Female,0,F,Grand Theft in the 3rd Degree,0,0,0,0,3,Low,1,0
47,Caucasian,Male,2,M,Battery,0,0,0,0,1,Low,0,1
46,African-American,Male,12,M,Pos Cannabis W/Intent Sel/Del,0,0,0,0,6,Medium,0,1
27,Caucasian,Male,0,F,Pos Cannabis W/Intent Sel/Del,0,0,0,0,5,Medium,1,1
34,African-American,Male,0,F,Felony Battery w/Prior Convict,0,0,0,1,9,High,1,1
25,Caucasian,Male,0,M,DUI Property Damage/Injury,0,0,0,0,2,Low,0,1
26,African-American,Male,5,M,arrest case no charge,0,1,0,0,5,Medium,0,1
25,African-American,Male,1,F,Possession of Cocaine,0,0,0,1,4,Low,1,1
60,African-American,Male,9,F,Possession of Cocaine,0,0,0,0,8,High,1,1
49,Other,Male,0,M,Battery,0,0,0,1,1,Low,0,1
30,African-American,Male,12,F,Driving While License Revoked,0,0,0,1,9,High,1,1
21,African-American,Male,0,F,Grand Theft in the 3rd Degree,0,0,0,0,4,Low,1,1
25,African-American,Male,4,F,Possession of Cocaine,0,0,0,1,8,High,1,1
21,African-American,Male,0,F,Felony Battery (Dom Strang),0,0,0,1,4,Low,1,1
29,Hispanic,Male,1,M,Disorderly Intoxication,0,0,0,0,9,High,0,1
29,African-American,Male,4,M,Battery,0,0,0,0,4,Low,0,1
21,Hispanic,Male,0,M,Battery,0,0,0,0,3,Low,0,1
53,Other,Male,4,M,Neglect Child / No Bodily Harm,0,0,0,1,1,Low,0,1
51,Caucasian,Male,2,F,Agg Battery Grt/Bod/Harm,0,0,0,0,1,Low,1,1
29,African-American,Male,1,M,Susp Drivers Lic 1st Offense,0,0,0,0,1,Low,0,1
24,Other,Female,0,F,Neglect Child / No Bodily Harm,0,0,0,0,5,Medium,1,0
24,Other,Male,2,F,Possession of Cocaine,0,1,9,1,10,High,1,1
37,Hispanic,Male,5,F,Driving While License Revoked,0,0,0,0,2,Low,1,1
20,Caucasian,Male,0,F,Aiding Escape,0,0,0,1,9,High,1,1
53,Caucasian,Male,1,F,Lewd or Lascivious Molestation,0,0,0,0,1,Low,1,1
25,African-American,Male,5,F,Deliver Cocaine,0,0,0,0,8,High,1,1
38,Hispanic,Male,0,M,Driving Under The Influence,0,0,0,0,1,Low,0,1
22,African-American,Male,3,F,arrest case no charge,0,1,1,1,10,High,1,1
21,African-American,Male,1,F,Poss/Sell/Del Cocaine 1000FT Sch,0,0,0,0,8,High,1,1
21,Caucasian,Male,1,F,Carrying Concealed Firearm,0,0,0,1,5,Medium,1,1
27,African-American,Male,6,M,Driving License Suspended,2,0,0,1,8,High,0,1
28,African-American,Male,14,M,Resist/Obstruct W/O Violence,0,1,0,1,7,Medium,0,1
49,African-American,Male,6,M,Battery,0,0,0,1,4,Low,0,1
52,African-American,Male,7,F,Poss/pur/sell/deliver Cocaine,0,0,0,1,9,High,1,1
25,African-American,Male,1,M,Susp Drivers Lic 1st Offense,0,0,0,0,6,Medium,0,1
56,Caucasian,Male,2,F,Felony/Driving Under Influence,0,0,0,0,4,Low,1,1
34,African-American,Male,22,F,Driving While License Revoked,0,0,0,0,9,High,1,1
35,Hispanic,Male,7,F,arrest case no charge,0,0,0,0,7,Medium,1,1
23,African-American,Male,1,M,arrest case no charge,0,0,0,1,3,Low,0,1
22,Caucasian,Male,0,F,Possession Of Alprazolam,0,0,2,0,5,Medium,1,1
23,African-American,Male,0,F,Grand Theft in the 3rd Degree,0,0,0,1,8,High,1,1
30,African-American,Male,4,M,Susp Drivers Lic 1st Offense,0,0,0,0,10,High,0,1
42,African-American,Male,1,M,Viol Pretrial Release Dom Viol,0,0,0,1,6,Medium,0,1
50,African-American,Male,24,M,Susp Drivers Lic 1st Offense,0,0,2,1,8,High,0,1
37,Other,Male,4,M,arrest case no charge,0,0,0,1,1,Low,0,1
37,African-American,Male,0,F,Possession of Cocaine,0,0,0,0,9,High,1,1
23,African-American,Male,1,F,Possession of Cannabis,0,0,0,0,4,Low,1,1
41,Caucasian,Male,0,F,Agg Battery Grt/Bod/Harm,0,0,0,0,1,Low,1,1
50,African-American,Male,5,F,Possession of Cocaine,1,0,0,0,2,Low,1,1
41,Hispanic,Male,19,F,Felony Petit Theft,0,0,0,1,10,High,1,1
26,African-American,Male,2,F,Grand Theft (Motor Vehicle),0,0,0,1,2,Low,1,1
40,Other,Male,8,F,Possession of Cocaine,0,0,0,1,7,Medium,1,1
23,African-American,Male,2,F,"Poss3,4 Methylenedioxymethcath",0,0,0,1,8,High,1,1
55,Caucasian,Male,1,F,arrest case no charge,0,0,0,1,2,Low,1,1
24,African-American,Male,0,F,Grand Theft in the 3rd Degree,0,0,0,1,6,Medium,1,1
33,Caucasian,Male,5,M,Battery,0,1,0,1,1,Low,0,1
23,Caucasian,Male,0,F,Pos Cannabis W/Intent Sel/Del,0,0,0,0,2,Low,1,1
37,African-American,Male,1,M,Driving License Suspended,0,0,0,1,7,Medium,0,1
64,Other,Female,0,F,Grand Theft (Motor Vehicle),0,0,0,0,1,Low,1,0
51,Caucasian,Male,0,M,Battery,0,0,0,0,1,Low,0,1
40,Other,Male,4,F,Agg Battery Grt/Bod/Harm,0,0,0,1,1,Low,1,1
35,African-American,Female,3,M,Battery,0,0,0,1,6,Medium,0,0
22,Hispanic,Male,1,F,Grand Theft in the 3rd Degree,0,0,0,1,4,Low,1,1
29,African-American,Male,2,F,Introduce Contraband Into Jail,0,0,0,0,9,High,1,1
57,Caucasian,Male,0,M,Prowling/Loitering,0,0,0,0,1,Low,0,1
20,African-American,Male,1,M,Battery,0,1,2,1,5,Medium,0,1
23,Other,Female,0,M,Battery,0,0,0,0,5,Medium,0,0
23,African-American,Male,3,F,arrest case no charge,0,0,0,1,8,High,1,1
36,Caucasian,Male,9,M,arrest case no charge,0,0,0,1,4,Low,0,1
55,Caucasian,Male,1,M,Leave Acc/Attend Veh/More $50,0,0,0,0,1,Low,0,1
53,African-American,Male,18,M,Unlaw Use False Name/Identity,0,0,0,1,7,Medium,0,1
21,African-American,Male,1,F,Pos Cannabis W/Intent Sel/Del,0,0,0,1,9,High,1,1
27,African-American,Male,3,M,Battery,0,0,0,1,3,Low,0,1
28,African-American,Male,6,F,Grand Theft in the 3rd Degree,0,1,0,1,9,High,1,1
26,Caucasian,Male,1,F,arrest case no charge,0,0,0,1,3,Low,1,1
25,Caucasian,Male,1,F,"Poss3,4 Methylenedioxymethcath",0,0,0,0,6,Medium,1,1
66,Caucasian,Male,0,F,Grand Theft in the 3rd Degree,0,0,0,0,1,Low,1,1
28,African-American,Male,3,M,Carrying Concealed Firearm,0,0,0,0,2,Low,0,1
24,African-American,Male,0,M,Possess Cannabis/20 Grams Or Less,0,0,0,0,5,Medium,0,1
60,Caucasian,Male,18,M,Driving Under The Influence,0,0,0,1,2,Low,0,1
37,African-American,Male,2,F,Driving While License Revoked,0,0,0,1,4,Low,1,1
73,Caucasian,Male,0,M,Battery,0,0,0,0,1,Low,0,1
44,African-American,Male,0,F,arrest case no charge,0,0,0,0,2,Low,1,1
42,Hispanic,Male,0,M,Driving Under The Influence,0,0,0,0,1,Low,0,1
40,African-American,Male,6,F,Possession of Cocaine,0,0,0,0,7,Medium,1,1
21,Hispanic,Male,0,F,Grand Theft (Motor Vehicle),0,0,0,0,10,High,1,1
56,Caucasian,Male,0,M,Battery,0,0,0,1,1,Low,0,1
42,African-American,Male,3,F,Possession of Cocaine,0,0,0,0,1,Low,1,1
50,Caucasian,Male,1,F,arrest case no charge,0,0,0,0,3,Low,1,1
34,Caucasian,Male,0,M,Battery,0,0,0,0,2,Low,0,1
47,African-American,Male,1,M,Battery,0,0,0,1,1,Low,0,1
58,Caucasian,Male,3,F,Felony Battery w/Prior Convict,0,0,0,0,2,Low,1,1
48,Caucasian,Male,3,F,Possession of Hydromorphone,0,0,0,0,4,Low,1,1
20,Caucasian,Female,0,F,Grand Theft in the 3rd Degree,0,0,0,0,3,Low,1,0
53,African-American,Female,10,F,Aggravated Assault W/dead Weap,0,0,0,1,2,Low,1,0
29,African-American,Male,0,F,Driving While License Revoked,0,0,0,0,9,High,1,1
38,Other,Male,1,M,Battery,0,0,0,0,1,Low,0,1
43,Caucasian,Female,0,M,Grand Theft (Motor Vehicle),0,0,0,0,2,Low,0,0
25,Hispanic,Male,2,M,Battery,0,0,0,1,3,Low,0,1
53,Caucasian,Male,1,M,Battery,0,0,0,1,1,Low,0,1
22,Caucasian,Male,0,M,Possess Tobacco Product Under 18,0,0,3,0,7,Medium,0,1
32,Hispanic,Female,1,M,Burglary Conveyance Occupied,0,0,0,0,2,Low,0,0
26,Caucasian,Male,9,M,Possess Cannabis/20 Grams Or Less,0,0,0,1,7,Medium,0,1
48,Other,Female,0,F,Aggrav Battery w/Deadly Weapon,0,0,0,0,1,Low,1,0
23,African-American,Male,4,F,Poss Cntrft Contr Sub w/Intent,0,0,0,1,10,High,1,1
71,Caucasian,Male,1,M,DUI Property Damage/Injury,0,0,0,0,1,Low,0,1
61,Caucasian,Female,0,M,Disorderly Conduct,0,0,0,0,1,Low,0,0
22,Caucasian,Female,2,M,Possess Cannabis/20 Grams Or Less,0,0,0,0,5,Medium,0,0
54,Caucasian,Female,1,M,Resist/Obstruct W/O Violence,0,0,0,0,2,Low,0,0
24,Caucasian,Male,6,F,arrest case no charge,0,2,0,0,9,High,1,1
28,Caucasian,Female,0,F,Aggrav Battery w/Deadly Weapon,0,0,0,0,5,Medium,1,0
25,Caucasian,Female,2,F,Escape,0,0,0,0,10,High,1,0
22,African-American,Female,1,F,Murder in the First Degree,0,0,0,0,5,Medium,1,0
24,African-American,Male,2,F,Resist Officer w/Violence,0,0,0,1,3,Low,1,1
35,African-American,Male,0,F,Tampering With Physical Evidence,0,0,0,0,4,Low,1,1
21,African-American,Male,0,F,Aggravated Battery / Pregnant,0,0,0,0,3,Low,1,1
49,Caucasian,Male,1,M,Felony Battery w/Prior Convict,0,0,0,0,1,Low,0,1
26,African-American,Male,6,F,Aggravated Battery / Pregnant,0,0,0,1,9,High,1,1
30,African-American,Male,7,F,Burglary Conveyance Unoccup,0,1,0,1,9,High,1,1
30,African-American,Male,5,F,Aggravated Assault w/Firearm,0,0,0,1,4,Low,1,1
64,Caucasian,Male,8,F,Driving While License Revoked,0,0,0,0,1,Low,1,1
45,Caucasian,Female,7,F,arrest case no charge,0,1,0,1,2,Low,1,0
37,African-American,Male,3,M,Battery,0,0,0,0,2,Low,0,1
34,African-American,Female,1,F,Neglect Child / No Bodily Harm,0,0,0,1,7,Medium,1,0
60,Hispanic,Male,4,F,Grand Theft in the 3rd Degree,0,0,0,0,1,Low,1,1
58,Caucasian,Male,0,M,Viol Injunction Protect Dom Vi,0,0,0,0,1,Low,0,1
27,Caucasian,Male,0,F,Use Computer for Child Exploit,0,0,0,0,1,Low,1,1
30,African-American,Male,0,M,DUI Level 0.15 Or Minor In Veh,0,0,0,1,1,Low,0,1
25,African-American,Male,0,M,DUI Property Damage/Injury,0,0,2,0,2,Low,0,1
60,African-American,Male,19,F,Possession of Cocaine,0,0,0,1,8,High,1,1
56,African-American,Male,24,F,Felony Petit Theft,0,0,0,0,8,High,1,1
33,African-American,Male,2,M,Battery,0,0,0,0,1,Low,0,1
25,Caucasian,Male,9,F,Burglary Dwelling Occupied,0,1,0,1,9,High,1,1
32,African-American,Male,6,F,Grand Theft in the 3rd Degree,0,0,0,1,7,Medium,1,1
24,African-American,Male,3,F,Crimin Mischief Damage $1000+,0,0,0,1,3,Low,1,1
23,Caucasian,Male,2,F,arrest case no charge,0,1,0,1,8,High,1,1
23,Hispanic,Male,3,F,Burglary Conveyance Unoccup,0,0,0,1,6,Medium,1,1
25,African-American,Male,1,F,Possession of Hydrocodone,0,0,0,1,4,Low,1,1
20,African-American,Female,0,F,Grand Theft in the 3rd Degree,0,0,0,0,4,Low,1,0
32,African-American,Male,9,F,Burglary Unoccupied Dwelling,0,0,4,0,9,High,1,1
49,African-American,Female,0,F,Aggravated Assault W/dead Weap,0,0,0,0,1,Low,1,0
22,African-American,Male,1,F,Grand Theft in the 3rd Degree,0,0,0,0,3,Low,1,1
24,African-American,Male,0,F,Possession Burglary Tools,0,0,0,0,3,Low,1,1
26,Caucasian,Male,10,F,Driving While License Revoked,0,0,0,1,7,Medium,1,1
29,African-American,Male,1,M,Battery,0,0,0,1,2,Low,0,1
22,Caucasian,Male,0,F,Pos Cannabis W/Intent Sel/Del,0,0,0,0,6,Medium,1,1
26,African-American,Female,3,F,Aggravated Assault W/dead Weap,0,0,0,0,5,Medium,1,0
21,African-American,Male,0,F,Burglary Unoccupied Dwelling,0,0,0,1,7,Medium,1,1
54,Caucasian,Male,2,M,Battery,0,0,0,0,1,Low,0,1
59,African-American,Male,1,F,Possession of Cocaine,0,0,0,0,1,Low,1,1
22,African-American,Male,0,F,Uttering a Forged Instrument,0,0,1,1,8,High,1,1
24,Other,Male,1,F,Aggravated Assault W/dead Weap,0,0,0,1,4,Low,1,1
64,African-American,Male,20,F,Driving While License Revoked,0,0,0,0,7,Medium,1,1
45,Caucasian,Male,1,M,Driving Under The Influence,0,0,0,1,1,Low,0,1
22,African-American,Female,0,F,Grand Theft in the 3rd Degree,0,0,0,0,4,Low,1,0
24,African-American,Male,5,F,Felony Driving While Lic Suspd,0,0,0,1,3,Low,1,1
30,African-American,Female,3,F,Felony Driving While Lic Suspd,0,0,0,1,6,Medium,1,0
27,Caucasian,Female,0,F,,0,0,0,0,5,Medium,1,0
20,Caucasian,Male,0,F,Grand Theft in the 3rd Degree,0,0,2,0,4,Low,1,1
29,Hispanic,Male,0,F,Traff In Cocaine <400g>150 Kil,0,0,0,1,5,Medium,1,1
28,Caucasian,Male,5,F,arrest case no charge,0,0,0,1,5,Medium,1,1
37,Other,Male,0,M,Battery,0,0,0,0,1,Low,0,1
25,Other,Male,2,F,"Poss3,4 Methylenedioxymethcath",0,0,0,0,2,Low,1,1
23,Caucasian,Male,3,F,arrest case no charge,0,0,1,1,6,Medium,1,1
32,African-American,Female,0,M,Battery,0,0,0,0,2,Low,0,0
44,Caucasian,Female,1,F,Grand Theft in the 3rd Degree,0,0,0,0,1,Low,1,0
41,African-American,Male,8,F,Felony Battery (Dom Strang),0,0,0,0,4,Low,1,1
30,Caucasian,Male,3,F,Murder In 2nd Degree W/firearm,0,0,0,0,2,Low,1,1
27,African-American,Male,2,M,Battery,0,0,0,1,5,Medium,0,1
32,African-American,Male,0,F,Possession of Cocaine,0,0,0,1,1,Low,1,1
40,African-American,Male,24,M,Battery,0,1,1,1,8,High,0,1
34,Hispanic,Male,2,M,Operating W/O Valid License,0,0,0,0,3,Low,0,1
33,African-American,Female,3,M,Battery,0,0,0,0,4,Low,0,0
33,Caucasian,Male,0,F,Resist Officer w/Violence,0,0,0,0,1,Low,1,1
37,Hispanic,Male,1,M,Battery,0,0,0,0,1,Low,0,1
28,African-American,Male,9,M,Battery,0,0,0,0,5,Medium,0,1
25,African-American,Female,0,F,Aggravated Assault W/dead Weap,0,0,0,1,5,Medium,1,0
30,African-American,Female,1,M,Driving Under The Influence,0,0,0,0,4,Low,0,0
47,African-American,Female,0,M,Disorderly Intoxication,0,0,0,0,2,Low,0,0
24,Caucasian,Male,0,F,Grand Theft in the 3rd Degree,0,0,0,1,2,Low,1,1
31,Caucasian,Male,9,F,arrest case no charge,0,0,0,1,8,High,1,1
52,African-American,Male,0,F,Neglect Child / Bodily Harm,0,0,0,1,4,Low,1,1
25,African-American,Male,5,F,Poss Meth/Diox/Meth/Amp (MDMA),0,0,1,1,10,High,1,1
46,African-American,Female,7,M,Battery,0,0,0,0,8,High,0,0
62,Caucasian,Male,3,M,Battery,0,0,0,0,1,Low,0,1
36,Caucasian,Male,0,M,Battery,0,0,0,1,7,Medium,0,1
24,African-American,Male,2,F,Trans/Harm/Material to a Minor,0,0,1,1,3,Low,1,1
37,Hispanic,Male,3,M,Felony Battery (Dom Strang),0,0,0,1,2,Low,0,1
25,Caucasian,Male,9,F,arrest case no charge,0,2,1,0,9,High,1,1
21,African-American,Male,0,M,Battery,0,0,1,1,10,High,0,1
38,Asian,Male,0,M,Battery,0,0,0,0,1,Low,0,1
29,African-American,Male,5,F,Possession of Cannabis,0,0,0,1,7,Medium,1,1
52,African-American,Male,0,M,Battery,0,0,0,1,1,Low,0,1
29,African-American,Male,5,F,Possession Burglary Tools,0,0,0,0,10,High,1,1
59,African-American,Male,13,F,Felony Petit Theft,0,0,0,1,2,Low,1,1
39,African-American,Male,2,F,Possession of Cannabis,0,0,0,0,3,Low,1,1
48,Hispanic,Male,1,M,Driving Under The Influence,0,0,0,0,1,Low,0,1
31,Other,Male,3,M,Battery,0,0,0,1,1,Low,0,1
20,African-American,Male,1,F,Burglary Conveyance Unoccup,0,1,1,1,10,High,1,1
50,Caucasian,Male,0,M,DUI Property Damage/Injury,0,0,0,0,1,Low,0,1
27,African-American,Male,7,F,Burglary Structure Unoccup,0,0,0,1,9,High,1,1
27,African-American,Male,0,M,Battery,0,0,0,0,1,Low,0,1
31,Caucasian,Male,4,F,Felony Petit Theft,0,0,0,1,7,Medium,1,1
24,African-American,Female,2,M,Unlaw LicTag/Sticker Attach,0,0,0,0,6,Medium,0,0
24,African-American,Male,4,F,Grand Theft (Motor Vehicle),0,0,0,1,9,High,1,1
30,Caucasian,Male,0,M,Possess Cannabis/20 Grams Or Less,0,0,0,1,2,Low,0,1
41,Caucasian,Male,0,F,Possession of Cocaine,0,0,0,0,2,Low,1,1
38,Other,Male,1,F,Carrying Concealed Firearm,0,0,0,0,3,Low,1,1
32,African-American,Male,2,F,Possession of Cocaine,0,0,0,1,8,High,1,1
69,Caucasian,Male,0,M,DUI- Enhanced,0,0,0,1,1,Low,0,1
25,Caucasian,Male,1,F,Possession of Cocaine,0,0,0,0,9,High,1,1
55,Caucasian,Male,0,M,Battery,0,0,0,1,1,Low,0,1
28,African-American,Male,7,F,Grand Theft in the 3rd Degree,1,0,0,1,10,High,1,1
27,Caucasian,Male,0,M,DUI Level 0.15 Or Minor In Veh,0,0,0,1,4,Low,0,1
20,African-American,Female,1,F,Battery on Law Enforc Officer,0,0,0,1,6,Medium,1,0
36,African-American,Male,2,F,Driving While License Revoked,0,0,0,1,1,Low,1,1
39,Hispanic,Female,10,F,Battery on a Person Over 65,0,0,2,1,4,Low,1,0
25,African-American,Male,10,F,Deliver Cocaine,0,1,1,1,10,High,1,1
35,Caucasian,Female,1,M,Battery,0,0,0,0,4,Low,0,0
32,African-American,Male,12,M,Battery,0,1,3,1,10,High,0,1
69,Other,Male,0,M,Battery,0,0,0,0,1,Low,0,1
21,Caucasian,Male,1,M,Criminal Mischief Damage <$200,0,0,1,0,6,Medium,0,1
41,Caucasian,Male,1,F,arrest case no charge,0,0,0,0,1,Low,1,1
21,Hispanic,Male,0,F,Grand Theft in the 3rd Degree,0,0,0,0,5,Medium,1,1
38,African-American,Male,0,F,Driving While License Revoked,0,0,0,0,8,High,1,1
21,African-American,Male,1,F,Tampering With Physical Evidence,0,0,0,1,9,High,1,1
35,Caucasian,Male,2,M,Viol Prot Injunc Repeat Viol,0,0,0,1,2,Low,0,1
34,African-American,Male,5,M,Battery,0,0,0,0,6,Medium,0,1
52,Caucasian,Male,0,M,Battery,0,0,0,0,1,Low,0,1
21,African-American,Male,0,F,arrest case no charge,0,0,0,0,8,High,1,1
43,African-American,Male,8,M,Battery,0,0,0,0,2,Low,0,1
32,Caucasian,Female,0,F,Grand Theft in the 3rd Degree,0,0,0,0,2,Low,1,0
49,Caucasian,Male,5,F,Robbery / No Weapon,0,0,0,1,6,Medium,1,1
21,African-American,Female,0,M,Battery,0,0,0,0,4,Low,0,0
28,African-American,Male,5,F,Crim Use of Personal ID Info,0,0,0,1,5,Medium,1,1
65,Caucasian,Female,1,F,Introduce Contraband Into Jail,0,0,0,0,1,Low,1,0
27,Caucasian,Female,0,M,Battery,0,0,0,0,3,Low,0,0
48,Caucasian,Male,20,F,Possession of Cocaine,0,0,0,1,8,High,1,1
20,African-American,Male,0,M,Battery,0,0,0,1,3,Low,0,1
49,Other,Male,7,F,Child Abuse,0,0,0,1,6,Medium,1,1
42,Other,Male,6,M,Assault,0,0,0,0,3,Low,0,1
63,African-American,Male,6,F,arrest case no charge,0,0,0,0,3,Low,1,1
40,Caucasian,Male,0,M,Driving Under The Influence,0,0,0,0,2,Low,0,1
34,Hispanic,Male,0,F,Felony Battery (Dom Strang),0,0,0,0,2,Low,1,1
21,African-American,Male,1,F,Grand Theft in the 3rd Degree,0,0,0,1,10,High,1,1
27,Caucasian,Male,1,M,Battery,0,0,0,0,2,Low,0,1
29,Hispanic,Male,0,M,Battery,0,0,0,0,1,Low,0,1
35,Caucasian,Male,0,M,Battery,0,0,0,1,10,High,0,1
50,African-American,Female,0,M,Battery,0,0,0,0,1,Low,0,0
47,Caucasian,Male,0,M,Battery,0,0,0,0,1,Low,0,1
44,Caucasian,Male,2,M,Battery,0,0,0,0,4,Low,0,1
56,Hispanic,Male,0,F,Poss Cocaine/Intent To Del/Sel,0,0,0,0,1,Low,1,1
23,African-American,Male,0,M,Battery,0,0,0,0,3,Low,0,1
54,African-American,Male,10,F,Possession of Cocaine,0,0,0,0,6,Medium,1,1
38,Caucasian,Male,17,F,Felony Petit Theft,0,0,0,0,10,High,1,1
25,Hispanic,Male,0,F,Pos Cannabis W/Intent Sel/Del,0,0,0,1,2,Low,1,1
44,Caucasian,Male,2,F,Felony Petit Theft,0,0,0,1,3,Low,1,1
52,African-American,Male,3,M,Resist/Obstruct W/O Violence,0,0,0,1,3,Low,0,1
52,Caucasian,Female,0,F,Felony Petit Theft,0,0,0,1,2,Low,1,0
21,African-American,Male,0,M,Prowling/Loitering,0,0,0,1,9,High,0,1
30,Caucasian,Female,9,F,arrest case no charge,0,0,0,1,4,Low,1,0
56,African-American,Male,6,F,Possession of Cocaine,0,0,0,0,2,Low,1,1
35,African-American,Male,12,F,Possession of Oxycodone,0,0,0,1,8,High,1,1
39,Caucasian,Male,1,F,Burglary Dwelling Assault/Batt,0,0,0,0,1,Low,1,1
29,Caucasian,Male,0,M,Battery,0,0,0,0,1,Low,0,1
23,African-American,Male,2,F,Grand Theft in the 3rd Degree,0,0,0,1,5,Medium,1,1
26,Caucasian,Male,0,M,Criminal Mischief>$200<$1000,0,0,0,0,5,Medium,0,1
64,African-American,Female,1,M,Resist/Obstruct W/O Violence,0,0,0,1,1,Low,0,0
58,Other,Female,0,F,Harass Witness/Victm/Informnt,0,0,0,0,1,Low,1,0
20,Caucasian,Male,1,F,Grand Theft of the 2nd Degree,0,0,2,1,2,Low,1,1
21,African-American,Male,0,F,Grand Theft in the 3rd Degree,0,0,0,1,5,Medium,1,1
21,African-American,Male,0,F,Burglary Unoccupied Dwelling,0,0,0,0,5,Medium,1,1
23,African-American,Male,0,F,Grand Theft in the 3rd Degree,0,0,0,0,7,Medium,1,1
46,African-American,Male,3,F,arrest case no charge,0,0,0,0,4,Low,1,1
25,African-American,Male,21,F,Driving While License Revoked,0,13,1,1,9,High,1,1
35,Hispanic,Male,5,F,Possession of Cocaine,0,0,0,0,7,Medium,1,1
30,African-American,Female,0,M,Battery,0,0,0,0,3,Low,0,0
47,Caucasian,Male,1,F,Grand Theft in the 3rd Degree,0,0,0,0,1,Low,1,1
30,Caucasian,Male,4,F,Use of Anti-Shoplifting Device,0,0,0,0,4,Low,1,1
47,African-American,Male,1,F,Possession of Cocaine,0,0,0,0,1,Low,1,1
39,African-American,Male,1,F,Possession of Cocaine,0,0,0,1,2,Low,1,1
30,Hispanic,Male,2,M,Susp Drivers Lic 1st Offense,0,0,0,1,2,Low,0,1
24,Caucasian,Male,1,F,Possession Of Alprazolam,0,0,2,0,3,Low,1,1
45,Caucasian,Male,3,F,Aggrav Stalking After Injunctn,0,0,0,0,1,Low,1,1
26,Caucasian,Male,2,F,Grand Theft in the 3rd Degree,0,0,0,1,9,High,1,1
39,Caucasian,Male,3,F,Possession of Cocaine,0,0,0,0,2,Low,1,1
40,Caucasian,Male,1,F,Grand Theft in the 3rd Degree,0,0,0,0,3,Low,1,1
24,African-American,Male,0,F,Possession of Cannabis,0,0,0,0,10,High,1,1
23,African-American,Male,1,F,Possession of Cocaine,0,0,1,0,7,Medium,1,1
61,Caucasian,Male,0,M,Driving Under The Influence,0,0,0,0,1,Low,0,1
42,Caucasian,Male,3,F,Solicitation On Felony 3 Deg,0,0,0,1,5,Medium,1,1
38,African-American,Male,3,F,Felony Battery (Dom Strang),0,0,0,1,2,Low,1,1
67,Caucasian,Male,0,F,Grand Theft in the 3rd Degree,0,0,0,1,1,Low,1,1
23,Caucasian,Male,2,F,Aggravated Assault W/Dead Weap,0,0,0,0,6,Medium,1,1
31,Caucasian,Male,1,F,Possession Of Heroin,0,0,0,1,4,Low,1,1
40,African-American,Male,15,F,arrest case no charge,1,0,0,0,8,High,1,1
44,African-American,Male,0,F,arrest case no charge,0,0,0,0,2,Low,1,1
37,African-American,Male,10,F,Leaving the Scene of Accident,0,0,0,1,7,Medium,1,1
22,African-American,Female,3,M,Petit Theft $100- $300,0,1,0,0,9,High,0,0
31,Caucasian,Male,6,M,Battery,0,0,0,1,3,Low,0,1
28,African-American,Male,9,F,Cash Item w/Intent to Defraud,0,0,0,1,7,Medium,1,1
24,Other,Male,5,M,arrest case no charge,0,0,0,0,6,Medium,0,1
33,Caucasian,Male,9,F,Possession Of Phentermine,0,0,0,0,4,Low,1,1
30,African-American,Female,10,F,Possession of Cocaine,0,3,2,1,10,High,1,0
31,Other,Male,5,F,arrest case no charge,0,1,0,0,1,Low,1,1
35,African-American,Male,0,F,"Poss3,4 Methylenedioxymethcath",0,0,0,1,7,Medium,1,1
57,African-American,Male,23,F,arrest case no charge,0,0,0,1,8,High,1,1
39,Caucasian,Female,8,F,Poss Pyrrolidinovalerophenone,0,0,0,1,7,Medium,1,0
65,Caucasian,Male,3,F,Burglary Unoccupied Dwelling,0,0,0,0,2,Low,1,1
22,Caucasian,Female,0,M,Battery,0,0,0,0,9,High,0,0
35,African-American,Female,2,F,arrest case no charge,0,0,0,0,6,Medium,1,0
29,African-American,Male,2,M,Battery,0,1,0,1,3,Low,0,1
62,African-American,Male,13,F,Retail Theft $300 1st Offense,0,0,0,1,8,High,1,1
22,African-American,Male,0,M,Poss Of RX Without RX,0,0,0,1,3,Low,0,1
31,Hispanic,Male,8,F,Driving While License Revoked,0,0,0,1,3,Low,1,1
56,African-American,Female,1,F,Possession of Cocaine,0,0,0,0,1,Low,1,0
25,Caucasian,Male,2,F,arrest case no charge,0,0,0,0,6,Medium,1,1
33,Caucasian,Male,10,M,Battery,0,0,0,0,4,Low,0,1
25,Caucasian,Male,2,F,Grand Theft in the 3rd Degree,0,0,0,0,5,Medium,1,1
27,African-American,Female,3,F,Robbery / No Weapon,0,0,0,0,5,Medium,1,0
37,African-American,Male,1,F,Felony Petit Theft,0,0,0,0,10,High,1,1
41,Caucasian,Male,2,M,arrest case no charge,0,0,0,0,1,Low,0,1
35,African-American,Male,5,F,Battery on Law Enforc Officer,0,0,1,0,8,High,1,1
25,Hispanic,Male,1,M,Battery,0,0,0,1,7,Medium,0,1
55,Caucasian,Male,0,M,Battery,0,0,0,0,1,Low,0,1
26,African-American,Male,2,F,Burglary Conveyance Unoccup,0,0,0,1,2,Low,1,1
35,African-American,Male,7,F,arrest case no charge,0,0,0,0,3,Low,1,1
50,Caucasian,Male,3,M,Reckless Driving,0,0,0,1,4,Low,0,1
25,African-American,Male,3,F,Possession of Cocaine,0,0,0,1,6,Medium,1,1
65,Caucasian,Female,1,M,Lve/Scen/Acc/Veh/Prop/Damage,0,0,0,1,1,Low,0,0
31,African-American,Female,0,F,Felony Driving While Lic Suspd,0,0,0,1,5,Medium,1,0
24,African-American,Female,0,M,Battery,0,0,0,0,2,Low,0,0
34,African-American,Male,6,F,arrest case no charge,0,0,0,1,8,High,1,1
24,Other,Male,3,M,Battery,0,0,0,1,8,High,0,1
30,African-American,Female,4,F,Possession of Cocaine,0,1,0,0,6,Medium,1,0
35,Hispanic,Female,0,M,Battery,0,0,0,0,2,Low,0,0
30,African-American,Male,14,F,arrest case no charge,0,0,0,1,6,Medium,1,1
24,Caucasian,Male,1,M,Criminal Mischief Damage <$200,0,0,0,0,2,Low,0,1
51,Caucasian,Male,3,F,Interference with Custody,0,0,0,1,3,Low,1,1
28,African-American,Female,3,F,Grand Theft in the 3rd Degree,0,0,0,0,3,Low,1,0
27,African-American,Female,4,F,Drivg While Lic Suspd/Revk/Can,0,0,0,1,6,Medium,1,0
22,Caucasian,Male,2,F,Possession of Cocaine,0,0,0,1,3,Low,1,1
29,African-American,Male,2,F,Traffic Counterfeit Cred Cards,0,0,0,1,4,Low,1,1
31,African-American,Male,0,F,Deliver Cocaine,0,0,0,0,6,Medium,1,1
31,Caucasian,Male,0,M,Viol Injunct Domestic Violence,0,0,0,0,1,Low,0,1
32,African-American,Female,3,F,arrest case no charge,0,0,0,0,2,Low,1,0
27,African-American,Male,1,F,Burglary Structure Unoccup,0,0,0,1,2,Low,1,1
29,Caucasian,Male,6,F,Possession of Hydromorphone,0,0,0,1,5,Medium,1,1
59,African-American,Male,3,F,arrest case no charge,0,0,0,0,3,Low,1,1
24,African-American,Male,1,M,Battery,0,0,0,1,2,Low,0,1
33,African-American,Male,0,F,Burglary Conveyance Unoccup,0,0,0,0,10,High,1,1
35,Other,Female,0,M,Battery,0,0,0,0,1,Low,0,0
28,Caucasian,Male,9,F,arrest case no charge,0,0,0,1,8,High,1,1
40,Other,Female,0,F,arrest case no charge,0,0,0,0,1,Low,1,0
45,Other,Male,0,M,Battery,0,0,0,0,3,Low,0,1
24,African-American,Male,9,M,arrest case no charge,1,0,1,1,9,High,0,1
31,African-American,Male,16,F,Grand Theft in the 3rd Degree,2,1,1,1,9,High,1,1
25,Hispanic,Male,0,M,Battery,0,0,0,0,2,Low,0,1
24,African-American,Male,0,F,"Possession Of 3,4Methylenediox",0,0,0,0,9,High,1,1
23,Hispanic,Male,6,M,Possess Cannabis/20 Grams Or Less,0,0,0,0,8,High,0,1
23,African-American,Male,7,F,Carrying Concealed Firearm,0,1,0,1,8,High,1,1
48,Hispanic,Male,0,M,DUI/Property Damage/Persnl Inj,0,0,0,0,1,Low,0,1
62,Caucasian,Male,0,F,Crim Use of Personal ID Info,0,0,0,0,1,Low,1,1
25,African-American,Female,4,F,arrest case no charge,0,0,0,1,7,Medium,1,0
25,Other,Male,1,F,Possession of Cocaine,0,0,0,0,3,Low,1,1
49,African-American,Male,1,M,Assault,0,0,0,0,7,Medium,0,1
50,Caucasian,Male,0,F,Felony Battery (Dom Strang),0,0,0,1,1,Low,1,1
47,African-American,Male,3,F,Poss Pyrrolidinovalerophenone,0,0,0,1,8,High,1,1
37,African-American,Male,14,F,Driving While License Revoked,0,0,0,0,8,High,1,1
26,Caucasian,Male,0,M,Battery,0,0,0,0,2,Low,0,1
28,African-American,Male,21,F,Driving While License Revoked,0,2,0,0,10,High,1,1
26,African-American,Female,3,F,Pos Cannabis W/Intent Sel/Del,0,0,0,1,2,Low,1,0
48,Other,Male,4,F,Driving While License Revoked,0,0,0,0,2,Low,1,1
20,African-American,Male,1,F,Grand Theft (Motor Vehicle),0,1,0,1,8,High,1,1
34,African-American,Male,9,F,Pos Cannabis W/Intent Sel/Del,0,0,0,1,10,High,1,1
26,Hispanic,Male,1,M,Reckless Driving,0,0,0,0,1,Low,0,1
46,African-American,Male,9,F,Grand Theft in the 3rd Degree,1,0,1,1,9,High,1,1
21,African-American,Male,0,F,Grand Theft in the 3rd Degree,0,0,1,1,8,High,1,1
27,Caucasian,Female,2,F,arrest case no charge,0,0,0,1,5,Medium,1,0
21,African-American,Male,3,M,Battery,0,1,1,1,8,High,0,1
29,Caucasian,Male,1,F,Possession Of Heroin,0,0,0,0,4,Low,1,1
46,Caucasian,Male,4,F,"Poss3,4 Methylenedioxymethcath",0,0,0,0,4,Low,1,1
24,African-American,Male,0,F,Pos Cannabis W/Intent Sel/Del,0,0,0,0,4,Low,1,1
51,Hispanic,Female,2,M,Battery,0,0,0,0,1,Low,0,0
57,African-American,Male,8,M,DUI Level 0.15 Or Minor In Veh,0,0,0,1,4,Low,0,1
33,African-American,Male,4,F,Felony Driving While Lic Suspd,0,0,0,1,2,Low,1,1
23,African-American,Male,4,F,Unauth Poss ID Card or DL,0,1,0,1,9,High,1,1
29,African-American,Male,5,F,Possession of Cocaine,0,0,0,0,8,High,1,1
22,Caucasian,Male,0,M,Battery,0,0,0,1,4,Low,0,1
56,Hispanic,Male,10,M,Battery,0,0,0,1,2,Low,0,1
33,Caucasian,Female,1,M,Battery,0,0,0,1,6,Medium,0,0
27,Other,Male,0,F,Crim Use of Personal ID Info,0,0,0,1,4,Low,1,1
40,African-American,Male,3,F,Fleeing Or Attmp Eluding A Leo,0,0,0,1,8,High,1,1
48,Other,Male,0,M,Viol Injunct Domestic Violence,0,0,0,0,1,Low,0,1
32,African-American,Male,10,F,Sexual Battery / Vict 12 Yrs +,0,3,0,1,6,Medium,1,1
24,African-American,Male,1,M,Battery,0,0,0,0,4,Low,0,1
32,African-American,Male,1,F,arrest case no charge,0,0,0,0,2,Low,1,1
19,African-American,Male,2,F,Grand Theft in the 3rd Degree,0,1,0,1,7,Medium,1,1
23,African-American,Male,6,F,Uttering a Forged Instrument,0,0,0,1,9,High,1,1
39,Caucasian,Male,17,F,Possession of Cocaine,6,1,0,1,7,Medium,1,1
25,African-American,Male,1,F,arrest case no charge,0,0,0,0,3,Low,1,1
42,African-American,Male,6,F,Felony Battery w/Prior Convict,0,0,0,1,8,High,1,1
29,Caucasian,Male,1,M,Driving License Suspended,0,0,0,0,3,Low,0,1
38,Caucasian,Male,2,M,Battery,0,0,0,0,1,Low,0,1
32,Caucasian,Male,10,F,Crlty Twrd Child Urge Oth Act,0,2,1,1,5,Medium,1,1
23,Caucasian,Male,4,M,Battery,0,0,0,1,5,Medium,0,1
58,African-American,Male,10,F,Possession of Cocaine,0,0,0,1,3,Low,1,1
42,African-American,Male,9,F,Possession of Cannabis,0,0,0,1,6,Medium,1,1
52,Hispanic,Male,3,F,Driving While License Revoked,0,0,0,0,4,Low,1,1
26,Caucasian,Male,1,F,Grand Theft (Motor Vehicle),0,0,0,1,4,Low,1,1
27,Caucasian,Male,1,F,Dealing in Stolen Property,0,0,0,0,1,Low,1,1
33,Caucasian,Male,1,F,arrest case no charge,0,0,0,0,2,Low,1,1
33,African-American,Male,2,F,Grand Theft in the 3rd Degree,0,0,0,1,8,High,1,1
23,African-American,Male,0,M,Battery,0,0,0,1,2,Low,0,1
25,African-American,Male,4,F,arrest case no charge,0,1,0,1,8,High,1,1
32,African-American,Male,0,F,False Imprisonment,0,0,0,1,2,Low,1,1
34,Hispanic,Male,14,F,Grand Theft in the 3rd Degree,0,0,0,1,9,High,1,1
29,Caucasian,Female,0,M,Battery,0,0,0,0,2,Low,0,0
38,African-American,Male,19,F,arrest case no charge,0,0,0,1,9,High,1,1
29,Caucasian,Male,0,M,Poss Of Controlled Substance,0,0,0,0,1,Low,0,1
27,African-American,Male,6,F,Possession Burglary Tools,0,0,0,1,8,High,1,1
25,Caucasian,Male,0,M,Disorderly Intoxication,0,0,0,1,2,Low,0,1
31,Caucasian,Female,2,F,arrest case no charge,0,0,2,1,5,Medium,1,0
30,African-American,Male,8,F,arrest case no charge,0,0,0,1,9,High,1,1
41,African-American,Male,0,F,Grand Theft in the 3rd Degree,0,0,0,0,7,Medium,1,1
59,African-American,Male,8,F,Possession of Cocaine,0,0,0,0,4,Low,1,1
21,Caucasian,Male,1,M,Battery,0,0,0,1,4,Low,0,1
27,African-American,Male,6,F,Felony Petit Theft,0,0,0,1,4,Low,1,1
30,African-American,Male,0,F,Felony Battery (Dom Strang),0,0,0,0,1,Low,1,1
43,Caucasian,Male,4,F,Uttering a Forged Instrument,0,0,0,0,5,Medium,1,1
24,Caucasian,Female,2,F,Obtain Control Substance By Fraud,0,0,1,0,9,High,1,0
45,African-American,Male,13,M,Viol Injunction Protect Dom Vi,0,0,0,1,7,Medium,0,1
23,Caucasian,Male,0,F,False Imprisonment,0,0,1,1,9,High,1,1
40,Caucasian,Female,5,F,Grand Theft in the 3rd Degree,0,0,0,0,10,High,1,0
23,African-American,Female,0,F,Felony Petit Theft,0,0,0,0,7,Medium,1,0
39,African-American,Male,3,F,arrest case no charge,0,0,0,0,2,Low,1,1
26,African-American,Female,5,F,Aggrav Battery w/Deadly Weapon,0,0,0,1,5,Medium,1,0
26,Caucasian,Female,0,M,Driving Under The Influence,0,0,0,0,2,Low,0,0
21,African-American,Male,0,M,Battery,0,0,0,0,4,Low,0,1
30,Caucasian,Male,3,F,Tampering with a Victim,0,1,1,0,3,Low,1,1
44,Caucasian,Male,0,F,Grand Theft (Motor Vehicle),0,0,0,0,4,Low,1,1
21,African-American,Male,1,F,Burglary Dwelling Armed,0,0,0,1,7,Medium,1,1
23,African-American,Male,0,M,Lewdness Violation,0,0,0,0,4,Low,0,1
49,African-American,Female,1,F,Felony Driving While Lic Suspd,0,0,0,0,1,Low,1,0
23,African-American,Male,3,F,Grand Theft in the 3rd Degree,0,0,0,1,10,High,1,1
24,African-American,Male,1,F,Possession of Cocaine,0,0,0,1,5,Medium,1,1
21,African-American,Female,1,F,arrest case no charge,0,0,0,1,4,Low,1,0
37,Caucasian,Female,7,F,False Ownership Info/Pawn Item,0,0,0,1,6,Medium,1,0
28,Caucasian,Male,2,F,arrest case no charge,0,0,0,1,2,Low,1,1
23,Other,Male,7,F,Carrying Concealed Firearm,0,2,0,1,6,Medium,1,1
24,African-American,Female,2,F,Felony Driving While Lic Suspd,0,0,0,1,6,Medium,1,0
31,Caucasian,Male,0,F,Possession of Cocaine,0,0,0,0,7,Medium,1,1
24,African-American,Male,2,M,Prostitution/Lewd Act Assignation,1,0,0,1,10,High,0,1
25,African-American,Male,1,F,arrest case no charge,0,0,0,0,2,Low,1,1
33,African-American,Male,1,M,Battery,0,0,0,1,1,Low,0,1
26,African-American,Male,24,M,Resist/Obstruct W/O Violence,1,3,0,1,10,High,0,1
27,African-American,Male,1,F,arrest case no charge,0,0,0,0,7,Medium,1,1
46,Caucasian,Male,0,F,Possession of Cocaine,0,0,0,0,1,Low,1,1
38,Caucasian,Female,1,M,Battery,0,0,0,1,6,Medium,0,0
24,African-American,Female,0,M,Exposes Culpable Negligence,0,0,0,0,5,Medium,0,0
38,African-American,Female,0,M,Viol Prot Injunc Repeat Viol,0,0,0,0,4,Low,0,0
27,African-American,Male,7,F,Burglary Conveyance Unoccup,0,0,0,1,9,High,1,1
48,African-American,Male,6,F,arrest case no charge,0,0,0,0,3,Low,1,1
31,Caucasian,Female,2,F,Possession of Cocaine,0,0,0,1,4,Low,1,0
28,African-American,Male,5,M,Battery,0,0,0,1,5,Medium,0,1
30,Hispanic,Male,7,F,Agg Assault W/int Com Fel Dome,0,0,0,0,9,High,1,1
25,Caucasian,Male,6,M,Petit Theft,0,0,1,1,5,Medium,0,1
55,Caucasian,Male,0,M,Battery,0,0,0,0,1,Low,0,1
40,African-American,Male,5,F,arrest case no charge,0,0,0,1,7,Medium,1,1
21,African-American,Male,0,F,Burglary Conveyance Unoccup,0,0,0,1,4,Low,1,1
28,African-American,Male,10,F,arrest case no charge,0,1,0,1,7,Medium,1,1
20,African-American,Male,2,F,Possession of Cocaine,0,1,0,1,9,High,1,1
31,African-American,Male,10,F,arrest case no charge,5,0,0,1,9,High,1,1
57,African-American,Female,0,M,Resist/Obstruct W/O Violence,0,0,0,0,1,Low,0,0
25,African-American,Male,0,M,Battery,0,0,0,0,2,Low,0,1
22,African-American,Male,7,F,arrest case no charge,0,4,0,1,8,High,1,1
31,African-American,Male,3,F,Burglary Dwelling Assault/Batt,0,0,0,1,3,Low,1,1
43,African-American,Male,7,F,arrest case no charge,0,0,0,0,4,Low,1,1
25,Caucasian,Female,0,M,Driving Under The Influence,0,0,0,0,4,Low,0,0
39,Hispanic,Male,1,M,Battery,0,0,0,0,2,Low,0,1
40,African-American,Male,1,F,Felony Driving While Lic Suspd,0,0,0,0,1,Low,1,1
20,African-American,Male,0,F,Burglary Structure Unoccup,0,0,0,1,5,Medium,1,1
35,African-American,Male,2,M,Possess Cannabis/20 Grams Or Less,0,0,0,0,7,Medium,0,1
34,African-American,Male,1,M,arrest case no charge,0,0,0,1,1,Low,0,1
27,Caucasian,Male,18,F,Felony Petit Theft,0,0,1,1,9,High,1,1
38,African-American,Female,3,F,Driving While License Revoked,0,0,0,1,1,Low,1,0
21,Caucasian,Male,0,F,Possession of Cannabis,0,0,0,1,7,Medium,1,1
25,African-American,Male,0,M,Battery,0,0,0,1,1,Low,0,1
53,African-American,Male,6,M,Petit Theft,0,0,0,1,6,Medium,0,1
50,African-American,Female,4,F,Aggrav Battery w/Deadly Weapon,0,0,0,0,3,Low,1,0
23,Caucasian,Female,1,M,Battery,0,0,0,0,6,Medium,0,0
22,Other,Male,0,F,Grand Theft in the 3rd Degree,0,0,0,1,5,Medium,1,1
27,Caucasian,Male,0,M,Susp Drivers Lic 1st Offense,0,0,0,1,3,Low,0,1
29,African-American,Male,5,F,Possession of Cannabis,0,0,0,1,8,High,1,1
38,African-American,Male,1,M,Battery,0,0,0,0,1,Low,0,1
54,Caucasian,Female,2,F,arrest case no charge,0,0,0,0,2,Low,1,0
26,African-American,Male,1,F,arrest case no charge,0,0,0,1,10,High,1,1
37,African-American,Male,23,F,Deliver Cocaine,1,8,5,1,8,High,1,1
36,African-American,Male,25,M,Battery,0,2,1,1,10,High,0,1
28,African-American,Male,18,F,Deliver Cannabis,0,0,0,1,10,High,1,1
49,African-American,Male,1,M,arrest case no charge,0,0,0,0,1,Low,0,1
36,African-American,Male,11,F,Driving While License Revoked,0,0,0,0,7,Medium,1,1
41,Caucasian,Female,0,F,Aggravated Battery,0,0,0,0,3,Low,1,0
26,Hispanic,Male,9,F,Battery on Law Enforc Officer,0,0,1,1,7,Medium,1,1
40,Caucasian,Male,9,F,arrest case no charge,1,0,0,0,9,High,1,1
21,African-American,Male,7,F,Fleeing Or Attmp Eluding A Leo,1,0,0,1,10,High,1,1
22,Other,Male,0,F,False Imprisonment,0,0,0,1,2,Low,1,1
33,Caucasian,Male,0,F,Possession of Hydromorphone,0,0,0,0,1,Low,1,1
26,African-American,Male,7,F,Poss Cocaine/Intent To Del/Sel,0,0,0,0,7,Medium,1,1
27,African-American,Female,0,M,Battery,0,0,0,1,3,Low,0,0
35,African-American,Male,1,F,Pos Cannabis W/Intent Sel/Del,0,0,0,0,2,Low,1,1
27,African-American,Male,3,M,Susp Drivers Lic 1st Offense,0,0,0,0,2,Low,0,1
37,Hispanic,Male,3,M,Battery,0,0,0,1,1,Low,0,1
31,African-American,Female,3,F,arrest case no charge,0,0,0,0,5,Medium,1,0
36,African-American,Male,26,F,Poss Cocaine/Intent To Del/Sel,1,0,0,1,8,High,1,1
32,Other,Female,0,M,Viol Injunct Domestic Violence,0,0,0,0,2,Low,0,0
50,Caucasian,Male,1,F,Aggrav Battery w/Deadly Weapon,0,0,0,0,1,Low,1,1
52,Caucasian,Male,1,F,arrest case no charge,0,0,0,0,1,Low,1,1
24,African-American,Male,1,M,Battery,0,0,0,0,4,Low,0,1
38,African-American,Male,0,F,Aggrav Battery w/Deadly Weapon,0,0,0,0,4,Low,1,1
54,African-American,Male,11,F,arrest case no charge,0,0,0,0,8,High,1,1
71,Caucasian,Male,13,F,Felony Driving While Lic Suspd,0,0,0,0,2,Low,1,1
27,African-American,Male,9,F,Poss Pyrrolidinovalerophenone W/I/D/S,0,4,4,1,7,Medium,1,1
39,Caucasian,Female,1,F,Possession of Cocaine,0,0,0,0,4,Low,1,0
34,Other,Male,1,M,Driving License Suspended,0,0,0,1,2,Low,0,1
23,Other,Male,0,M,Battery,0,0,0,1,8,High,0,1
36,African-American,Female,5,F,Battery on Law Enforc Officer,0,0,0,1,6,Medium,1,0
55,African-American,Male,0,F,Grand Theft in the 3rd Degree,0,0,0,0,1,Low,1,1
27,Caucasian,Male,0,F,Grand Theft in the 3rd Degree,0,0,0,0,4,Low,1,1
23,African-American,Male,2,F,Carrying Concealed Firearm,0,0,3,1,4,Low,1,1
20,African-American,Male,1,F,arrest case no charge,1,0,0,1,7,Medium,1,1
31,African-American,Female,10,F,Uttering a Forged Instrument,0,2,0,0,8,High,1,0
24,Caucasian,Male,8,F,arrest case no charge,0,0,0,0,9,High,1,1
37,Caucasian,Female,2,F,Tampering With Physical Evidence,0,0,0,1,8,High,1,0
26,Caucasian,Male,0,F,Possession of Cannabis,0,0,0,0,3,Low,1,1
29,Caucasian,Male,0,F,Grand Theft in the 3rd Degree,0,0,0,0,2,Low,1,1
41,African-American,Male,4,M,Battery,0,0,0,1,1,Low,0,1
37,African-American,Male,0,F,Felony Battery (Dom Strang),0,0,0,1,1,Low,1,1
46,Caucasian,Male,2,F,Solicit To Deliver Cocaine,0,0,0,0,3,Low,1,1
56,Caucasian,Female,10,F,Possession of Cocaine,0,0,0,1,5,Medium,1,0
23,African-American,Male,0,F,Grand Theft in the 3rd Degree,0,0,0,1,3,Low,1,1
23,African-American,Female,1,F,Poss Pyrrolidinovalerophenone,0,0,0,1,5,Medium,1,0
25,African-American,Male,0,F,Poss/Sell/Del Cocaine 1000FT Sch,0,0,0,1,8,High,1,1
24,African-American,Male,1,F,Poss Cocaine/Intent To Del/Sel,0,0,0,1,7,Medium,1,1
26,Hispanic,Male,1,M,DUI Level 0.15 Or Minor In Veh,0,0,0,1,2,Low,0,1
24,Caucasian,Male,2,F,Burglary Conveyance Unoccup,0,0,0,1,7,Medium,1,1
23,African-American,Male,0,F,Burglary Unoccupied Dwelling,0,0,0,1,9,High,1,1
43,Caucasian,Male,2,F,Poss Contr Subst W/o Prescript,0,0,0,0,1,Low,1,1
53,Caucasian,Female,0,M,DUI Property Damage/Injury,0,0,0,0,1,Low,0,0
24,African-American,Male,1,F,Pos Methylenedioxymethcath W/I/D/S,0,0,0,1,6,Medium,1,1
28,African-American,Male,0,F,Offn Against Intellectual Prop,0,0,0,0,4,Low,1,1
21,Caucasian,Male,1,F,Grand Theft in the 3rd Degree,0,0,0,0,3,Low,1,1
31,Other,Male,0,M,Battery,0,0,0,0,2,Low,0,1
33,Caucasian,Male,3,F,"Poss Of 1,4-Butanediol",0,0,0,1,7,Medium,1,1
35,African-American,Female,1,F,arrest case no charge,0,0,0,0,1,Low,1,0
55,Caucasian,Male,3,M,Viol Injunction Protect Dom Vi,0,0,0,0,3,Low,0,1
50,Hispanic,Male,9,M,Battery,0,0,0,1,5,Medium,0,1
28,African-American,Male,0,M,Battery,0,0,0,0,3,Low,0,1
44,Caucasian,Male,0,M,Battery,0,0,0,1,1,Low,0,1
19,African-American,Male,3,F,Carrying Concealed Firearm,2,1,1,1,10,High,1,1
23,Other,Male,2,M,Resist/Obstruct W/O Violence,0,0,0,0,7,Medium,0,1
24,African-American,Male,3,F,Poss F/Arm Delinq,0,0,1,1,8,High,1,1
50,Caucasian,Male,2,F,Possession of Cocaine,0,0,0,0,3,Low,1,1
31,African-American,Male,0,M,Battery,0,0,0,0,4,Low,0,1
28,Caucasian,Female,0,F,Possession of Cocaine,0,0,0,1,4,Low,1,0
42,Caucasian,Male,0,F,Aggravated Assault W/Dead Weap,0,0,0,0,1,Low,1,1
21,African-American,Male,0,M,Aggravated Assault W/Dead Weap,0,0,0,1,9,High,0,1
21,Caucasian,Male,0,F,"Poss3,4 Methylenedioxymethcath",0,0,0,1,8,High,1,1
24,Other,Male,0,M,Possess Drug Paraphernalia,0,0,0,1,4,Low,0,1
31,Caucasian,Male,3,F,Tamper With Victim,0,0,0,1,5,Medium,1,1
23,Hispanic,Male,0,M,Battery,0,0,0,0,3,Low,0,1
27,Caucasian,Male,0,F,Driving While License Revoked,0,0,0,1,9,High,1,1
32,Other,Male,0,M,Resist Officer w/Violence,0,0,0,0,2,Low,0,1
28,African-American,Male,7,F,arrest case no charge,0,0,0,1,5,Medium,1,1
67,Caucasian,Male,0,M,Battery,0,0,0,0,1,Low,0,1
32,African-American,Female,11,F,Driving While License Revoked,0,0,0,0,7,Medium,1,0
44,African-American,Male,7,F,arrest case no charge,0,0,0,0,4,Low,1,1
25,African-American,Male,1,F,arrest case no charge,0,0,0,1,4,Low,1,1
30,African-American,Female,15,M,Battery,0,0,0,1,8,High,0,0
28,Caucasian,Male,9,M,Driving License Suspended,0,1,0,0,4,Low,0,1
27,African-American,Male,0,F,arrest case no charge,0,0,0,1,6,Medium,1,1
36,Other,Male,8,M,arrest case no charge,0,0,0,0,2,Low,0,1
25,Caucasian,Female,0,M,Prostitution/Lewd Act Assignation,0,0,0,0,4,Low,0,0
31,Caucasian,Male,5,F,Driving While License Revoked,0,0,0,1,5,Medium,1,1
30,Caucasian,Male,0,M,DUI Property Damage/Injury,0,0,0,1,1,Low,0,1
33,African-American,Male,4,F,arrest case no charge,0,0,0,0,2,Low,1,1
38,Hispanic,Male,0,M,Battery,0,0,0,0,1,Low,0,1
26,African-American,Male,1,M,Driving License Suspended,0,0,0,1,3,Low,0,1
52,Hispanic,Male,5,F,Aggrav Battery w/Deadly Weapon,0,0,0,1,3,Low,1,1
22,Caucasian,Female,2,M,Grand Theft in the 3rd Degree,0,0,0,1,7,Medium,0,0
50,Caucasian,Male,0,F,Carrying Concealed Firearm,0,0,0,0,1,Low,1,1
58,Caucasian,Male,1,F,Aggravated Assault W/Dead Weap,0,0,0,1,1,Low,1,1
34,Caucasian,Male,3,M,Battery,0,0,0,1,4,Low,0,1
32,Caucasian,Male,1,F,Pos Cannabis W/Intent Sel/Del,0,0,0,1,1,Low,1,1
29,African-American,Male,0,M,DUI Property Damage/Injury,0,0,0,1,1,Low,0,1
27,African-American,Male,0,M,Battery,0,0,0,0,1,Low,0,1
39,Caucasian,Male,5,F,Burglary Unoccupied Dwelling,0,0,0,0,3,Low,1,1
24,African-American,Male,0,F,Battery on Law Enforc Officer,0,0,0,0,3,Low,1,1
38,African-American,Male,8,M,Disorderly Conduct,1,0,0,0,7,Medium,0,1
52,Caucasian,Male,7,F,Resist Officer w/Violence,0,0,0,0,2,Low,1,1
56,African-American,Male,3,M,Battery,0,0,0,1,2,Low,0,1
46,Caucasian,Male,7,F,Grand Theft (Motor Vehicle),0,0,0,1,6,Medium,1,1
38,Caucasian,Male,5,F,Attempted Robbery  Weapon,0,0,0,1,1,Low,1,1
47,Caucasian,Male,3,M,Petit Theft,0,0,0,0,5,Medium,0,1
32,Caucasian,Male,0,F,Burglary Dwelling Occupied,0,0,0,0,1,Low,1,1
34,African-American,Male,27,M,Battery,0,1,0,0,7,Medium,0,1
42,African-American,Male,5,F,Felony Battery w/Prior Convict,0,0,0,0,6,Medium,1,1
35,African-American,Female,0,M,Battery on a Person Over 65,0,0,0,1,1,Low,0,0
20,Caucasian,Male,0,F,Grand Theft in the 3rd Degree,0,0,0,1,10,High,1,1
32,Caucasian,Female,2,F,Possession of Cocaine,0,0,0,1,10,High,1,0
21,Caucasian,Male,0,M,Possess Cannabis/20 Grams Or Less,0,0,1,0,5,Medium,0,1
24,African-American,Male,0,M,Driving Under The Influence,0,0,0,1,2,Low,0,1
24,African-American,Male,1,M,Prowling/Loitering,0,0,0,1,9,High,0,1
26,African-American,Male,0,M,Possess Cannabis/20 Grams Or Less,0,0,0,1,3,Low,0,1
52,Caucasian,Male,8,F,arrest case no charge,0,0,0,0,2,Low,1,1
27,African-American,Male,1,M,Battery,0,0,0,0,2,Low,0,1
27,Caucasian,Female,0,M,Battery,0,0,0,0,5,Medium,0,0
56,Caucasian,Male,0,F,Retail Theft $300 1st Offense,0,0,0,0,1,Low,1,1
52,Caucasian,Male,16,F,Possession of Hydrocodone,0,0,0,1,9,High,1,1
37,African-American,Male,3,F,Aiding Escape,0,0,0,1,1,Low,1,1
45,African-American,Male,0,M,Interfere W/Traf Cont Dev RR,0,0,0,0,1,Low,0,1
36,Caucasian,Female,3,F,arrest case no charge,0,0,0,1,6,Medium,1,0
29,African-American,Female,0,F,Grand Theft in the 3rd Degree,0,0,0,0,2,Low,1,0
21,Hispanic,Male,0,F,arrest case no charge,0,0,0,0,3,Low,1,1
20,Other,Male,3,M,Battery,0,2,1,1,2,Low,0,1
27,African-American,Male,11,F,Felony Battery w/Prior Convict,0,1,0,0,8,High,1,1
28,African-American,Male,11,F,Possession of Cocaine,1,0,1,1,8,High,1,1
38,African-American,Male,4,M,Susp Drivers Lic 1st Offense,0,0,0,0,1,Low,0,1
30,Other,Male,0,F,Felony Battery (Dom Strang),0,0,0,0,1,Low,1,1
19,African-American,Female,1,F,Burglary Unoccupied Dwelling,0,0,0,1,9,High,1,0
37,Caucasian,Female,1,F,Possession Of Methamphetamine,0,0,0,0,1,Low,1,0
34,African-American,Male,0,M,Battery,0,0,0,1,1,Low,0,1
37,Caucasian,Male,7,F,Felony Petit Theft,0,0,0,1,8,High,1,1
21,African-American,Male,1,F,Purchase Cannabis,0,0,1,0,8,High,1,1
21,African-American,Male,0,F,Robbery / No Weapon,0,0,0,1,9,High,1,1
38,Caucasian,Female,3,F,arrest case no charge,0,0,0,0,4,Low,1,0
47,African-American,Male,1,M,Battery,0,0,0,0,4,Low,0,1
56,Caucasian,Male,3,F,Battery on a Person Over 65,0,0,0,0,2,Low,1,1
27,African-American,Male,2,F,Tamper With Witness/Victim/CI,0,0,0,1,7,Medium,1,1
23,African-American,Male,0,M,Driving Under The Influence,0,0,0,0,8,High,0,1
57,Caucasian,Male,0,F,Felony Battery (Dom Strang),0,0,0,0,1,Low,1,1
25,African-American,Male,9,F,arrest case no charge,0,1,0,0,7,Medium,1,1
23,African-American,Female,2,F,Battery on Law Enforc Officer,0,0,0,1,10,High,1,0
32,African-American,Male,8,F,arrest case no charge,0,0,0,1,10,High,1,1
36,African-American,Female,2,M,Viol Prot Injunc Repeat Viol,0,0,0,0,5,Medium,0,0
41,African-American,Male,5,M,Driving License Suspended,0,0,0,0,5,Medium,0,1
39,Other,Female,0,F,Grand Theft in the 3rd Degree,0,0,0,0,1,Low,1,0
21,African-American,Male,1,F,arrest case no charge,0,0,0,1,6,Medium,1,1
31,African-American,Male,2,M,Susp Drivers Lic 1st Offense,0,0,0,0,4,Low,0,1
37,Caucasian,Male,0,M,Battery,0,0,0,0,1,Low,0,1
27,African-American,Male,0,F,Grand Theft in the 3rd Degree,0,0,0,0,2,Low,1,1
22,African-American,Male,2,F,Possession Of Alprazolam,0,0,0,1,4,Low,1,1
59,Caucasian,Male,2,F,Possession Of Methamphetamine,0,0,0,0,1,Low,1,1
33,African-American,Female,0,F,Possession of Cocaine,0,0,0,1,9,High,1,0
43,African-American,Female,2,F,Possession of Cocaine,0,0,0,0,3,Low,1,0
25,Caucasian,Male,5,F,Resist Officer w/Violence,0,0,0,1,4,Low,1,1
23,African-American,Male,3,F,Burglary Unoccupied Dwelling,0,0,0,1,5,Medium,1,1
43,Caucasian,Female,3,M,Viol Injunct Domestic Violence,0,0,0,1,2,Low,0,0
56,Caucasian,Male,9,M,Battery,0,0,0,1,1,Low,0,1
20,African-American,Female,1,F,Felony Petit Theft,0,0,0,1,8,High,1,0
50,African-American,Male,2,M,Ride Tri-Rail Without Paying,0,0,0,1,5,Medium,0,1
54,Caucasian,Female,1,M,Driving Under The Influence,0,0,0,0,2,Low,0,0
20,African-American,Male,1,F,Grand Theft (Motor Vehicle),0,0,0,1,10,High,1,1
36,Other,Male,3,M,Viol Injunct Domestic Violence,0,0,0,1,4,Low,0,1
36,African-American,Female,3,F,Poss Pyrrolidinovalerophenone,0,0,0,1,6,Medium,1,0
56,African-American,Male,0,M,Tresspass in Structure or Conveyance,0,0,0,0,4,Low,0,1
25,African-American,Male,2,F,Possession of Cocaine,1,0,0,0,9,High,1,1
42,Caucasian,Female,1,F,Fail To Redeliv Hire/Leas Prop,0,0,0,1,3,Low,1,0
48,African-American,Male,4,F,Grand Theft in the 3rd Degree,0,0,0,0,6,Medium,1,1
34,African-American,Male,21,M,Battery,1,0,0,1,10,High,0,1
28,Caucasian,Male,0,F,Traffick Oxycodone     4g><14g,0,0,0,0,2,Low,1,1
32,Caucasian,Male,1,F,Burglary Structure Unoccup,0,0,0,0,3,Low,1,1
31,Caucasian,Female,2,F,Grand Theft (Motor Vehicle),0,0,0,0,1,Low,1,0
24,African-American,Female,4,F,Possession of Cocaine,0,0,0,1,9,High,1,0
25,Caucasian,Female,0,F,Possession of Hydromorphone,0,0,0,1,4,Low,1,0
32,Caucasian,Female,4,F,Resist Officer w/Violence,0,0,1,0,2,Low,1,0
37,African-American,Male,20,F,Driving While License Revoked,0,0,0,1,9,High,1,1
24,African-American,Male,1,F,Battery on Law Enforc Officer,0,0,0,1,3,Low,1,1
48,African-American,Male,0,M,Felony Battery (Dom Strang),0,0,0,0,1,Low,0,1
35,African-American,Male,1,F,Possession of Cocaine,0,0,0,0,2,Low,1,1
21,African-American,Male,1,F,Attempted Burg/Convey/Unocc,0,0,0,1,4,Low,1,1
21,African-American,Female,0,F,Grand Theft in the 3rd Degree,0,0,0,1,10,High,1,0
27,Caucasian,Female,0,F,Grand Theft in the 3rd Degree,0,0,0,1,2,Low,1,0
22,African-American,Male,0,F,Att Burgl Unoccupied Dwel,0,0,0,0,2,Low,1,1
28,African-American,Male,4,F,Pos Cannabis W/Intent Sel/Del,0,0,0,0,5,Medium,1,1
26,African-American,Male,0,M,Operating W/O Valid License,0,0,0,0,2,Low,0,1
23,Other,Male,0,M,Felony Battery (Dom Strang),0,0,0,1,2,Low,0,1
34,Caucasian,Male,0,F,Possession of Oxycodone,0,0,0,0,2,Low,1,1
22,African-American,Male,3,F,Agg Assault W/int Com Fel Dome,0,0,0,0,9,High,1,1
30,Other,Male,5,F,False Imprisonment,0,0,0,1,5,Medium,1,1
44,Caucasian,Male,5,F,arrest case no charge,0,0,0,0,2,Low,1,1
57,Caucasian,Male,1,F,Aggravated Assault w/Firearm,0,0,0,0,2,Low,1,1
22,African-American,Male,0,F,Criminal Mischief,0,0,1,1,8,High,1,1
24,African-American,Male,7,F,Aggravated Battery / Pregnant,0,0,0,1,8,High,1,1
20,Caucasian,Male,0,F,Possession of Cocaine,0,0,0,0,4,Low,1,1
53,Hispanic,Male,1,M,Petit Theft,0,0,0,1,1,Low,0,1
60,African-American,Male,13,F,Possession Of Heroin,0,0,0,0,3,Low,1,1
22,African-American,Female,2,F,Agg Battery Grt/Bod/Harm,0,0,0,0,5,Medium,1,0
43,Hispanic,Male,0,M,Battery,0,0,0,0,1,Low,0,1
72,Caucasian,Male,7,F,Robbery Sudd Snatch No Weapon,0,0,0,0,4,Low,1,1
33,African-American,Male,3,F,Possession of Cocaine,0,0,0,1,5,Medium,1,1
24,African-American,Male,1,F,Burglary Structure Unoccup,0,0,0,1,4,Low,1,1
60,African-American,Male,0,F,Att Burgl Struc/Conv Dwel/Occp,0,0,0,0,1,Low,1,1
24,Caucasian,Male,3,F,Aggravated Battery / Pregnant,0,0,0,1,5,Medium,1,1
30,African-American,Male,1,M,Battery,0,0,0,0,4,Low,0,1
43,Caucasian,Female,0,M,Battery,0,0,0,0,6,Medium,0,0
48,Hispanic,Male,1,M,Battery,0,0,0,0,1,Low,0,1
54,Other,Male,0,M,Battery,0,0,0,0,1,Low,0,1
45,African-American,Male,1,M,Battery,0,0,0,0,1,Low,0,1
36,Other,Male,0,F,Driving While License Revoked,0,0,0,0,4,Low,1,1
31,Caucasian,Male,1,M,Driving Under The Influence,0,0,0,0,1,Low,0,1
40,African-American,Male,0,M,Battery,0,0,0,0,1,Low,0,1
50,Caucasian,Male,1,F,arrest case no charge,0,0,0,0,1,Low,1,1
26,Other,Female,1,M,arrest case no charge,0,0,0,0,6,Medium,0,0
41,African-American,Male,7,F,arrest case no charge,0,0,0,0,4,Low,1,1
34,Caucasian,Male,5,F,"Poss3,4 Methylenedioxymethcath",0,0,1,1,6,Medium,1,1
28,Caucasian,Female,0,F,Possession of Cocaine,0,0,0,0,6,Medium,1,0
23,Caucasian,Male,2,F,Neglect Child / No Bodily Harm,0,0,2,1,9,High,1,1
37,Hispanic,Female,0,M,Battery,0,0,0,1,1,Low,0,0
35,Hispanic,Male,5,M,Reckless Driving,0,0,0,0,2,Low,0,1
21,Caucasian,Male,1,F,Burglary Conveyance Unoccup,0,0,1,1,6,Medium,1,1
22,African-American,Female,2,M,Battery,0,1,0,1,8,High,0,0
29,African-American,Male,6,F,Possession of Cocaine,0,0,0,1,8,High,1,1
30,African-American,Female,0,M,Battery,0,0,0,0,2,Low,0,0
45,Caucasian,Male,3,M,Battery,0,0,0,1,3,Low,0,1
24,African-American,Female,2,F,Forging Bank Bills/Promis Note,0,0,0,0,4,Low,1,0
31,Caucasian,Male,4,F,Felony Battery w/Prior Convict,0,0,0,1,8,High,1,1
56,Caucasian,Male,0,M,Battery,0,0,0,0,1,Low,0,1
24,African-American,Male,14,F,Grand Theft (Motor Vehicle),0,4,0,1,10,High,1,1
38,African-American,Male,11,F,Felony Batt(Great Bodily Harm),0,0,0,0,6,Medium,1,1
51,African-American,Male,22,F,arrest case no charge,0,0,0,1,9,High,1,1
22,Caucasian,Male,0,F,Agg Battery Grt/Bod/Harm,0,0,0,0,3,Low,1,1
28,African-American,Male,5,M,arrest case no charge,0,0,0,0,8,High,0,1
47,African-American,Male,19,F,Possession of Cocaine,0,0,1,1,8,High,1,1
51,African-American,Male,0,M,Viol Injunct Domestic Violence,0,0,0,1,4,Low,0,1
25,Caucasian,Male,1,M,Battery,0,0,0,0,3,Low,0,1
53,Hispanic,Male,1,F,Driving While License Revoked,0,0,0,0,1,Low,1,1
30,African-American,Male,0,F,Grand Theft in the 3rd Degree,0,0,0,0,1,Low,1,1
33,Caucasian,Male,0,F,Possession of Cocaine,0,0,0,1,6,Medium,1,1
35,African-American,Male,5,F,Aggrav Stalking After Injunctn,0,0,0,1,4,Low,1,1
33,African-American,Female,0,F,Neglect Child / No Bodily Harm,0,0,0,0,2,Low,1,0
59,Other,Male,1,M,Battery,0,0,0,0,1,Low,0,1
33,Caucasian,Female,1,F,arrest case no charge,0,0,0,0,7,Medium,1,0
27,African-American,Male,2,F,arrest case no charge,0,0,0,1,7,Medium,1,1
29,African-American,Female,9,F,Poss Anti-Shoplifting Device,0,0,0,1,7,Medium,1,0
24,African-American,Male,3,F,Aggravated Assault W/Dead Weap,0,0,3,1,10,High,1,1
43,African-American,Male,5,F,Poss Wep Conv Felon,0,0,0,0,9,High,1,1
37,African-American,Male,11,M,Battery,0,0,0,1,7,Medium,0,1
53,African-American,Male,13,F,Poss of Cocaine W/I/D/S 1000FT Park,0,0,0,0,7,Medium,1,1
26,African-American,Male,4,F,"Poss3,4 Methylenedioxymethcath",0,0,0,1,8,High,1,1
30,Caucasian,Female,1,M,Petit Theft $100- $300,0,0,0,0,3,Low,0,0
27,African-American,Male,6,F,Fabricating Physical Evidence,0,0,0,1,7,Medium,1,1
39,Caucasian,Male,9,F,Possession of Cocaine,0,0,0,1,5,Medium,1,1
37,Caucasian,Male,4,M,Aggravated Battery / Pregnant,0,0,0,1,4,Low,0,1
22,Caucasian,Male,3,M,Battery,0,0,0,1,10,High,0,1
25,Caucasian,Male,0,F,Possession Of Heroin,0,0,0,0,6,Medium,1,1
26,Hispanic,Male,1,F,arrest case no charge,0,0,0,0,5,Medium,1,1
28,Caucasian,Female,0,M,DOC/Cause Public Danger,0,0,0,0,6,Medium,0,0
25,African-American,Male,0,M,Battery,0,0,0,1,5,Medium,0,1
58,Caucasian,Male,1,F,arrest case no charge,0,0,0,0,1,Low,1,1
29,Caucasian,Female,1,M,Driving Under The Influence,0,0,0,1,5,Medium,0,0
33,African-American,Male,8,F,Aggravated Assault W/Dead Weap,0,0,0,0,5,Medium,1,1
38,African-American,Male,0,F,arrest case no charge,0,0,0,0,1,Low,1,1
38,Caucasian,Male,2,F,Possession Of Heroin,0,0,0,0,3,Low,1,1
59,African-American,Male,22,F,Felony Petit Theft,0,0,0,1,6,Medium,1,1
29,Other,Male,4,M,Battery,0,0,0,1,5,Medium,0,1
53,Caucasian,Male,0,M,Battery,0,0,0,1,2,Low,0,1
33,African-American,Male,2,F,Aggrav Battery w/Deadly Weapon,0,0,0,1,8,High,1,1
58,Caucasian,Male,1,M,Battery,0,0,0,0,1,Low,0,1
53,Caucasian,Male,2,F,Fail Sex Offend Report Bylaw,0,0,0,0,4,Low,1,1
32,Caucasian,Male,0,M,Petit Theft,0,0,0,1,6,Medium,0,1
35,African-American,Male,6,F,Uttering a Forged Instrument,0,0,0,1,8,High,1,1
39,Caucasian,Male,1,F,arrest case no charge,0,0,0,0,1,Low,1,1
36,Hispanic,Male,1,M,Extradition/Defendants,0,0,0,0,9,High,0,1
42,Caucasian,Female,5,M,arrest case no charge,0,0,0,1,4,Low,0,0
37,African-American,Male,0,M,Tresspass Struct/Conveyance,0,0,0,0,2,Low,0,1
39,Caucasian,Male,0,F,Fleeing Or Attmp Eluding A Leo,0,0,0,0,1,Low,1,1
52,Caucasian,Female,3,M,Driving Under The Influence,0,0,0,0,1,Low,0,0
60,Other,Male,1,M,Battery,0,0,0,0,1,Low,0,1
37,Hispanic,Male,2,M,Aggravated Battery / Pregnant,0,0,0,0,1,Low,0,1
42,Caucasian,Male,4,F,Burglary Conveyance Unoccup,0,0,0,1,1,Low,1,1
23,African-American,Male,6,F,Possession of Cocaine,0,0,0,1,6,Medium,1,1
42,African-American,Female,0,M,DUI Level 0.15 Or Minor In Veh,0,0,0,1,1,Low,0,0
28,African-American,Male,5,F,Possession of Cocaine,0,0,0,0,4,Low,1,1
38,Caucasian,Male,12,F,Grand Theft of the 2nd Degree,0,0,0,0,5,Medium,1,1
43,African-American,Female,2,F,Grand Theft in the 3rd Degree,0,0,0,1,2,Low,1,0
42,African-American,Male,0,F,Felony Battery (Dom Strang),0,0,0,0,5,Medium,1,1
25,Caucasian,Female,0,M,Battery,0,0,0,0,3,Low,0,0
32,African-American,Male,7,F,Grand Theft (Motor Vehicle),0,0,0,1,9,High,1,1
21,African-American,Male,0,F,Resist Officer w/Violence,0,0,0,1,6,Medium,1,1
35,Caucasian,Female,1,M,Battery,0,0,0,0,5,Medium,0,0
37,Caucasian,Male,0,F,Burglary Conveyance Unoccup,0,0,0,0,5,Medium,1,1
33,African-American,Female,2,F,Failure To Return Hired Vehicle,0,0,0,0,2,Low,1,0
51,Caucasian,Female,4,F,arrest case no charge,0,0,0,0,3,Low,1,0
39,Caucasian,Male,3,F,Possession of Hydromorphone,0,0,0,0,4,Low,1,1
35,Hispanic,Male,5,M,Viol Pretrial Release Dom Viol,0,0,0,1,6,Medium,0,1
40,African-American,Male,3,F,Felony Battery (Dom Strang),0,0,0,0,7,Medium,1,1
32,African-American,Male,17,F,Possession of Cocaine,0,0,0,1,8,High,1,1
32,Caucasian,Male,3,F,"Poss3,4 Methylenedioxymethcath",0,0,0,1,6,Medium,1,1
37,Other,Male,0,M,Battery,0,0,0,0,1,Low,0,1
32,African-American,Male,10,F,Felony Driving While Lic Suspd,0,0,0,1,6,Medium,1,1
47,Caucasian,Male,5,M,Viol Injunct Domestic Violence,0,0,0,1,3,Low,0,1
23,Caucasian,Female,0,M,Poss Of Controlled Substance,0,0,0,0,7,Medium,0,0
63,Caucasian,Male,10,F,Corrupt Public Servant,0,0,0,1,4,Low,1,1
38,African-American,Male,16,F,Poss of Cocaine W/I/D/S 1000FT Park,0,1,0,1,9,High,1,1
32,African-American,Male,6,M,Battery,0,0,0,1,5,Medium,0,1
31,African-American,Male,4,F,Tampering With Physical Evidence,0,0,0,1,8,High,1,1
23,African-American,Male,0,F,"Deliver 3,4 Methylenediox",0,0,0,0,3,Low,1,1
38,Hispanic,Male,1,M,Operating W/O Valid License,0,0,0,0,5,Medium,0,1
47,Caucasian,Female,0,M,Battery,0,0,0,0,1,Low,0,0
33,Caucasian,Male,1,F,arrest case no charge,0,0,0,1,8,High,1,1
22,Caucasian,Male,1,F,Grand Theft (Motor Vehicle),0,0,0,0,4,Low,1,1
40,Caucasian,Male,0,M,Battery,0,0,0,1,1,Low,0,1
36,African-American,Male,14,F,Burglary Conveyance Unoccup,10,0,0,1,7,Medium,1,1
65,Caucasian,Female,0,M,DUI Property Damage/Injury,0,0,0,0,1,Low,0,0
22,African-American,Female,0,M,Battery,0,0,0,0,3,Low,0,0
34,Hispanic,Male,0,M,DUI Level 0.15 Or Minor In Veh,0,0,0,0,1,Low,0,1
38,Hispanic,Female,0,F,Felony Driving While Lic Suspd,0,0,0,0,1,Low,1,0
26,Caucasian,Female,4,F,Possession Of Alprazolam,0,0,0,1,3,Low,1,0
20,Hispanic,Male,0,M,Battery,0,0,0,1,4,Low,0,1
49,Hispanic,Male,0,F,Resist Officer w/Violence,0,0,0,0,1,Low,1,1
52,Caucasian,Male,2,F,Grand Theft in the 3rd Degree,0,0,0,1,9,High,1,1
25,Other,Male,2,M,Battery,0,0,0,1,2,Low,0,1
34,African-American,Male,5,F,Agg Assault W/int Com Fel Dome,0,0,0,0,1,Low,1,1
33,African-American,Male,1,M,Battery,0,0,0,1,1,Low,0,1
21,African-American,Male,1,F,Carrying Concealed Firearm,0,1,2,0,7,Medium,1,1
46,African-American,Male,9,F,Pos Cannabis W/Intent Sel/Del,0,0,0,0,4,Low,1,1
57,Caucasian,Male,1,M,DUI Property Damage/Injury,0,0,0,0,4,Low,0,1
22,African-American,Male,2,F,Possession of Cocaine,0,0,1,1,3,Low,1,1
48,Caucasian,Female,1,M,Driving Under The Influence,0,0,0,1,1,Low,0,0
40,African-American,Male,21,F,Felony Battery,0,0,0,0,5,Medium,1,1
30,African-American,Female,1,F,arrest case no charge,0,0,0,0,2,Low,1,0
21,Caucasian,Male,4,M,Battery,0,1,0,1,7,Medium,0,1
39,African-American,Female,22,F,Possession of Cocaine,0,2,0,1,10,High,1,0
33,Caucasian,Female,0,M,Possess Cannabis/20 Grams Or Less,0,0,0,1,6,Medium,0,0
24,African-American,Male,0,F,Aggravated Assault W/dead Weap,0,0,0,0,3,Low,1,1
43,African-American,Male,0,F,Contradict Statement,0,0,0,1,1,Low,1,1
45,Caucasian,Female,0,M,Battery,0,0,0,0,1,Low,0,0
51,African-American,Male,3,F,DWI w/Inj Susp Lic / Habit Off,0,0,0,0,3,Low,1,1
31,African-American,Male,9,M,Battery,0,0,0,1,7,Medium,0,1
27,Caucasian,Male,0,M,Battery,0,0,0,0,2,Low,0,1
32,African-American,Male,1,F,arrest case no charge,0,0,0,0,2,Low,1,1
49,Caucasian,Male,0,M,DUI Property Damage/Injury,0,0,0,0,1,Low,0,1
29,African-American,Male,2,F,Grand Theft in the 3rd Degree,0,0,0,0,3,Low,1,1
23,African-American,Male,2,F,Aggravated Battery / Pregnant,0,1,0,1,6,Medium,1,1
30,Asian,Male,6,M,Battery,0,0,0,0,3,Low,0,1
30,Caucasian,Male,0,M,DUI Property Damage/Injury,0,0,0,0,4,Low,0,1
34,African-American,Male,13,F,Possession Of Alprazolam,0,0,0,1,4,Low,1,1
33,African-American,Male,4,F,Felony Driving While Lic Suspd,0,0,0,0,6,Medium,1,1
28,African-American,Male,1,M,Battery,0,0,0,0,2,Low,0,1
29,African-American,Male,1,F,Stalking (Aggravated),0,0,0,0,8,High,1,1
38,Caucasian,Male,0,M,DUI Blood Alcohol Above 0.20,0,0,0,0,1,Low,0,1
37,Caucasian,Male,0,F,Felony Battery (Dom Strang),0,0,0,0,3,Low,1,1
33,Caucasian,Female,0,M,DUI Property Damage/Injury,0,0,0,1,1,Low,0,0
30,Hispanic,Male,0,F,Agg Battery Grt/Bod/Harm,0,0,0,0,2,Low,1,1
51,African-American,Male,19,F,Felony Petit Theft,1,0,1,0,9,High,1,1
65,African-American,Male,7,M,Possess Cannabis/20 Grams Or Less,0,0,0,0,5,Medium,0,1
32,African-American,Female,1,M,Battery,0,0,0,0,1,Low,0,0
38,Caucasian,Male,5,F,Grand Theft in the 3rd Degree,0,0,0,1,7,Medium,1,1
35,African-American,Male,1,F,Poss Contr Subst W/o Prescript,0,0,0,0,4,Low,1,1
57,Caucasian,Male,1,F,Aggrav Battery w/Deadly Weapon,0,0,0,0,1,Low,1,1
26,Caucasian,Male,1,F,arrest case no charge,0,0,0,0,3,Low,1,1
36,African-American,Female,4,M,Battery,2,0,0,1,6,Medium,0,0
33,Hispanic,Female,2,F,Poss Alprazolam W/int Sell/Del,0,0,0,1,4,Low,1,0
35,Caucasian,Male,3,F,Possession of Cocaine,0,0,0,1,5,Medium,1,1
33,African-American,Male,0,F,Grand Theft (Motor Vehicle),0,0,0,0,1,Low,1,1
47,Caucasian,Male,0,M,Battery,0,0,0,0,1,Low,0,1
53,Hispanic,Female,0,M,Battery,0,0,0,0,1,Low,0,0
35,Caucasian,Male,1,M,Assault,0,0,0,1,4,Low,0,1
36,African-American,Female,1,F,Possession of Cocaine,0,0,0,1,3,Low,1,0
25,Caucasian,Female,0,M,Battery,0,0,0,0,3,Low,0,0
52,Hispanic,Male,10,F,Felony Battery w/Prior Convict,0,0,0,0,6,Medium,1,1
51,Caucasian,Male,6,F,Possession of Cocaine,0,0,0,1,3,Low,1,1
24,African-American,Male,8,F,Grand Theft (Motor Vehicle),0,0,4,1,8,High,1,1
32,Caucasian,Male,0,F,Possession Burglary Tools,0,0,0,1,2,Low,1,1
43,African-American,Male,8,F,Felony Petit Theft,0,0,0,1,7,Medium,1,1
45,African-American,Male,20,M,arrest case no charge,1,0,1,0,7,Medium,0,1
42,African-American,Male,10,M,Driving License Suspended,0,0,0,1,5,Medium,0,1
22,African-American,Male,1,F,Grand Theft in the 3rd Degree,0,0,0,1,7,Medium,1,1
49,African-American,Male,4,F,Possession of Cocaine,0,0,0,0,4,Low,1,1
42,African-American,Male,0,F,Possession Of Heroin,0,0,0,1,1,Low,1,1
40,Caucasian,Male,0,M,Petit Theft,0,0,0,1,8,High,0,1
25,African-American,Male,2,F,Aggravated Assault W/dead Weap,0,1,0,1,7,Medium,1,1
25,Caucasian,Male,0,M,Viol Injunct Domestic Violence,0,0,0,1,5,Medium,0,1
23,African-American,Male,0,F,Felony Battery (Dom Strang),0,0,0,0,5,Medium,1,1
21,Caucasian,Male,2,F,Felony Driving While Lic Suspd,0,0,0,1,7,Medium,1,1
31,Caucasian,Male,3,M,Battery,0,0,0,0,5,Medium,0,1
28,African-American,Female,0,M,Battery,0,0,0,0,2,Low,0,0
24,African-American,Male,11,F,Grand Theft in the 3rd Degree,0,0,0,1,9,High,1,1
45,Caucasian,Male,0,F,Att Burgl Unoccupied Dwel,0,0,0,0,1,Low,1,1
23,African-American,Male,2,M,Battery,0,0,0,1,4,Low,0,1
39,African-American,Male,7,F,Aggravated Battery / Pregnant,0,0,0,1,8,High,1,1
24,African-American,Male,1,F,Grand Theft in the 3rd Degree,0,1,0,0,2,Low,1,1
46,Caucasian,Male,1,F,arrest case no charge,0,0,0,0,1,Low,1,1
47,Caucasian,Male,3,F,Resist Officer w/Violence,0,0,0,0,1,Low,1,1
22,African-American,Male,1,M,Possess Cannabis/20 Grams Or Less,0,0,1,1,4,Low,0,1
34,Caucasian,Female,0,M,Battery,0,0,0,0,2,Low,0,0
33,Caucasian,Male,0,M,Driving Under The Influence,0,0,0,1,1,Low,0,1
29,African-American,Male,16,F,Fleeing Or Attmp Eluding A Leo,0,0,1,1,10,High,1,1
34,Hispanic,Male,3,M,Battery,0,0,0,0,2,Low,0,1
29,African-American,Male,0,M,Battery,0,0,0,0,6,Medium,0,1
25,Caucasian,Female,2,M,Unlaw Lic Use/Disply Of Others,0,0,0,1,3,Low,0,0
34,Caucasian,Male,16,F,Felony Battery (Dom Strang),0,0,0,1,6,Medium,1,1
55,African-American,Female,1,F,Pos Cannabis W/Intent Sel/Del,0,0,0,0,1,Low,1,0
27,African-American,Male,0,F,Aggravated Battery / Pregnant,0,0,0,1,4,Low,1,1
26,African-American,Male,0,M,arrest case no charge,0,0,0,0,3,Low,0,1
39,African-American,Male,19,F,Driving While License Revoked,2,2,1,1,9,High,1,1
24,African-American,Male,1,F,Possession of Codeine,0,0,0,0,7,Medium,1,1
29,Caucasian,Male,0,M,Battery,0,0,0,0,2,Low,0,1
50,African-American,Male,13,F,Grand Theft in the 3rd Degree,0,0,0,1,1,Low,1,1
25,Hispanic,Male,2,F,Grand Theft in the 3rd Degree,0,0,0,1,5,Medium,1,1
31,African-American,Male,4,F,arrest case no charge,0,0,0,1,5,Medium,1,1
31,Other,Male,0,M,Battery,0,0,0,0,2,Low,0,1
26,Caucasian,Male,2,F,Possession of Cannabis,1,0,0,0,6,Medium,1,1
54,Caucasian,Male,2,F,arrest case no charge,0,0,0,0,2,Low,1,1
33,African-American,Male,14,F,Possession of Cocaine,0,0,0,1,8,High,1,1
22,African-American,Male,0,M,Battery,0,0,0,1,4,Low,0,1
35,African-American,Male,8,F,Driving While License Revoked,0,1,0,0,9,High,1,1
30,Other,Female,4,F,arrest case no charge,0,0,0,1,7,Medium,1,0
25,African-American,Male,0,F,Felony Driving While Lic Suspd,0,0,0,0,2,Low,1,1
25,African-American,Male,0,F,"Del 3,4 Methylenedioxymethcath",0,0,0,0,5,Medium,1,1
44,African-American,Male,0,F,Possession Of Methamphetamine,0,0,0,1,2,Low,1,1
29,Caucasian,Female,2,F,Uttering a Forged Instrument,0,0,0,1,7,Medium,1,0
46,Caucasian,Male,2,F,arrest case no charge,0,0,0,1,3,Low,1,1
53,Caucasian,Male,0,M,Battery,0,0,0,0,1,Low,0,1
24,African-American,Male,2,F,Driving While License Revoked,0,0,0,1,7,Medium,1,1
52,African-American,Female,2,F,Possession of Cocaine,0,0,0,1,1,Low,1,0
27,African-American,Male,0,M,Battery,0,0,0,1,2,Low,0,1
41,Caucasian,Male,0,F,Felony Battery (Dom Strang),0,0,0,0,1,Low,1,1
21,African-American,Female,0,F,Grand Theft in the 3rd Degree,0,0,0,1,5,Medium,1,0
24,Caucasian,Male,1,F,Possession Of Amphetamine,0,0,0,0,4,Low,1,1
23,Caucasian,Male,0,M,Battery,0,0,0,0,2,Low,0,1
42,African-American,Male,0,F,Driving While License Revoked,0,0,0,0,1,Low,1,1
24,African-American,Male,5,F,Burglary Conveyance Unoccup,5,0,0,1,8,High,1,1
26,African-American,Male,4,F,Grand Theft (Motor Vehicle),0,0,0,1,8,High,1,1
50,Caucasian,Male,9,F,Burglary Structure Unoccup,0,0,0,1,3,Low,1,1
32,African-American,Female,3,M,Battery on Law Enforc Officer,0,0,0,0,6,Medium,0,0
40,African-American,Male,13,F,arrest case no charge,0,0,0,0,9,High,1,1
27,African-American,Male,2,F,Lease For Purpose Trafficking,0,0,0,0,3,Low,1,1
23,Caucasian,Male,0,F,Possession Of Alprazolam,0,0,0,1,9,High,1,1
37,African-American,Male,22,M,arrest case no charge,0,0,0,1,9,High,0,1
32,African-American,Male,1,M,DUI Blood Alcohol Above 0.20,0,0,0,1,4,Low,0,1
52,Caucasian,Male,4,M,Viol Prot Injunc Repeat Viol,0,0,0,1,3,Low,0,1
29,Caucasian,Male,2,F,Felony Battery (Dom Strang),0,0,0,0,2,Low,1,1
49,African-American,Male,0,M,Poss Of RX Without RX,0,0,0,0,1,Low,0,1
50,Caucasian,Male,0,F,Lewd or Lascivious Molestation,0,0,0,0,1,Low,1,1
26,Caucasian,Male,2,F,Agg Assault W/int Com Fel Dome,0,0,0,1,2,Low,1,1
34,Caucasian,Female,0,F,Poss Pyrrolidinovalerophenone,0,0,0,1,8,High,1,0
28,Caucasian,Female,1,F,arrest case no charge,0,0,0,0,7,Medium,1,0
30,African-American,Male,0,F,Felony Driving While Lic Suspd,0,0,0,1,3,Low,1,1
24,African-American,Male,3,F,Burglary Conveyance Unoccup,0,0,0,1,4,Low,1,1
25,African-American,Male,0,M,Battery,0,0,0,1,2,Low,0,1
25,African-American,Male,4,M,Battery,0,0,0,1,3,Low,0,1
45,Caucasian,Male,2,F,Possession of Cocaine,0,0,0,0,1,Low,1,1
26,Caucasian,Male,1,F,Poss Pyrrolidinovalerophenone,0,0,0,1,7,Medium,1,1
37,Other,Male,2,F,Lewd/Lasciv Molest Elder Persn,0,0,0,0,1,Low,1,1
24,Hispanic,Male,0,M,Battery,0,0,0,0,2,Low,0,1
40,Caucasian,Male,2,M,arrest case no charge,0,0,0,0,1,Low,0,1
33,Hispanic,Female,0,F,Agg Battery Grt/Bod/Harm,0,0,0,0,2,Low,1,0
53,Hispanic,Male,18,F,arrest case no charge,0,0,0,0,2,Low,1,1
55,Hispanic,Male,0,M,Viol Injunct Domestic Violence,0,0,0,0,1,Low,0,1
30,Other,Male,6,F,Aggravated Assault W/Dead Weap,0,0,0,1,9,High,1,1
21,African-American,Male,1,F,arrest case no charge,0,0,0,1,7,Medium,1,1
55,Caucasian,Male,0,M,Battery,0,0,0,0,1,Low,0,1
22,Caucasian,Male,1,F,arrest case no charge,0,0,0,1,3,Low,1,1
23,African-American,Female,1,F,arrest case no charge,0,0,0,0,3,Low,1,0
57,Caucasian,Male,9,F,Possession of Cocaine,0,0,0,1,4,Low,1,1
33,Caucasian,Male,0,M,Carrying A Concealed Weapon,0,0,0,1,3,Low,0,1
32,Caucasian,Male,2,F,Aggravated Assault W/dead Weap,0,0,0,0,1,Low,1,1
47,Caucasian,Male,3,F,arrest case no charge,0,0,0,0,2,Low,1,1
51,Caucasian,Male,6,M,Viol Injunct Domestic Violence,0,0,0,1,1,Low,0,1
22,African-American,Male,1,F,Burglary Dwelling Occupied,0,1,0,0,6,Medium,1,1
47,Caucasian,Male,2,F,Dealing in Stolen Property,0,0,0,0,1,Low,1,1
28,Caucasian,Male,1,F,Possession of Cocaine,0,0,0,1,1,Low,1,1
28,African-American,Male,5,F,Grand Theft in the 3rd Degree,0,0,0,0,8,High,1,1
44,Caucasian,Female,1,M,Battery,0,0,0,1,1,Low,0,0
25,African-American,Male,0,F,Felony Battery (Dom Strang),0,0,0,1,4,Low,1,1
34,African-American,Male,4,M,Battery,0,0,0,0,2,Low,0,1
65,Caucasian,Male,0,M,DUI Property Damage/Injury,0,0,0,0,1,Low,0,1
33,Caucasian,Male,5,F,Driving While License Revoked,0,0,0,1,6,Medium,1,1
23,Caucasian,Female,0,M,Battery,0,0,0,0,3,Low,0,0
44,Caucasian,Female,0,M,Battery,0,0,0,0,1,Low,0,0
24,African-American,Male,1,M,Battery,0,0,0,0,3,Low,0,1
51,Caucasian,Male,1,M,Battery,0,0,0,0,2,Low,0,1
21,African-American,Female,0,F,Battery on Law Enforc Officer,0,0,0,1,8,High,1,0
39,Caucasian,Male,6,F,arrest case no charge,0,0,0,0,6,Medium,1,1
29,African-American,Male,29,F,Poss Contr Subst W/o Prescript,0,0,0,1,8,High,1,1
24,Caucasian,Male,1,F,Aggravated Assault W/Dead Weap,0,0,0,0,6,Medium,1,1
23,African-American,Female,0,F,Possession Burglary Tools,0,0,0,1,5,Medium,1,0
31,African-American,Male,11,F,Poss Pyrrolidinovalerophenone,0,0,2,1,10,High,1,1
35,African-American,Female,0,M,Petit Theft $100- $300,0,0,0,0,2,Low,0,0
30,Other,Male,0,F,Grand Theft in the 3rd Degree,0,0,0,0,1,Low,1,1
39,African-American,Female,4,F,Aggravated Assault W/Dead Weap,0,0,0,0,6,Medium,1,0
51,Caucasian,Male,0,M,Driving Under The Influence,0,0,0,0,1,Low,0,1
22,Caucasian,Male,1,F,arrest case no charge,0,0,1,0,7,Medium,1,1
29,Caucasian,Male,2,F,arrest case no charge,0,0,0,0,2,Low,1,1
32,Caucasian,Male,6,F,Attempted Burg/Convey/Unocc,0,0,0,1,2,Low,1,1
33,Caucasian,Male,3,M,Battery,0,0,0,1,4,Low,0,1
58,Caucasian,Male,5,F,Grand Theft in the 3rd Degree,0,0,0,1,3,Low,1,1
54,Other,Male,0,F,Aggravated Assault,0,0,0,0,1,Low,1,1
33,African-American,Male,2,F,Robbery W/Firearm,0,0,0,1,9,High,1,1
48,African-American,Male,10,F,Grand Theft in the 3rd Degree,0,0,0,0,4,Low,1,1
23,African-American,Male,0,M,Battery,0,0,0,0,8,High,0,1
23,Caucasian,Male,2,F,Grand Theft in the 3rd Degree,0,0,0,1,7,Medium,1,1
47,Asian,Male,1,M,Battery,0,0,0,0,1,Low,0,1
21,Other,Male,0,F,Grand Theft in the 3rd Degree,0,0,0,0,4,Low,1,1
29,African-American,Male,0,M,Battery,0,0,0,1,9,High,0,1
48,Caucasian,Male,2,F,arrest case no charge,0,0,0,0,1,Low,1,1
37,Caucasian,Male,4,M,Battery,0,0,0,1,4,Low,0,1
50,Caucasian,Male,3,F,Felony Battery (Dom Strang),0,0,0,0,3,Low,1,1
19,African-American,Male,3,F,Burglary Dwelling Armed,0,0,0,1,8,High,1,1
49,African-American,Male,13,F,Driving While License Revoked,2,0,0,0,3,Low,1,1
58,Caucasian,Male,2,F,Resist Officer w/Violence,0,0,0,0,5,Medium,1,1
31,African-American,Male,6,F,Possession of Cocaine,0,0,0,0,8,High,1,1
23,African-American,Male,1,M,Battery,0,0,2,0,7,Medium,0,1
23,African-American,Female,0,F,Aggravated Assault W/Dead Weap,0,0,0,1,3,Low,1,0
31,Caucasian,Male,17,F,Possession of Oxycodone,0,0,0,1,8,High,1,1
33,Other,Male,0,F,arrest case no charge,0,0,0,1,1,Low,1,1
57,Caucasian,Male,6,F,Grand Theft in the 3rd Degree,0,0,0,0,2,Low,1,1
31,Caucasian,Female,0,M,Battery,0,0,0,0,2,Low,0,0
57,African-American,Male,19,F,Possession of Cocaine,0,0,0,0,6,Medium,1,1
57,Caucasian,Male,12,M,DUI - Enhanced,0,0,0,0,5,Medium,0,1
29,African-American,Male,6,M,Battery,0,0,0,1,7,Medium,0,1
30,African-American,Male,0,M,Battery,0,0,0,1,1,Low,0,1
45,African-American,Male,11,F,Felony Battery w/Prior Convict,0,0,0,0,3,Low,1,1
42,Caucasian,Male,0,F,Tampering With Physical Evidence,0,0,0,0,5,Medium,1,1
48,Other,Male,7,F,Carrying Concealed Firearm,0,0,0,0,2,Low,1,1
29,African-American,Male,12,F,Tampering With Physical Evidence,0,2,0,1,8,High,1,1
28,Caucasian,Female,0,F,Driving While License Revoked,0,0,0,0,2,Low,1,0
25,African-American,Male,1,M,Battery,0,0,0,1,2,Low,0,1
34,Caucasian,Female,3,M,Battery,0,0,0,0,5,Medium,0,0
27,African-American,Male,0,F,Tampering With Physical Evidence,0,0,0,0,2,Low,1,1
39,African-American,Male,4,F,Aggrav Child Abuse-Agg Battery,0,0,0,0,4,Low,1,1
27,African-American,Male,4,F,arrest case no charge,0,0,0,1,5,Medium,1,1
30,Caucasian,Male,7,F,Dealing in Stolen Property,0,0,1,1,10,High,1,1
31,African-American,Male,15,M,Battery,3,0,1,1,10,High,0,1
20,African-American,Male,1,M,Aggravated Battery / Pregnant,0,0,1,1,9,High,0,1
26,Caucasian,Male,2,F,Aggravated Assault W/Dead Weap,0,0,0,1,9,High,1,1
34,Caucasian,Male,0,F,Fleeing or Eluding a LEO,0,0,0,1,1,Low,1,1
27,Caucasian,Male,0,M,Battery,0,0,0,0,2,Low,0,1
29,African-American,Male,4,F,Felony Driving While Lic Suspd,0,0,0,0,2,Low,1,1
27,African-American,Male,7,F,Driving While License Revoked,0,0,0,0,6,Medium,1,1
24,Caucasian,Female,0,F,Uttering a Forged Instrument,0,0,0,0,8,High,1,0
29,African-American,Male,0,F,Driving While License Revoked,0,0,0,1,5,Medium,1,1
20,Caucasian,Male,0,F,Child Abuse,0,0,0,0,3,Low,1,1
23,Caucasian,Female,0,F,Possession of Cocaine,0,0,0,0,3,Low,1,0
48,African-American,Female,0,M,DUI Property Damage/Injury,0,0,0,0,1,Low,0,0
34,African-American,Male,0,M,Driving Under The Influence,0,0,0,1,1,Low,0,1
46,African-American,Male,1,M,Battery,0,0,0,1,6,Medium,0,1
41,Caucasian,Female,3,F,Driving While License Revoked,0,0,0,0,5,Medium,1,0
26,African-American,Male,3,F,Del Cannabis At/Near Park,0,0,0,1,6,Medium,1,1
37,African-American,Male,11,F,Felony Driving While Lic Suspd,0,0,0,1,8,High,1,1
22,Caucasian,Female,2,F,arrest case no charge,0,0,0,0,3,Low,1,0
32,African-American,Male,7,F,Felony Driving While Lic Suspd,0,0,0,0,1,Low,1,1
44,African-American,Male,0,M,DUI Level 0.15 Or Minor In Veh,0,0,0,0,1,Low,0,1
60,African-American,Male,3,M,DUI - Enhanced,0,0,0,0,1,Low,0,1
49,Caucasian,Male,0,F,Possession of Cocaine,0,0,0,0,1,Low,1,1
30,African-American,Male,10,M,Battery,0,0,0,1,4,Low,0,1
52,Caucasian,Male,0,F,Manufacture Cannabis,0,0,0,0,1,Low,1,1
34,African-American,Male,0,F,Poss Wep Conv Felon,0,0,0,0,10,High,1,1
55,African-American,Male,5,F,Felony Battery w/Prior Convict,0,0,0,1,4,Low,1,1
33,African-American,Male,0,M,Resist/Obstruct W/O Violence,0,0,0,0,7,Medium,0,1
22,African-American,Male,0,F,Possession of Cannabis,0,0,0,1,6,Medium,1,1
27,African-American,Female,0,M,Assault,0,0,0,0,2,Low,0,0
20,African-American,Male,0,F,Uttering a Forged Instrument,0,0,2,1,5,Medium,1,1
33,Caucasian,Male,0,F,Burglary Assault/Battery Armed,0,0,0,0,2,Low,1,1
26,African-American,Male,0,M,Battery,0,0,0,0,2,Low,0,1
29,African-American,Male,0,M,DWLS Canceled Disqul 1st Off,0,0,0,0,5,Medium,0,1
32,African-American,Male,1,M,Driving Under The Influence,0,0,0,0,3,Low,0,1
37,Caucasian,Male,4,M,Battery,0,0,0,0,1,Low,0,1
31,African-American,Male,15,F,arrest case no charge,0,0,0,0,10,High,1,1
29,African-American,Male,6,F,Driving While License Revoked,0,0,0,1,8,High,1,1
31,African-American,Male,6,F,arrest case no charge,0,0,0,0,4,Low,1,1
36,Caucasian,Female,2,F,Aggrav Battery w/Deadly Weapon,0,0,0,0,3,Low,1,0
37,African-American,Female,1,F,Burglary With Assault/battery,0,0,0,0,1,Low,1,0
34,Caucasian,Male,5,M,Petit Theft,0,0,0,1,2,Low,0,1
20,Caucasian,Male,1,M,Assault,0,0,0,1,5,Medium,0,1
24,Caucasian,Male,8,F,Felony Petit Theft,0,0,2,1,9,High,1,1
29,African-American,Male,8,M,Battery,0,1,0,1,9,High,0,1
45,African-American,Female,1,F,Driving While License Revoked,0,0,0,0,1,Low,1,0
34,Caucasian,Male,2,F,arrest case no charge,0,0,0,1,7,Medium,1,1
70,African-American,Male,0,M,Driving Under The Influence,0,0,0,0,1,Low,0,1
23,African-American,Male,4,F,arrest case no charge,1,0,0,0,9,High,1,1
27,Caucasian,Male,5,M,Driving License Suspended,0,0,0,0,4,Low,0,1
44,Caucasian,Male,6,F,Grand Theft in the 3rd Degree,0,0,0,1,6,Medium,1,1
26,African-American,Male,0,M,Battery,0,0,0,0,5,Medium,0,1
23,Caucasian,Female,2,M,Battery,0,0,0,0,6,Medium,0,0
27,African-American,Male,3,F,arrest case no charge,0,0,0,1,9,High,1,1
46,Caucasian,Female,1,F,Felony Batt(Great Bodily Harm),0,0,0,0,2,Low,1,0
27,African-American,Female,1,F,arrest case no charge,1,0,0,0,5,Medium,1,0
45,Caucasian,Male,7,F,Felony Battery,0,0,0,0,2,Low,1,1
42,African-American,Male,1,M,arrest case no charge,0,0,0,0,5,Medium,0,1
24,Caucasian,Female,3,M,Battery,0,1,0,1,5,Medium,0,0
20,African-American,Male,2,F,arrest case no charge,1,1,1,1,8,High,1,1
49,Caucasian,Male,3,F,Possession of Cocaine,0,0,0,0,4,Low,1,1
29,Hispanic,Male,0,F,Carrying Concealed Firearm,0,0,0,0,2,Low,1,1
52,Caucasian,Female,1,F,Battery on Law Enforc Officer,0,0,0,0,1,Low,1,0
37,Hispanic,Male,4,M,Battery,0,0,0,1,1,Low,0,1
26,African-American,Male,1,M,Battery,0,0,0,0,3,Low,0,1
53,African-American,Male,15,F,Felony Driving While Lic Suspd,0,0,0,1,1,Low,1,1
47,Hispanic,Male,1,F,arrest case no charge,0,0,0,0,1,Low,1,1
38,African-American,Male,0,M,Extradition/Defendants,0,0,0,1,8,High,0,1
25,African-American,Male,1,F,Possession of Cocaine,0,0,0,0,6,Medium,1,1
21,African-American,Male,1,F,Burglary Conveyance Unoccup,1,0,0,1,10,High,1,1
48,African-American,Male,0,M,Battery,0,0,0,0,1,Low,0,1
24,Other,Female,0,F,Uttering a Forged Instrument,0,0,0,0,3,Low,1,0
22,African-American,Male,0,F,Burglary Dwelling Occupied,0,0,0,1,4,Low,1,1
38,Caucasian,Male,2,M,Battery,0,0,0,0,2,Low,0,1
23,Other,Male,0,F,Felony Battery (Dom Strang),0,0,0,1,3,Low,1,1
54,Other,Male,2,M,Battery,0,0,0,0,1,Low,0,1
24,Hispanic,Male,1,F,arrest case no charge,0,0,0,0,4,Low,1,1
44,Caucasian,Female,0,M,Disorderly Conduct,0,0,0,1,1,Low,0,0
64,Caucasian,Male,0,M,Operating W/O Valid License,0,0,0,0,1,Low,0,1
38,Caucasian,Male,5,M,Felony/Driving Under Influence,0,0,0,1,5,Medium,0,1
45,Other,Female,0,M,Battery,0,0,0,0,1,Low,0,0
49,African-American,Male,1,F,Grand Theft in the 3rd Degree,0,0,0,0,5,Medium,1,1
33,Asian,Male,0,M,Battery,0,0,0,0,1,Low,0,1
44,Hispanic,Male,2,F,Leaving the Scene of Accident,0,0,0,0,2,Low,1,1
51,African-American,Male,3,F,arrest case no charge,0,0,0,0,1,Low,1,1
50,African-American,Male,0,F,Possession of Cocaine,0,0,0,0,1,Low,1,1
33,Caucasian,Male,2,M,Viol Injunct Domestic Violence,0,2,0,0,2,Low,0,1
54,Caucasian,Female,0,M,Battery,0,0,0,0,1,Low,0,0
28,Hispanic,Male,3,F,Possession of Cannabis,0,0,0,1,5,Medium,1,1
42,African-American,Male,17,M,arrest case no charge,0,0,0,1,7,Medium,0,1
34,Caucasian,Male,3,F,Driving While License Revoked,0,0,0,0,1,Low,1,1
38,Caucasian,Male,2,F,Corrupt Public Servant,0,0,0,1,3,Low,1,1
21,African-American,Male,1,F,Bribery Athletic Contests,0,0,0,1,9,High,1,1
33,African-American,Male,5,F,Felony Driving While Lic Suspd,0,0,0,0,4,Low,1,1
32,African-American,Male,9,M,arrest case no charge,0,0,1,1,7,Medium,0,1
45,Caucasian,Male,1,M,Battery,0,0,0,0,1,Low,0,1
30,Caucasian,Male,1,F,Possession Of Heroin,0,0,0,1,8,High,1,1
29,African-American,Female,0,F,Agg Battery Grt/Bod/Harm,0,0,0,0,10,High,1,0
51,Caucasian,Female,0,M,Battery,0,0,0,1,1,Low,0,0
28,African-American,Female,0,F,Aggravated Assault W/Dead Weap,0,0,0,0,3,Low,1,0
27,Caucasian,Male,1,F,Possession of Cannabis,0,0,0,0,3,Low,1,1
28,Hispanic,Male,16,F,Possession Of Heroin,0,0,0,1,10,High,1,1
30,African-American,Female,0,F,Grand Theft on 65 Yr or Older,0,0,0,0,2,Low,1,0
32,African-American,Male,0,M,Battery,0,0,0,0,7,Medium,0,1
27,Caucasian,Male,5,F,Grand Theft in the 3rd Degree,0,0,0,0,4,Low,1,1
21,Hispanic,Male,1,F,Battery on Law Enforc Officer,0,0,0,1,5,Medium,1,1
21,African-American,Male,0,F,Burglary Structure Unoccup,0,0,0,0,5,Medium,1,1
34,Caucasian,Female,0,F,Tamper With Witness/Victim/CI,0,0,0,1,3,Low,1,0
24,African-American,Male,7,F,Crim Attempt/Solic/Consp,0,0,0,1,9,High,1,1
32,Caucasian,Male,0,M,Driving License Suspended,0,0,0,0,1,Low,0,1
38,Caucasian,Female,5,F,arrest case no charge,0,0,0,1,6,Medium,1,0
56,African-American,Male,3,M,arrest case no charge,0,0,0,0,1,Low,0,1
44,African-American,Female,0,M,Battery,0,0,0,0,1,Low,0,0
31,African-American,Male,1,M,DWLS Canceled Disqul 1st Off,0,0,0,1,5,Medium,0,1
25,Caucasian,Female,6,F,arrest case no charge,0,0,0,0,7,Medium,1,0
20,African-American,Female,0,M,Battery,0,0,0,0,5,Medium,0,0
35,African-American,Male,1,M,Battery,0,0,0,0,5,Medium,0,1
33,African-American,Male,1,F,Agg Battery Grt/Bod/Harm,0,0,0,1,4,Low,1,1
24,African-American,Male,0,M,Battery,0,0,0,0,3,Low,0,1
40,Hispanic,Female,2,M,arrest case no charge,0,0,0,0,2,Low,0,0
27,African-American,Male,9,F,Poss Pyrrolidinovalerophenone,0,0,0,1,9,High,1,1
38,African-American,Male,9,F,Grand Theft in the 3rd Degree,0,0,0,1,5,Medium,1,1
20,Caucasian,Male,0,F,Grand Theft Dwell Property,0,0,1,1,6,Medium,1,1
30,African-American,Male,9,F,Driving While License Revoked,0,0,0,1,3,Low,1,1
36,Caucasian,Male,9,F,arrest case no charge,0,0,0,1,6,Medium,1,1
23,African-American,Male,2,M,Viol Injunct Domestic Violence,0,0,0,1,9,High,0,1
39,African-American,Male,21,F,Driving While License Revoked,0,0,0,1,10,High,1,1
29,Caucasian,Male,3,F,Pos Cannabis W/Intent Sel/Del,0,0,0,1,6,Medium,1,1
58,Caucasian,Male,2,M,Viol Injunct Domestic Violence,0,0,0,1,1,Low,0,1
23,Hispanic,Male,2,F,Grand Theft in the 3rd Degree,0,0,1,0,7,Medium,1,1
23,Caucasian,Male,3,M,Petit Theft,0,0,0,1,8,High,0,1
68,African-American,Female,5,F,Possession of Cocaine,0,0,0,0,2,Low,1,0
26,Caucasian,Female,2,M,Battery,0,0,0,0,5,Medium,0,0
51,African-American,Male,0,F,Possession of Cocaine,0,0,0,1,4,Low,1,1
25,African-American,Male,0,M,Battery,0,0,0,0,2,Low,0,1
40,African-American,Male,5,F,Felony Driving While Lic Suspd,0,0,0,1,9,High,1,1
51,African-American,Male,14,F,arrest case no charge,0,0,0,0,5,Medium,1,1
27,African-American,Male,2,M,Prowling/Loitering,0,0,0,1,5,Medium,0,1
49,African-American,Male,11,M,Viol Prot Injunc Repeat Viol,0,0,0,1,5,Medium,0,1
36,Other,Male,0,M,Battery,0,0,0,0,1,Low,0,1
20,African-American,Male,0,F,Burglary Dwelling Assault/Batt,0,0,0,0,3,Low,1,1
21,African-American,Male,2,F,Possession of Cocaine,0,0,0,1,10,High,1,1
31,African-American,Female,0,F,Agg Battery Grt/Bod/Harm,0,0,0,0,2,Low,1,0
57,African-American,Male,0,M,Battery,0,0,0,0,1,Low,0,1
61,Caucasian,Female,8,F,Resist Officer w/Violence,0,0,0,1,3,Low,1,0
35,Hispanic,Male,3,F,Burglary Structure Unoccup,0,0,0,1,1,Low,1,1
54,African-American,Male,3,F,arrest case no charge,0,0,0,1,6,Medium,1,1
39,Caucasian,Male,0,F,Possession of Cocaine,0,0,0,0,3,Low,1,1
24,African-American,Male,1,F,Possession of Cocaine,0,1,0,0,7,Medium,1,1
29,Hispanic,Female,0,F,Aggrav Battery w/Deadly Weapon,0,0,0,1,4,Low,1,0
48,African-American,Male,8,F,Possession of Cocaine,0,0,1,1,9,High,1,1
30,African-American,Male,6,M,Resist/Obstruct W/O Violence,0,0,1,1,7,Medium,0,1
26,African-American,Male,10,F,Possession of Cocaine,0,1,0,1,10,High,1,1
37,African-American,Male,12,F,Pos Cannabis W/Intent Sel/Del,0,0,0,1,9,High,1,1
26,African-American,Male,4,F,Burglary Dwelling Occupied,0,0,0,1,6,Medium,1,1
29,African-American,Male,7,M,Petit Theft,0,0,0,1,10,High,0,1
26,African-American,Male,1,M,Viol Pretrial Release Dom Viol,0,0,0,1,6,Medium,0,1
60,African-American,Male,2,F,Possession of Cocaine,0,0,0,0,1,Low,1,1
27,Caucasian,Male,2,F,Poss/Sell/Del/Man Amobarbital,0,0,0,1,7,Medium,1,1
22,Caucasian,Male,1,F,Poss Contr Subst W/o Prescript,0,0,1,0,6,Medium,1,1
28,African-American,Male,3,F,arrest case no charge,0,0,0,0,7,Medium,1,1
33,African-American,Male,13,F,Carrying Concealed Firearm,0,0,0,1,6,Medium,1,1
28,African-American,Male,2,F,arrest case no charge,0,0,0,0,2,Low,1,1
55,Caucasian,Male,0,M,Battery,0,0,0,1,1,Low,0,1
21,African-American,Male,6,F,Burglary Unoccupied Dwelling,0,1,0,1,8,High,1,1
28,Hispanic,Male,2,F,Kidnapping / Domestic Violence,0,0,0,1,3,Low,1,1
22,Hispanic,Female,0,M,Battery,0,0,0,0,2,Low,0,0
29,Caucasian,Female,6,F,Possession of Cocaine,0,0,0,1,7,Medium,1,0
24,African-American,Male,2,M,Tresspass Struct/Conveyance,0,0,0,1,8,High,0,1
50,African-American,Male,12,F,Possession of Cocaine,0,0,0,1,1,Low,1,1
24,African-American,Male,1,M,Battery,0,0,0,1,6,Medium,0,1
47,African-American,Male,1,F,arrest case no charge,0,0,0,0,2,Low,1,1
54,Caucasian,Male,6,F,Aggravated Battery / Pregnant,0,0,0,0,1,Low,1,1
42,Caucasian,Female,0,M,Battery,0,0,0,0,2,Low,0,0
35,Caucasian,Male,5,F,Cruelty to Animals,0,0,0,0,3,Low,1,1
30,African-American,Male,0,F,Driving While License Revoked,0,0,0,1,4,Low,1,1
53,Caucasian,Male,1,F,Dealing in Stolen Property,0,0,0,0,1,Low,1,1
31,African-American,Female,2,M,Exposes Culpable Negligence,0,0,0,0,3,Low,0,0
31,African-American,Male,0,F,Pos Cannabis W/Intent Sel/Del,0,0,0,1,2,Low,1,1
23,Other,Male,4,F,Grand Theft in the 3rd Degree,0,0,0,0,10,High,1,1
47,African-American,Male,9,F,Felony Battery w/Prior Convict,0,0,0,0,4,Low,1,1
24,African-American,Male,9,M,Operating W/O Valid License,0,1,0,1,9,High,0,1
22,African-American,Female,2,F,Aggrav Battery w/Deadly Weapon,0,1,0,0,9,High,1,0
45,Hispanic,Male,1,M,Possess Cannabis/20 Grams Or Less,0,0,0,0,1,Low,0,1
30,African-American,Female,2,F,Grand Theft in the 3rd Degree,0,0,0,0,2,Low,1,0
30,Other,Male,5,M,arrest case no charge,0,0,0,1,8,High,0,1
43,Caucasian,Female,22,M,Trespass Private Property,0,0,0,1,10,High,0,0
50,African-American,Male,0,M,Battery,0,0,0,0,1,Low,0,1
24,Other,Female,2,F,Possession Of Methamphetamine,0,0,0,1,4,Low,1,0
42,Caucasian,Female,3,F,False Ownership Info/Pawn Item,0,0,0,0,5,Medium,1,0
29,Caucasian,Female,1,F,Grand Theft in the 3rd Degree,0,0,0,1,7,Medium,1,0
31,Hispanic,Male,0,M,Assault,0,0,0,0,1,Low,0,1
25,African-American,Male,5,F,arrest case no charge,0,0,0,1,9,High,1,1
36,African-American,Male,4,F,Aggrav Battery w/Deadly Weapon,0,0,0,0,5,Medium,1,1
24,African-American,Male,1,M,Lve/Scen/Acc/Veh/Prop/Damage,0,0,0,1,5,Medium,0,1
28,Caucasian,Male,5,F,Driving While License Revoked,0,0,0,0,5,Medium,1,1
31,Caucasian,Male,0,M,Battery,0,0,0,1,1,Low,0,1
23,African-American,Male,0,F,Aggravated Assault W/dead Weap,0,0,0,0,4,Low,1,1
29,Caucasian,Male,4,M,Viol Injunct Domestic Violence,0,0,0,1,6,Medium,0,1
51,African-American,Male,11,M,Petit Theft $100- $300,0,0,0,1,5,Medium,0,1
34,African-American,Male,1,F,Pos Cannabis W/Intent Sel/Del,0,0,0,0,5,Medium,1,1
29,African-American,Male,12,F,Driving While License Revoked,0,0,0,1,2,Low,1,1
39,African-American,Male,13,F,Possession of Cocaine,0,1,0,1,10,High,1,1
36,Hispanic,Female,0,M,Burglary Structure Unoccup,0,0,0,0,2,Low,0,0
59,African-American,Male,15,M,arrest case no charge,0,0,0,1,6,Medium,0,1
23,African-American,Male,3,F,Grand Theft (Motor Vehicle),0,0,2,1,8,High,1,1
31,African-American,Male,15,F,Felony Driving While Lic Suspd,0,0,0,0,8,High,1,1
53,Caucasian,Male,0,M,Resist/Obstruct W/O Violence,0,0,0,0,1,Low,0,1
34,African-American,Male,12,F,Unauth C/P/S Sounds>1000/Audio,0,0,0,0,7,Medium,1,1
63,African-American,Female,1,F,Possession of Cannabis,0,0,0,0,1,Low,1,0
21,Other,Male,0,F,Tampering With Physical Evidence,0,0,0,1,4,Low,1,1
21,African-American,Female,0,F,Possession Of Alprazolam,0,0,0,1,7,Medium,1,0
47,Caucasian,Male,28,F,Corrupt Public Servant,0,0,0,1,9,High,1,1
34,African-American,Male,7,F,Possession of Cocaine,0,0,0,1,5,Medium,1,1
58,Caucasian,Male,4,F,Felony Petit Theft,0,0,0,1,5,Medium,1,1
40,Hispanic,Female,4,F,Grand Theft (Motor Vehicle),0,0,0,1,3,Low,1,0
36,African-American,Male,16,F,arrest case no charge,3,0,0,1,8,High,1,1
23,African-American,Female,0,M,Battery,0,0,0,0,4,Low,0,0
34,African-American,Male,5,F,Possession Burglary Tools,0,0,0,1,2,Low,1,1
56,Caucasian,Male,13,F,arrest case no charge,0,0,0,0,2,Low,1,1
52,Caucasian,Female,0,F,Aggrav Battery w/Deadly Weapon,0,0,0,0,1,Low,1,0
56,African-American,Male,0,F,False Imprisonment,0,0,0,0,2,Low,1,1
37,African-American,Female,0,M,Exposes Culpable Negligence,0,0,0,0,1,Low,0,0
50,Caucasian,Female,0,M,Battery,0,0,0,0,1,Low,0,0
25,African-American,Male,1,F,Grand Theft in the 3rd Degree,0,0,0,1,2,Low,1,1
22,African-American,Male,0,F,Possession of Cocaine,0,0,0,1,5,Medium,1,1
43,Caucasian,Female,0,M,Battery,0,0,0,1,1,Low,0,0
30,Caucasian,Male,1,M,Battery,0,0,0,0,2,Low,0,1
29,Asian,Male,0,F,Battery on a Person Over 65,0,0,0,0,1,Low,1,1
24,Caucasian,Male,0,F,Pos Cannabis W/Intent Sel/Del,0,0,0,0,2,Low,1,1
29,African-American,Male,7,M,Battery,0,0,0,1,8,High,0,1
24,Caucasian,Female,0,F,Possession Of Heroin,0,0,0,0,4,Low,1,0
74,African-American,Female,0,F,Felony Petit Theft,0,0,0,0,1,Low,1,0
27,African-American,Male,8,M,arrest case no charge,0,0,1,1,7,Medium,0,1
37,Hispanic,Male,1,F,Pos Cannabis W/Intent Sel/Del,0,0,0,1,2,Low,1,1
29,Caucasian,Male,5,F,Driving While License Revoked,0,0,0,0,2,Low,1,1
35,African-American,Female,5,F,Neglect Child / No Bodily Harm,0,0,0,0,3,Low,1,0
29,African-American,Male,1,M,Battery,0,0,0,1,6,Medium,0,1
36,Caucasian,Male,1,F,arrest case no charge,0,0,0,0,2,Low,1,1
26,Caucasian,Male,2,F,Carrying Concealed Firearm,0,0,0,0,4,Low,1,1
26,African-American,Female,1,F,arrest case no charge,0,0,0,0,5,Medium,1,0
39,Caucasian,Female,11,F,Felony Petit Theft,0,1,0,1,6,Medium,1,0
22,African-American,Male,3,F,Grand Theft in the 3rd Degree,0,1,0,1,4,Low,1,1
28,Caucasian,Male,0,F,Grand Theft in the 3rd Degree,0,0,0,0,3,Low,1,1
51,Caucasian,Male,1,F,Possession Of Alprazolam,0,0,0,1,1,Low,1,1
35,Hispanic,Female,0,M,Battery,0,0,0,0,2,Low,0,0
23,African-American,Female,0,M,Battery,0,0,0,0,2,Low,0,0
29,African-American,Male,6,F,Crim Use of Personal ID Info,1,2,0,1,6,Medium,1,1
20,Other,Male,0,F,Uttering a Forged Instrument,0,0,0,1,3,Low,1,1
24,African-American,Male,1,M,arrest case no charge,0,0,2,1,9,High,0,1
23,Hispanic,Female,2,M,Battery,0,1,0,0,4,Low,0,0
33,African-American,Female,5,F,Aggravated Assault W/Dead Weap,0,0,0,0,7,Medium,1,0
21,Caucasian,Male,1,F,arrest case no charge,1,0,0,1,3,Low,1,1
59,Caucasian,Male,3,M,Battery,0,0,0,0,1,Low,0,1
26,Caucasian,Male,4,F,Tamper With Witness/Victim/CI,0,0,0,1,4,Low,1,1
38,Other,Male,2,F,Grand Theft in the 3rd Degree,0,0,0,0,1,Low,1,1
28,Hispanic,Male,2,F,Grand Theft in the 3rd Degree,0,0,0,0,8,High,1,1
23,Hispanic,Male,2,F,arrest case no charge,0,0,0,1,5,Medium,1,1
21,African-American,Male,1,F,Obstruct Officer W/Violence,0,0,2,1,5,Medium,1,1
52,African-American,Male,0,M,Battery,0,0,0,1,1,Low,0,1
56,African-American,Male,12,F,Possession of Cocaine,0,0,0,1,5,Medium,1,1
40,Caucasian,Male,1,M,DUI Property Damage/Injury,0,0,0,0,4,Low,0,1
48,Caucasian,Female,8,M,Felony Battery w/Prior Convict,0,0,0,1,4,Low,0,0
26,African-American,Female,0,F,Grand Theft in the 3rd Degree,0,0,0,0,4,Low,1,0
66,Caucasian,Male,1,F,arrest case no charge,0,0,0,1,1,Low,1,1
54,African-American,Female,6,F,Felony Petit Theft,0,0,0,0,4,Low,1,0
31,Caucasian,Male,4,M,Battery,0,0,0,1,7,Medium,0,1
34,Caucasian,Male,0,F,Grand Theft in the 3rd Degree,0,0,0,0,3,Low,1,1
25,African-American,Male,9,F,arrest case no charge,0,0,0,1,9,High,1,1
47,Caucasian,Male,2,F,Possession of Cocaine,0,0,0,0,4,Low,1,1
51,African-American,Male,12,F,Felony Driving While Lic Suspd,0,0,1,1,8,High,1,1
25,Caucasian,Male,1,F,arrest case no charge,0,0,0,0,3,Low,1,1
25,Other,Male,0,F,Felony Battery,0,0,0,1,2,Low,1,1
31,African-American,Female,2,F,Aggravated Assault W/Dead Weap,0,0,0,1,2,Low,1,0
36,Caucasian,Male,1,F,arrest case no charge,0,0,0,0,2,Low,1,1
49,Caucasian,Male,0,M,Driving Under The Influence,0,0,0,0,1,Low,0,1
31,African-American,Male,0,F,Grand Theft in the 3rd Degree,0,0,0,0,7,Medium,1,1
30,Caucasian,Male,1,F,Uttering a Forged Instrument,0,0,1,0,3,Low,1,1
29,African-American,Male,3,F,Att Burgl Unoccupied Dwel,1,0,0,1,9,High,1,1
53,Caucasian,Female,6,F,Possession of Cocaine,0,0,0,1,5,Medium,1,0
21,African-American,Male,1,F,Att Burgl Unoccupied Dwel,0,1,0,1,9,High,1,1
21,African-American,Male,0,F,Resist Officer w/Violence,0,0,0,0,4,Low,1,1
27,African-American,Female,1,F,Fraudulent Use of Credit Card,0,0,0,1,5,Medium,1,0
65,African-American,Female,0,F,Grand Theft in the 3rd Degree,0,0,0,0,1,Low,1,0
59,Caucasian,Female,0,M,Driving Under The Influence,0,0,0,0,1,Low,0,0
59,African-American,Male,0,M,DUI Property Damage/Injury,0,0,0,0,1,Low,0,1
24,African-American,Male,0,M,Battery,0,0,0,0,7,Medium,0,1
40,African-American,Male,0,F,Aggravated Battery,0,0,0,0,1,Low,1,1
51,African-American,Male,0,F,Criminal Mischief,0,0,0,1,1,Low,1,1
34,African-American,Male,10,F,Possession Of Alprazolam,1,0,0,1,9,High,1,1
30,Hispanic,Male,1,F,Poss Unlaw Issue Driver Licenc,0,0,0,1,2,Low,1,1
52,African-American,Male,1,F,Tampering With Physical Evidence,0,0,0,0,1,Low,1,1
38,African-American,Male,2,F,Aggrav Battery w/Deadly Weapon,0,0,0,1,3,Low,1,1
22,African-American,Female,0,F,Poss of Methylethcathinone,0,0,0,0,8,High,1,0
43,African-American,Male,0,F,Pos Cannabis W/Intent Sel/Del,0,0,0,0,5,Medium,1,1
32,Caucasian,Male,5,F,Possession of Cocaine,0,0,0,1,9,High,1,1
55,African-American,Male,0,F,Failure To Return Hired Vehicle,0,0,0,0,1,Low,1,1
26,African-American,Male,2,F,Burglary Unoccupied Dwelling,0,0,0,0,2,Low,1,1
23,Caucasian,Male,1,M,DUI Property Damage/Injury,0,0,1,0,2,Low,0,1
47,Other,Female,0,F,Aggravated Assault W/dead Weap,0,0,0,0,1,Low,1,0
28,Caucasian,Male,1,M,Driving License Suspended,0,0,0,1,2,Low,0,1
27,Hispanic,Male,0,F,Grand Theft in the 3rd Degree,0,0,0,1,2,Low,1,1
61,Hispanic,Male,2,F,Felony Petit Theft,0,0,0,1,4,Low,1,1
26,African-American,Male,0,F,Felony Batt(Great Bodily Harm),0,0,0,0,2,Low,1,1
28,Caucasian,Female,1,M,Battery,0,0,0,1,5,Medium,0,0
43,African-American,Male,0,F,Uttering a Forged Instrument,0,0,0,1,5,Medium,1,1
33,African-American,Male,21,M,Viol Pretrial Release Dom Viol,0,0,0,1,7,Medium,0,1
21,Caucasian,Male,0,M,Burglary Structure Unoccup,0,0,1,0,3,Low,0,1
32,Caucasian,Female,0,M,Battery,0,0,1,0,1,Low,0,0
22,African-American,Male,1,F,Tampering With Physical Evidence,0,0,0,1,4,Low,1,1
51,African-American,Male,3,F,Possession of Cocaine,0,0,0,0,1,Low,1,1
20,African-American,Male,2,F,Resist Officer w/Violence,0,0,1,1,10,High,1,1
35,Caucasian,Male,2,F,Possession Of Amphetamine,0,0,0,0,3,Low,1,1
37,African-American,Female,3,F,arrest case no charge,0,0,0,0,1,Low,1,0
28,African-American,Male,0,M,Susp Drivers Lic 1st Offense,0,0,0,1,7,Medium,0,1
41,Caucasian,Male,3,M,Battery,0,0,0,1,5,Medium,0,1
24,African-American,Male,0,M,Battery,0,0,0,1,8,High,0,1
33,African-American,Female,3,M,Battery,0,0,0,0,4,Low,0,0
30,Caucasian,Female,4,F,arrest case no charge,0,0,0,0,6,Medium,1,0
20,African-American,Male,1,F,Burglary Unoccupied Dwelling,0,0,0,1,7,Medium,1,1
42,African-American,Female,1,F,arrest case no charge,0,0,0,0,1,Low,1,0
40,African-American,Female,15,F,arrest case no charge,0,0,0,1,7,Medium,1,0
39,African-American,Male,0,F,Poss Unlaw Issue Id,0,0,0,1,4,Low,1,1
21,African-American,Male,0,F,Grand Theft (Motor Vehicle),0,0,0,0,7,Medium,1,1
39,Caucasian,Male,2,F,Poss Contr Subst W/o Prescript,0,0,0,1,2,Low,1,1
24,Caucasian,Male,0,F,Possession of Cannabis,0,0,0,0,2,Low,1,1
41,African-American,Male,0,F,Driving While License Revoked,0,0,0,0,1,Low,1,1
39,African-American,Male,1,F,Possession of Cannabis,0,0,0,0,4,Low,1,1
24,African-American,Female,3,F,Grand Theft in the 3rd Degree,0,0,0,0,8,High,1,0
24,African-American,Female,1,F,Grand Theft in the 3rd Degree,0,0,0,0,4,Low,1,0
29,African-American,Male,0,M,Disorderly Conduct,0,0,0,1,2,Low,0,1
25,Caucasian,Male,2,M,Prowling/Loitering,0,0,0,1,5,Medium,0,1
23,Caucasian,Female,0,F,Grand Theft in the 3rd Degree,0,0,0,1,6,Medium,1,0
22,African-American,Male,1,F,"Poss3,4 Methylenedioxymethcath",0,0,1,1,10,High,1,1
26,Other,Female,4,M,Battery,0,0,0,1,7,Medium,0,0
26,African-American,Male,3,M,Operating W/O Valid License,0,3,0,1,9,High,0,1
24,African-American,Female,3,M,PL/Unlaw Use Credit Card,0,0,0,1,6,Medium,0,0
44,African-American,Male,0,M,Viol Injunct Domestic Violence,0,0,0,0,5,Medium,0,1
36,Caucasian,Male,1,F,arrest case no charge,0,0,0,1,2,Low,1,1
39,Caucasian,Male,10,F,Grand Theft in the 3rd Degree,0,0,0,1,8,High,1,1
42,Caucasian,Male,0,F,Possession of LSD,0,0,0,0,4,Low,1,1
45,Caucasian,Male,1,M,DUI Property Damage/Injury,0,0,0,0,1,Low,0,1
25,African-American,Male,7,F,Resist Officer w/Violence,0,1,0,1,10,High,1,1
33,Caucasian,Male,0,F,Grand Theft in the 3rd Degree,0,0,0,0,2,Low,1,1
25,Caucasian,Male,0,M,DUI Level 0.15 Or Minor In Veh,0,0,0,0,3,Low,0,1
32,African-American,Male,5,F,arrest case no charge,0,1,0,0,4,Low,1,1
23,African-American,Male,0,F,Deliver Cannabis,0,0,0,0,7,Medium,1,1
39,Caucasian,Male,0,M,Battery,0,0,0,0,5,Medium,0,1
27,African-American,Male,12,F,Grand Theft Firearm,0,0,0,1,8,High,1,1
35,Caucasian,Female,4,M,Battery,0,0,0,0,7,Medium,0,0
38,African-American,Female,0,M,Battery,0,0,0,0,1,Low,0,0
30,African-American,Male,4,F,arrest case no charge,0,0,0,0,2,Low,1,1
30,Caucasian,Male,1,F,Burglary Unoccupied Dwelling,0,0,0,0,5,Medium,1,1
30,Caucasian,Female,0,M,Battery,0,0,0,0,8,High,0,0
26,African-American,Male,18,F,Grand Theft (Motor Vehicle),1,1,0,1,10,High,1,1
31,African-American,Male,2,F,Grand Theft in the 3rd Degree,0,0,0,0,2,Low,1,1
34,Other,Male,0,F,Grand Theft (Motor Vehicle),0,0,0,0,2,Low,1,1
25,African-American,Female,0,M,Battery,0,0,0,0,5,Medium,0,0
26,Caucasian,Female,1,F,Possession of Cocaine,0,0,0,0,6,Medium,1,0
38,African-American,Male,2,F,Possession of Cocaine,0,0,0,1,7,Medium,1,1
37,African-American,Female,0,M,Battery,0,0,0,0,1,Low,0,0
34,Caucasian,Male,3,M,Viol Prot Injunc Repeat Viol,0,0,1,0,5,Medium,0,1
38,Hispanic,Female,0,F,Agg Battery Grt/Bod/Harm,0,0,0,0,2,Low,1,0
31,African-American,Female,0,M,Battery,0,0,0,0,6,Medium,0,0
29,Caucasian,Female,0,M,DUI Property Damage/Injury,0,0,0,0,2,Low,0,0
20,Caucasian,Male,1,F,arrest case no charge,1,0,0,1,9,High,1,1
22,African-American,Male,0,F,Grand Theft in the 3rd Degree,0,0,0,0,4,Low,1,1
51,Hispanic,Female,0,M,Battery,0,0,0,0,1,Low,0,0
24,African-American,Male,2,M,Battery,0,0,0,1,4,Low,0,1
47,African-American,Male,0,F,Poss Pyrrolidinovalerophenone,0,0,0,1,8,High,1,1
36,African-American,Female,1,F,Driving While License Revoked,0,0,0,1,5,Medium,1,0
21,African-American,Male,1,M,Resist/Obstruct W/O Violence,0,0,0,0,4,Low,0,1
25,African-American,Male,3,M,Battery,0,1,0,1,10,High,0,1
23,African-American,Male,5,F,Grand Theft in the 3rd Degree,0,0,1,1,9,High,1,1
23,Other,Male,0,M,Battery,0,0,0,0,3,Low,0,1
24,Caucasian,Female,0,M,Possess Cannabis/20 Grams Or Less,0,0,0,0,10,High,0,0
35,Caucasian,Male,2,F,arrest case no charge,0,0,0,1,2,Low,1,1
23,Hispanic,Female,0,M,Possess Drug Paraphernalia,0,0,0,0,4,Low,0,0
19,African-American,Female,0,M,Criminal Mischief Damage <$200,0,0,0,1,4,Low,0,0
32,Caucasian,Male,0,F,Grand Theft (Motor Vehicle),0,0,0,1,1,Low,1,1
39,Caucasian,Female,0,M,Lve/Scen/Acc/Veh/Prop/Damage,0,0,0,1,1,Low,0,0
30,African-American,Male,12,F,Possession of Cocaine,4,0,0,1,9,High,1,1
33,African-American,Male,2,F,Tamper With Witness,0,0,0,0,7,Medium,1,1
36,Caucasian,Female,0,M,Battery,0,0,0,0,2,Low,0,0
29,African-American,Male,8,F,Poss Pyrrolidinovalerophenone,0,1,1,1,8,High,1,1
40,Caucasian,Female,0,F,Possession of Cocaine,0,0,0,0,2,Low,1,0
53,African-American,Male,4,F,Possession of Cocaine,0,0,0,0,7,Medium,1,1
28,Caucasian,Female,0,M,Assault,0,0,0,0,2,Low,0,0
38,Hispanic,Male,2,M,Driving Under The Influence,0,0,0,0,2,Low,0,1
27,African-American,Male,9,F,Possession of Cocaine,0,1,0,1,9,High,1,1
55,Caucasian,Male,0,F,Battery on a Person Over 65,0,0,0,0,3,Low,1,1
22,African-American,Male,1,M,Battery,1,0,0,0,7,Medium,0,1
34,African-American,Female,1,F,Grand Theft in the 3rd Degree,0,0,0,0,1,Low,1,0
55,Caucasian,Male,1,M,Battery,0,0,0,0,2,Low,0,1
24,Hispanic,Male,2,F,arrest case no charge,0,0,0,0,8,High,1,1
47,African-American,Female,21,M,Battery,0,1,1,1,9,High,0,0
41,Other,Male,0,M,Battery,0,0,0,0,1,Low,0,1
41,Hispanic,Male,0,F,Possession of Cocaine,0,0,0,0,3,Low,1,1
61,African-American,Male,12,F,Felony Battery w/Prior Convict,0,0,0,0,3,Low,1,1
57,African-American,Male,3,F,Aggravated Assault W/dead Weap,0,0,0,0,1,Low,1,1
38,Caucasian,Female,2,M,Battery,0,0,0,0,3,Low,0,0
25,Caucasian,Male,13,F,arrest case no charge,4,0,1,1,4,Low,1,1
23,African-American,Male,0,F,Fleeing Or Attmp Eluding A Leo,0,0,0,1,2,Low,1,1
23,Caucasian,Male,3,F,Aggrav Battery w/Deadly Weapon,0,0,0,0,5,Medium,1,1
20,African-American,Male,0,F,Deliver Cannabis,0,0,0,0,3,Low,1,1
44,Caucasian,Male,1,F,Possession of Cocaine,0,0,0,0,8,High,1,1
38,Caucasian,Female,1,M,DUI Property Damage/Injury,0,0,0,0,1,Low,0,0
56,African-American,Male,5,F,Lewd or Lascivious Molestation,0,0,0,1,2,Low,1,1
43,Caucasian,Male,2,F,Crimin Mischief Damage $1000+,0,0,0,1,2,Low,1,1
22,African-American,Male,0,F,Burglary Dwelling Armed,0,0,0,1,3,Low,1,1
32,Other,Male,0,F,Neglect Child / No Bodily Harm,0,0,0,0,1,Low,1,1
29,African-American,Male,0,F,Driving While License Revoked,0,0,0,0,6,Medium,1,1
22,African-American,Male,1,F,Robbery Sudd Snatch No Weapon,0,0,0,1,9,High,1,1
23,African-American,Male,3,F,Grand Theft (Motor Vehicle),0,0,0,1,9,High,1,1
24,Caucasian,Male,1,F,Possession of Morphine,0,0,1,0,4,Low,1,1
45,Other,Male,0,M,DUI Property Damage/Injury,0,0,0,0,1,Low,0,1
21,African-American,Male,2,F,Possession of Cannabis,0,1,0,0,9,High,1,1
29,African-American,Female,0,M,Battery,0,0,0,0,2,Low,0,0
51,Caucasian,Female,0,M,Leave Acc/Attend Veh/More $50,0,0,0,1,4,Low,0,0
36,Hispanic,Male,2,M,Criminal Mischief,1,0,0,1,2,Low,0,1
25,African-American,Male,1,F,"Poss3,4 Methylenedioxymethcath",0,0,0,0,3,Low,1,1
46,Hispanic,Male,13,F,Grand Theft in the 3rd Degree,0,0,0,0,3,Low,1,1
62,African-American,Male,22,F,Possession of Cocaine,0,0,0,1,8,High,1,1
25,African-American,Male,0,F,Pos Cannabis W/Intent Sel/Del,0,0,0,1,4,Low,1,1
27,Caucasian,Male,2,F,Grand Theft in the 3rd Degree,0,0,0,0,2,Low,1,1
22,Caucasian,Female,3,F,Grand Theft in the 3rd Degree,0,0,0,1,9,High,1,0
37,Hispanic,Male,1,F,Aggravated Battery On 65/Older,0,0,0,0,1,Low,1,1
21,Caucasian,Male,0,F,False Ownership Info/Pawn Item,0,0,0,1,3,Low,1,1
39,Caucasian,Female,2,F,Possession Of Cocaine,0,0,0,1,5,Medium,1,0
43,African-American,Male,8,F,Criminal Mischief,0,0,0,1,3,Low,1,1
22,African-American,Male,0,M,Battery,0,0,0,1,6,Medium,0,1
28,African-American,Female,4,F,arrest case no charge,0,0,0,0,7,Medium,1,0
43,Caucasian,Male,0,F,Grand Theft in the 3rd Degree,0,0,0,1,9,High,1,1
27,Caucasian,Male,7,F,Possession of Hydrocodone,0,0,0,1,8,High,1,1
27,Other,Male,0,F,Fleeing Or Attmp Eluding A Leo,0,0,0,1,2,Low,1,1
31,Caucasian,Male,1,F,Grand Theft in the 3rd Degree,0,0,0,1,2,Low,1,1
28,African-American,Female,0,M,Battery,0,0,0,0,2,Low,0,0
58,Caucasian,Male,3,M,DUI - Enhanced,0,0,0,0,2,Low,0,1
22,Caucasian,Male,0,F,Harm Public Servant Or Family,0,0,0,1,4,Low,1,1
31,African-American,Male,5,F,Cruelty Toward Child,0,0,0,0,4,Low,1,1
33,African-American,Male,0,F,Burglary Dwelling Assault/Batt,0,0,0,0,3,Low,1,1
26,African-American,Male,6,M,Susp Drivers Lic 1st Offense,0,0,0,1,10,High,0,1
23,African-American,Female,1,M,Battery,0,1,0,0,5,Medium,0,0
32,Caucasian,Male,11,F,Felony Battery w/Prior Convict,0,0,0,0,10,High,1,1
22,Caucasian,Male,0,F,"Deliver 3,4 Methylenediox",0,0,0,0,8,High,1,1
35,African-American,Female,2,F,Aggrav Child Abuse-Agg Battery,0,0,0,0,2,Low,1,0
47,Caucasian,Male,1,F,Burglary Conveyance Unoccup,0,0,0,1,6,Medium,1,1
35,Hispanic,Male,2,F,Aggravated Assault w/Firearm,0,0,0,0,1,Low,1,1
29,African-American,Male,17,F,Grand Theft Dwell Property,0,0,1,1,9,High,1,1
54,Caucasian,Female,1,M,Petit Theft,0,0,0,0,2,Low,0,0
29,Caucasian,Male,0,F,Aggravated Battery,0,0,0,0,8,High,1,1
28,Other,Female,0,M,Battery,0,0,0,1,4,Low,0,0
51,African-American,Male,17,F,Possession of Cocaine,0,0,0,1,8,High,1,1
36,African-American,Female,0,M,arrest case no charge,0,0,0,0,6,Medium,0,0
35,Caucasian,Male,3,M,arrest case no charge,0,0,0,1,4,Low,0,1
20,African-American,Male,1,F,arrest case no charge,0,0,1,1,4,Low,1,1
25,African-American,Male,0,F,"Poss3,4 Methylenedioxymethcath",0,0,0,0,5,Medium,1,1
29,African-American,Male,2,M,Fail Register Vehicle,0,0,0,0,5,Medium,0,1
31,Hispanic,Male,0,F,Possession of Cocaine,0,0,0,1,10,High,1,1
39,Caucasian,Male,0,M,Assault,0,0,0,0,2,Low,0,1
30,African-American,Male,1,F,Burglary Structure Unoccup,0,0,0,1,4,Low,1,1
23,African-American,Female,0,F,Possession of Hydrocodone,0,0,0,0,7,Medium,1,0
23,African-American,Female,1,F,arrest case no charge,0,0,0,0,4,Low,1,0
37,Hispanic,Female,0,M,Battery,0,0,0,0,3,Low,0,0
30,African-American,Male,21,F,Driving While License Revoked,0,0,0,1,7,Medium,1,1
33,African-American,Male,18,F,Grand Theft in the 3rd Degree,0,0,3,1,9,High,1,1
20,Hispanic,Male,0,M,Resist/Obstruct W/O Violence,0,0,0,1,4,Low,0,1
30,African-American,Male,9,F,Criminal Mischief,0,1,0,1,7,Medium,1,1
23,African-American,Male,1,F,Grand Theft in the 3rd Degree,0,0,0,0,6,Medium,1,1
27,African-American,Female,0,F,Neglect Child / Bodily Harm,0,0,0,1,3,Low,1,0
38,African-American,Male,10,M,Possess Cannabis 1000FTSch,0,1,0,0,6,Medium,0,1
42,African-American,Male,1,F,arrest case no charge,0,0,0,0,1,Low,1,1
31,African-American,Male,0,F,Grand Theft in the 3rd Degree,0,0,0,0,3,Low,1,1
23,African-American,Male,2,F,Burglary Dwelling Occupied,0,0,0,1,9,High,1,1
31,Caucasian,Male,1,F,Possession of Cocaine,0,0,0,1,3,Low,1,1
43,African-American,Male,1,M,Battery,0,0,0,1,5,Medium,0,1
39,Caucasian,Male,0,F,Aggravated Assault W/Dead Weap,0,0,0,0,3,Low,1,1
31,African-American,Male,0,M,Aggravated Assault W/dead Weap,0,0,0,0,2,Low,0,1
22,Caucasian,Male,3,F,Burglary Conveyance Unoccup,0,0,0,1,7,Medium,1,1
33,African-American,Female,0,F,Aggravated Assault W/Dead Weap,0,0,0,0,3,Low,1,0
23,African-American,Male,1,F,Aggravated Battery / Pregnant,0,0,0,1,6,Medium,1,1
29,Caucasian,Female,0,F,Consp Traff Oxycodone  4g><14g,0,0,0,0,4,Low,1,0
62,Caucasian,Male,2,F,Solicit Deliver Cocaine,0,0,0,0,1,Low,1,1
56,African-American,Female,1,F,Possession of Cocaine,0,0,0,1,2,Low,1,0
24,African-American,Female,4,F,Grand Theft on 65 Yr or Older,0,0,0,1,3,Low,1,0
44,Caucasian,Female,0,M,Battery,0,0,0,0,1,Low,0,0
22,African-American,Male,2,F,arrest case no charge,0,1,0,1,7,Medium,1,1
28,African-American,Female,4,F,Possession of Cocaine,0,0,0,1,5,Medium,1,0
30,African-American,Male,0,F,Carrying Concealed Firearm,0,0,0,0,5,Medium,1,1
32,Caucasian,Male,1,M,Battery on Law Enforc Officer,0,0,0,1,1,Low,0,1
51,Caucasian,Male,3,F,Grand Theft (Motor Vehicle),0,0,0,0,6,Medium,1,1
21,African-American,Male,0,F,Burglary Conveyance Unoccup,0,0,0,0,5,Medium,1,1
21,African-American,Male,2,F,Possession of Cocaine,0,0,0,1,9,High,1,1
27,African-American,Male,3,F,Carrying Concealed Firearm,0,0,0,1,9,High,1,1
28,Hispanic,Male,0,F,"Poss3,4 Methylenedioxymethcath",0,0,0,0,4,Low,1,1
31,African-American,Female,0,F,Aggrav Battery w/Deadly Weapon,0,0,0,0,1,Low,1,0
33,African-American,Male,0,M,Battery,0,0,0,1,8,High,0,1
49,Caucasian,Female,2,F,Possession of Cocaine,0,0,0,0,2,Low,1,0
41,Other,Female,2,F,arrest case no charge,0,0,0,0,3,Low,1,0
20,Caucasian,Male,0,M,Battery,0,0,5,0,4,Low,0,1
31,African-American,Male,10,F,Possession of Cocaine,0,0,1,1,6,Medium,1,1
25,African-American,Male,5,F,arrest case no charge,0,0,0,1,5,Medium,1,1
23,African-American,Male,4,F,arrest case no charge,0,1,0,1,9,High,1,1
26,Caucasian,Male,0,M,Battery,0,0,0,0,4,Low,0,1
45,Asian,Female,6,F,Failure To Return Hired Vehicle,0,0,0,1,3,Low,1,0
28,Caucasian,Male,1,M,Battery,0,0,0,0,2,Low,0,1
28,African-American,Female,13,F,Aggravated Battery / Pregnant,0,0,0,1,9,High,1,0
39,Caucasian,Male,0,F,Resist Officer w/Violence,0,0,0,1,1,Low,1,1
59,Hispanic,Male,1,F,Possession Of Methamphetamine,0,0,0,1,2,Low,1,1
52,African-American,Male,4,M,Battery,0,0,0,0,1,Low,0,1
36,Hispanic,Male,1,M,Viol Injunct Domestic Violence,0,0,0,0,5,Medium,0,1
30,African-American,Male,2,F,Deliver Cocaine,0,0,0,1,3,Low,1,1
21,African-American,Female,0,M,Battery,0,0,0,1,5,Medium,0,0
25,African-American,Male,2,M,Susp Drivers Lic 1st Offense,0,0,0,1,4,Low,0,1
22,African-American,Male,0,F,Grand Theft in the 3rd Degree,0,0,0,0,4,Low,1,1
61,African-American,Male,20,M,Susp Drivers Lic 1st Offense,0,0,0,1,2,Low,0,1
24,Caucasian,Male,2,F,Possession of Cannabis,0,0,2,0,6,Medium,1,1
26,Caucasian,Female,2,F,Grand Theft in the 3rd Degree,0,0,0,1,9,High,1,0
34,African-American,Female,6,F,arrest case no charge,0,0,0,0,3,Low,1,0
45,African-American,Male,12,M,Soliciting For Prostitution,1,0,0,1,8,High,0,1
54,African-American,Male,4,F,Possession of Cocaine,0,0,0,1,3,Low,1,1
51,African-American,Male,8,M,Consume Alcoholic Bev Pub,0,0,0,0,5,Medium,0,1
28,African-American,Male,0,F,Pos Cannabis W/Intent Sel/Del,0,0,0,0,2,Low,1,1
23,Caucasian,Male,0,F,Poss Unlaw Issue Id,0,0,0,0,2,Low,1,1
30,Caucasian,Male,0,F,Aggravated Battery / Pregnant,0,0,0,1,2,Low,1,1
25,African-American,Male,0,M,Operating W/O Valid License,0,0,0,1,3,Low,0,1
25,Caucasian,Male,2,F,Pos Cannabis W/Intent Sel/Del,0,0,0,0,5,Medium,1,1
28,Caucasian,Male,2,F,Possession of Cocaine,0,0,0,0,7,Medium,1,1
32,African-American,Female,0,M,Battery,0,0,0,1,1,Low,0,0
35,African-American,Male,7,F,arrest case no charge,0,0,0,0,4,Low,1,1
49,African-American,Male,0,M,Battery,0,0,0,1,1,Low,0,1
36,Caucasian,Male,5,F,Possession of Cocaine,0,0,0,1,3,Low,1,1
33,African-American,Male,16,M,Susp Drivers Lic 1st Offense,0,0,0,1,9,High,0,1
30,Other,Male,1,F,Burglary Dwelling Occupied,0,0,0,0,1,Low,1,1
58,Caucasian,Female,1,M,DUI Property Damage/Injury,0,0,0,0,2,Low,0,0
22,African-American,Male,2,F,Felony Battery (Dom Strang),0,0,0,0,7,Medium,1,1
28,Caucasian,Male,2,F,Possession of Oxycodone,0,0,0,1,3,Low,1,1
28,Hispanic,Male,0,M,Battery,0,0,0,1,1,Low,0,1
26,African-American,Male,6,F,Poss Pyrrolidinovalerophenone,0,1,0,1,10,High,1,1
36,Caucasian,Female,3,F,Leaving the Scene of Accident,0,0,0,1,1,Low,1,0
23,Caucasian,Male,0,F,Deliver Cannabis,0,0,0,0,9,High,1,1
22,African-American,Male,0,F,Burglary Unoccupied Dwelling,0,0,0,1,5,Medium,1,1
26,African-American,Male,0,F,arrest case no charge,0,0,0,0,3,Low,1,1
25,African-American,Male,1,F,Uttering Forged Bills,0,0,0,0,5,Medium,1,1
40,Native American,Male,2,M,Assault,0,0,0,0,6,Medium,0,1
28,African-American,Male,0,M,Viol Injunction Protect Dom Vi,0,0,0,1,2,Low,0,1
56,African-American,Male,1,F,Driving While License Revoked,0,0,0,0,1,Low,1,1
36,African-American,Male,0,F,Introduce Contraband Into Jail,0,0,0,0,4,Low,1,1
51,Caucasian,Male,0,M,Battery,0,0,0,0,1,Low,0,1
35,African-American,Female,9,F,arrest case no charge,2,0,0,0,8,High,1,0
24,Caucasian,Male,0,M,Driving License Suspended,0,0,0,1,5,Medium,0,1
27,African-American,Male,6,M,Battery,0,0,0,1,4,Low,0,1
22,Caucasian,Male,2,F,Poss F/Arm Delinq,0,1,0,1,9,High,1,1
23,Caucasian,Female,4,M,Battery,0,0,0,1,9,High,0,0
27,Caucasian,Female,0,M,Driving Under The Influence,0,0,0,1,2,Low,0,0
31,African-American,Male,8,F,Driving While License Revoked,0,0,0,1,9,High,1,1
25,Caucasian,Male,3,F,"Poss3,4 Methylenedioxymethcath",0,0,1,0,7,Medium,1,1
52,Caucasian,Female,0,M,Battery,0,0,0,0,1,Low,0,0
35,Hispanic,Male,0,F,Burglary Conveyance Unoccup,0,0,0,0,7,Medium,1,1
24,Caucasian,Female,0,F,Possession of Hydrocodone,0,0,0,0,5,Medium,1,0
57,Other,Male,0,F,Aggravated Assault,0,0,0,0,1,Low,1,1
38,Caucasian,Male,2,F,arrest case no charge,0,0,0,0,1,Low,1,1
26,Hispanic,Male,1,M,Operating W/O Valid License,0,0,0,0,5,Medium,0,1
20,African-American,Male,3,F,Burglary Unoccupied Dwelling,0,0,0,1,7,Medium,1,1
34,African-American,Male,2,F,Possession of Cannabis,0,0,0,0,2,Low,1,1
25,African-American,Male,11,M,Battery,0,0,0,1,9,High,0,1
24,Caucasian,Female,0,F,Neglect Child / No Bodily Harm,0,0,0,0,5,Medium,1,0
49,Caucasian,Male,4,M,Battery Spouse Or Girlfriend,0,0,0,1,6,Medium,0,1
27,African-American,Male,15,F,Aggravated Battery / Pregnant,0,0,0,1,10,High,1,1
28,African-American,Male,10,F,Possession of Cocaine,0,0,0,1,5,Medium,1,1
55,Caucasian,Male,0,F,Possession of Cocaine,0,0,0,0,5,Medium,1,1
47,Caucasian,Male,3,M,Battery,0,0,0,1,3,Low,0,1
55,African-American,Male,10,M,Battery,0,0,0,1,7,Medium,0,1
22,African-American,Male,0,F,Possession Burglary Tools,0,0,0,1,3,Low,1,1
32,African-American,Male,9,F,Burglary Dwelling Occupied,0,0,0,0,8,High,1,1
55,Caucasian,Male,0,F,Driving While License Revoked,0,0,0,0,1,Low,1,1
23,African-American,Male,3,M,Battery,0,0,0,0,5,Medium,0,1
54,Caucasian,Male,2,F,arrest case no charge,0,0,0,1,4,Low,1,1
40,Asian,Male,0,F,Delivery Of Drug Paraphernalia,0,0,0,0,1,Low,1,1
27,African-American,Male,0,M,Battery,0,0,0,1,2,Low,0,1
29,African-American,Female,5,F,Felony Battery (Dom Strang),0,0,0,0,7,Medium,1,0
45,Caucasian,Female,0,M,Battery,0,0,0,0,1,Low,0,0
25,Other,Male,2,M,Disorderly Conduct,0,0,0,0,6,Medium,0,1
40,Caucasian,Male,4,F,Tamper With Witness/Victim/CI,0,0,0,1,3,Low,1,1
38,African-American,Male,7,F,arrest case no charge,0,0,0,1,4,Low,1,1
26,African-American,Male,3,F,Burglary Unoccupied Dwelling,0,0,0,1,10,High,1,1
37,African-American,Female,0,F,Cruelty Toward Child,0,0,0,0,1,Low,1,0
41,Caucasian,Male,1,F,Deliver Cannabis,0,0,0,0,1,Low,1,1
33,Other,Female,0,F,Poss Unlaw Issue Driver Licenc,0,0,0,0,2,Low,1,0
57,African-American,Male,1,F,arrest case no charge,0,0,0,0,1,Low,1,1
34,African-American,Male,3,M,arrest case no charge,0,0,0,0,9,High,0,1
29,African-American,Male,1,F,"Poss3,4 Methylenedioxymethcath",0,0,0,1,4,Low,1,1
45,Hispanic,Male,8,F,Aggravated Assault W/dead Weap,0,0,0,0,7,Medium,1,1
22,Caucasian,Male,1,F,Aggravated Assault w/Firearm,0,0,0,0,4,Low,1,1
22,African-American,Female,0,M,Possess Cannabis/20 Grams Or Less,0,0,0,1,8,High,0,0
21,African-American,Male,0,M,Battery,0,0,0,0,4,Low,0,1
56,Caucasian,Male,1,M,Battery,0,0,0,0,1,Low,0,1
48,African-American,Male,4,F,Driving While License Revoked,0,0,0,0,3,Low,1,1
27,Hispanic,Male,1,M,Battery,0,0,0,0,2,Low,0,1
27,Caucasian,Male,2,F,Burglary Dwelling Occupied,0,0,0,1,6,Medium,1,1
34,Hispanic,Male,1,F,Aggravated Battery / Pregnant,0,0,0,0,2,Low,1,1
23,African-American,Male,5,F,False Motor Veh Insurance Card,0,0,1,1,6,Medium,1,1
47,African-American,Male,3,F,arrest case no charge,0,0,0,1,5,Medium,1,1
33,African-American,Male,6,M,arrest case no charge,0,1,0,1,3,Low,0,1
58,Caucasian,Male,1,F,Possession of Cocaine,0,0,0,0,1,Low,1,1
33,African-American,Female,1,F,Fail To Redeliv Hire/Leas Prop,0,0,0,0,5,Medium,1,0
40,African-American,Female,2,M,Susp Drivers Lic 1st Offense,0,0,0,0,5,Medium,0,0
22,Caucasian,Male,0,F,Possession of Cocaine,0,0,0,0,5,Medium,1,1
39,Caucasian,Male,2,F,arrest case no charge,0,0,0,0,3,Low,1,1
35,Caucasian,Male,1,F,Possession of Cannabis,0,0,1,0,1,Low,1,1
22,Hispanic,Male,0,M,Leave Acc/Attend Veh/More $50,0,0,0,0,2,Low,0,1
43,African-American,Male,7,F,Corrupt Public Servant,0,0,0,1,6,Medium,1,1
37,Hispanic,Male,4,M,Burglary Structure Unoccup,0,0,0,0,4,Low,0,1
26,African-American,Male,2,F,Possession of Cocaine,0,0,0,1,8,High,1,1
60,Hispanic,Male,0,F,Grand Theft in the 3rd Degree,0,0,0,0,4,Low,1,1
39,Caucasian,Female,1,F,arrest case no charge,0,0,0,0,4,Low,1,0
36,African-American,Male,16,M,Battery,0,0,1,1,8,High,0,1
21,Caucasian,Male,0,M,Fail Register Vehicle,0,0,0,1,4,Low,0,1
28,Hispanic,Female,1,F,Grand Theft in the 3rd Degree,0,0,0,1,3,Low,1,0
70,Other,Female,0,F,Grand Theft in the 3rd Degree,0,0,0,0,1,Low,1,0
53,African-American,Male,6,F,arrest case no charge,0,0,0,0,2,Low,1,1
37,Caucasian,Male,0,F,"Poss3,4 Methylenedioxymethcath",0,0,0,0,6,Medium,1,1
21,African-American,Male,1,F,Grand Theft in the 3rd Degree,0,0,0,1,6,Medium,1,1
28,African-American,Male,1,F,Grand Theft (Motor Vehicle),0,0,0,0,6,Medium,1,1
21,African-American,Male,1,F,arrest case no charge,0,0,0,0,6,Medium,1,1
56,African-American,Male,0,F,Battery on Law Enforc Officer,0,0,0,0,1,Low,1,1
30,Caucasian,Male,3,M,Battery,0,0,0,0,3,Low,0,1
27,Caucasian,Male,0,F,Grand Theft in the 3rd Degree,0,0,0,1,8,High,1,1
37,Hispanic,Male,6,F,Felony Driving While Lic Suspd,0,0,0,1,2,Low,1,1
27,African-American,Male,1,F,Burglary Conveyance Unoccup,0,0,0,0,8,High,1,1
41,African-American,Male,7,M,Battery,0,0,1,1,7,Medium,0,1
30,African-American,Female,7,M,Battery,0,0,0,1,3,Low,0,0
32,African-American,Male,7,F,Felony Battery w/Prior Convict,0,1,3,1,8,High,1,1
32,African-American,Male,3,F,Grand Theft (Motor Vehicle),0,0,0,0,4,Low,1,1
34,Caucasian,Female,5,F,Possession Of Heroin,0,0,0,1,5,Medium,1,0
46,African-American,Male,3,F,Felony Battery w/Prior Convict,0,0,0,0,1,Low,1,1
24,African-American,Male,1,F,Felony Battery (Dom Strang),0,0,0,1,3,Low,1,1
32,African-American,Male,7,F,Grand Theft in the 3rd Degree,0,0,1,1,6,Medium,1,1
43,Caucasian,Male,6,F,Possession of Cocaine,0,0,0,1,4,Low,1,1
50,Caucasian,Male,3,F,Deliver Cocaine,0,0,0,0,2,Low,1,1
30,Caucasian,Male,4,F,Aggrav Battery w/Deadly Weapon,3,0,0,1,4,Low,1,1
37,African-American,Male,3,M,Battery,0,0,0,0,7,Medium,0,1
37,Hispanic,Male,1,F,Grand Theft in the 3rd Degree,0,0,0,0,5,Medium,1,1
40,Caucasian,Male,3,M,Driving Under The Influence,0,0,0,0,4,Low,0,1
53,Caucasian,Female,0,M,Driving Under The Influence,0,0,0,0,1,Low,0,0
31,Other,Male,6,M,Battery,0,0,0,1,2,Low,0,1
33,African-American,Male,4,M,Battery,0,0,0,0,3,Low,0,1
22,African-American,Female,0,M,Battery,0,0,0,0,4,Low,0,0
27,African-American,Male,2,M,Battery,0,0,0,1,3,Low,0,1
25,African-American,Male,5,M,Battery,0,0,0,1,8,High,0,1
24,Caucasian,Male,2,F,arrest case no charge,0,0,0,0,2,Low,1,1
24,African-American,Female,2,F,Burglary Conveyance Occupied,0,0,0,1,5,Medium,1,0
26,African-American,Female,1,F,arrest case no charge,0,0,0,0,7,Medium,1,0
26,African-American,Female,3,F,Possession of Cocaine,0,0,0,1,10,High,1,0
20,Caucasian,Male,0,F,Possession Burglary Tools,0,0,0,1,4,Low,1,1
27,African-American,Male,4,M,Disorderly Conduct,0,0,0,1,6,Medium,0,1
24,Caucasian,Male,1,F,Pos Cannabis W/Intent Sel/Del,0,0,0,1,3,Low,1,1
26,African-American,Male,8,F,Corrupt Public Servant,0,0,0,1,7,Medium,1,1
26,Caucasian,Male,5,M,Assault,0,0,0,0,5,Medium,0,1
54,Hispanic,Male,0,F,Agg Battery Grt/Bod/Harm,0,0,0,1,1,Low,1,1
64,African-American,Male,13,M,Possession of Cocaine,0,0,0,0,6,Medium,0,1
24,Caucasian,Male,0,F,Deliver Cannabis,0,0,0,0,2,Low,1,1
57,Caucasian,Female,0,M,Driving Under The Influence,0,0,0,0,1,Low,0,0
46,Caucasian,Female,0,M,Leaving Acc/Unattended Veh,0,0,0,0,1,Low,0,0
56,African-American,Male,16,F,Possession of Cocaine,0,0,0,0,5,Medium,1,1
39,Caucasian,Female,0,M,Driving Under The Influence,0,0,0,0,2,Low,0,0
68,Caucasian,Male,4,M,Battery,0,0,0,0,1,Low,0,1
28,African-American,Male,1,M,Battery,0,0,0,1,3,Low,0,1
39,African-American,Male,19,M,Battery,0,0,0,1,6,Medium,0,1
38,Caucasian,Male,0,M,DUI Level 0.15 Or Minor In Veh,0,0,0,0,1,Low,0,1
25,African-American,Female,3,M,arrest case no charge,0,0,0,0,10,High,0,0
25,Caucasian,Male,2,F,Possession of Cocaine,0,0,1,0,5,Medium,1,1
21,African-American,Male,3,F,arrest case no charge,0,0,0,1,7,Medium,1,1
31,Caucasian,Male,2,F,Possession Burglary Tools,0,0,0,0,5,Medium,1,1
33,African-American,Male,3,F,Grand Theft in the 3rd Degree,0,0,0,1,6,Medium,1,1
26,African-American,Male,20,F,Neglect Child / No Bodily Harm,0,0,0,1,10,High,1,1
35,African-American,Female,13,F,Aggravated Assault W/dead Weap,0,0,0,0,8,High,1,0
34,African-American,Male,19,M,arrest case no charge,0,6,1,0,8,High,0,1
41,Other,Male,31,F,Driving While License Revoked,0,0,0,1,9,High,1,1
57,Other,Male,0,M,Battery,0,0,0,0,1,Low,0,1
42,African-American,Female,1,F,Possession Of Amphetamine,0,0,0,0,2,Low,1,0
26,African-American,Male,9,F,Tampering With Physical Evidence,1,2,0,1,10,High,1,1
36,African-American,Male,2,F,Burglary Unoccupied Dwelling,0,0,0,1,6,Medium,1,1
41,African-American,Male,24,F,Possession of Cocaine,1,1,0,1,10,High,1,1
27,Caucasian,Male,0,F,Grand Theft (Motor Vehicle),0,0,0,0,2,Low,1,1
58,Other,Female,0,F,Possession of Cocaine,0,0,0,1,1,Low,1,0
45,Caucasian,Male,3,F,Tampering With Physical Evidence,0,0,0,1,1,Low,1,1
34,Caucasian,Male,5,F,Possession of Cocaine,0,0,0,0,2,Low,1,1
50,Hispanic,Male,0,M,DUI- Enhanced,0,0,0,0,1,Low,0,1
25,Caucasian,Male,6,F,Crim Use of Personal ID Info,0,1,0,1,8,High,1,1
24,African-American,Male,2,M,Battery,0,0,0,1,5,Medium,0,1
27,African-American,Male,2,F,arrest case no charge,0,0,0,0,7,Medium,1,1
30,Caucasian,Male,2,M,Driving Under The Influence,0,0,1,1,4,Low,0,1
22,Caucasian,Male,3,F,Possession of Cannabis,0,2,0,1,8,High,1,1
27,African-American,Male,0,F,Uttering Forged Credit Card,0,0,0,0,5,Medium,1,1
20,Other,Male,0,F,Uttering a Forged Instrument,0,0,0,1,3,Low,1,1
41,African-American,Male,19,F,Del Cannabis At/Near Park,0,0,0,1,5,Medium,1,1
30,Caucasian,Male,0,F,Felony Battery (Dom Strang),0,0,0,0,1,Low,1,1
24,African-American,Male,3,F,Pos Cannabis W/Intent Sel/Del,0,0,0,0,8,High,1,1
39,African-American,Male,0,M,Assault,0,0,0,0,1,Low,0,1
32,African-American,Female,3,F,Retail Theft $300 2nd Offense,0,0,0,1,2,Low,1,0
29,Caucasian,Female,0,F,Grand Theft in the 3rd Degree,0,0,0,1,6,Medium,1,0
37,Other,Male,0,F,Tampering With Physical Evidence,0,0,0,1,1,Low,1,1
26,African-American,Male,24,F,Driving While License Revoked,0,1,0,1,10,High,1,1
24,African-American,Male,2,F,Felony Battery w/Prior Convict,0,0,0,1,6,Medium,1,1
30,Other,Male,2,F,arrest case no charge,0,0,0,0,1,Low,1,1
20,African-American,Male,4,F,Grand Theft in the 3rd Degree,1,1,1,1,10,High,1,1
25,African-American,Male,1,M,Battery,0,0,1,1,6,Medium,0,1
31,Caucasian,Female,0,F,Grand Theft (Motor Vehicle),0,0,0,1,4,Low,1,0
25,African-American,Male,0,M,Battery,0,0,0,1,5,Medium,0,1
41,Caucasian,Male,0,F,Grand Theft in the 3rd Degree,0,0,0,1,1,Low,1,1
25,Caucasian,Male,0,F,Grand Theft in the 3rd Degree,0,0,0,0,3,Low,1,1
25,African-American,Male,2,F,Crimin Mischief Damage $1000+,0,0,0,1,5,Medium,1,1
22,African-American,Male,1,F,Possession Of Alprazolam,0,0,0,1,4,Low,1,1
25,African-American,Female,0,F,Possession of Oxycodone,0,0,0,0,7,Medium,1,0
38,African-American,Male,0,M,Battery,0,0,0,0,2,Low,0,1
40,Hispanic,Male,0,F,Grand Theft in the 3rd Degree,0,0,0,0,5,Medium,1,1
49,Caucasian,Female,4,M,Battery,0,0,0,0,2,Low,0,0
35,Caucasian,Female,2,M,Driving Under The Influence,0,0,0,0,3,Low,0,0
21,Native American,Male,0,M,Battery,0,0,1,1,6,Medium,0,1
25,Other,Male,0,F,Felony Batt(Great Bodily Harm),0,0,0,0,4,Low,1,1
21,Caucasian,Male,1,F,Possession of Cannabis,0,0,0,0,4,Low,1,1
24,African-American,Female,11,M,Petit Theft,0,0,1,1,9,High,0,0
28,Caucasian,Male,3,F,Grand Theft in the 3rd Degree,0,0,0,0,3,Low,1,1
34,African-American,Male,4,F,Deliver Cannabis,0,0,0,1,6,Medium,1,1
57,African-American,Male,8,M,Misuse Of 911 Or E911 System,0,0,0,0,7,Medium,0,1
40,African-American,Male,15,F,Pos Cannabis W/Intent Sel/Del,0,0,0,1,9,High,1,1
22,African-American,Male,2,M,Battery,0,0,0,1,4,Low,0,1
37,African-American,Male,3,M,arrest case no charge,0,0,0,1,6,Medium,0,1
43,African-American,Female,0,F,Grand Theft in the 3rd Degree,0,0,0,0,6,Medium,1,0
26,African-American,Male,5,F,arrest case no charge,0,0,0,1,7,Medium,1,1
24,Caucasian,Male,2,F,False Motor Veh Insurance Card,0,0,0,1,3,Low,1,1
56,Caucasian,Male,1,F,Tamper With Witness,0,0,0,1,1,Low,1,1
23,African-American,Male,2,F,Tampering With Physical Evidence,0,0,1,1,7,Medium,1,1
43,Caucasian,Male,12,F,False Ownership Info/Pawn Item,0,0,0,0,6,Medium,1,1
32,Asian,Male,0,M,Battery,0,0,0,0,1,Low,0,1
21,African-American,Male,0,F,Poss F/Arm Delinq,0,0,0,1,9,High,1,1
51,African-American,Male,2,F,Felony Battery w/Prior Convict,0,0,0,0,3,Low,1,1
20,African-American,Male,0,M,Operating W/O Valid License,0,0,0,1,10,High,0,1
42,African-American,Male,17,F,Possession of Cocaine,0,0,0,1,10,High,1,1
58,Hispanic,Male,1,M,Battery,0,0,0,0,1,Low,0,1
28,Other,Female,1,F,Agg Abuse Elderlly/Disabled Adult,0,0,1,0,2,Low,1,0
30,African-American,Female,2,M,Battery,0,0,0,0,3,Low,0,0
28,Caucasian,Male,4,M,Burglary Conveyance Unoccup,1,1,1,1,6,Medium,0,1
24,Caucasian,Female,9,M,Possess Drug Paraphernalia,0,0,0,1,10,High,0,0
22,African-American,Male,1,F,arrest case no charge,0,0,0,1,9,High,1,1
50,Caucasian,Male,1,F,Agg Battery Grt/Bod/Harm,0,0,0,0,2,Low,1,1
30,African-American,Male,5,M,Aggravated Assault W/dead Weap,0,0,0,0,9,High,0,1
28,Caucasian,Male,0,F,Felony Battery (Dom Strang),0,0,0,1,2,Low,1,1
21,African-American,Male,3,F,Poss Pyrrolidinovalerophenone,0,0,0,1,7,Medium,1,1
26,Hispanic,Male,2,M,Battery,0,0,1,0,1,Low,0,1
51,Caucasian,Female,0,F,Battery on Law Enforc Officer,0,0,0,0,5,Medium,1,0
21,African-American,Male,1,F,Robbery / No Weapon,0,0,0,0,7,Medium,1,1
29,Caucasian,Male,0,F,Grand Theft in the 3rd Degree,0,0,0,1,2,Low,1,1
43,Caucasian,Male,0,M,Battery,0,0,0,0,4,Low,0,1
22,African-American,Male,1,F,arrest case no charge,0,0,0,0,4,Low,1,1
52,African-American,Male,0,F,Possession of Cocaine,0,0,0,1,7,Medium,1,1
36,African-American,Male,0,F,Battery on Law Enforc Officer,0,0,0,0,1,Low,1,1
24,African-American,Male,0,F,Obstruct Fire Equipment,0,0,0,0,2,Low,1,1
26,African-American,Male,5,F,Resist Officer w/Violence,0,1,0,0,6,Medium,1,1
27,African-American,Male,8,M,Criminal Mischief Damage <$200,0,0,0,0,8,High,0,1
19,Caucasian,Male,0,M,Battery,0,0,0,1,8,High,0,1
26,Caucasian,Male,2,F,arrest case no charge,0,0,0,0,5,Medium,1,1
29,African-American,Female,0,F,Grand Theft in the 3rd Degree,0,0,0,0,4,Low,1,0
29,Caucasian,Female,20,F,Driving While License Revoked,0,0,0,1,10,High,1,0
38,African-American,Male,1,F,arrest case no charge,0,0,0,1,4,Low,1,1
34,African-American,Male,5,F,Felony Battery w/Prior Convict,1,0,0,0,6,Medium,1,1
23,Other,Male,2,F,"Deliver 3,4 Methylenediox",0,0,0,0,4,Low,1,1
26,Other,Male,0,F,Crim Use of Personal ID Info,0,0,0,1,5,Medium,1,1
29,African-American,Female,1,M,Battery,0,0,0,0,2,Low,0,0
24,African-American,Male,1,F,Grand Theft (Motor Vehicle),0,0,0,0,5,Medium,1,1
31,Hispanic,Male,1,F,Aggravated Battery / Pregnant,0,0,0,1,8,High,1,1
50,Caucasian,Male,0,F,Felony Battery (Dom Strang),0,0,0,0,1,Low,1,1
24,African-American,Female,0,M,Criminal Mischief>$200<$1000,0,0,0,0,7,Medium,0,0
31,African-American,Female,0,F,Felony Battery (Dom Strang),0,0,0,0,3,Low,1,0
36,African-American,Male,13,F,arrest case no charge,0,0,0,1,9,High,1,1
32,African-American,Male,13,M,Possess Cannabis/20 Grams Or Less,0,0,0,1,9,High,0,1
42,African-American,Male,1,M,Battery,0,0,0,1,2,Low,0,1
22,African-American,Male,0,F,Dealing in Stolen Property,0,0,0,0,7,Medium,1,1
26,African-American,Male,5,F,Burglary Dwelling Occupied,0,0,0,1,7,Medium,1,1
26,African-American,Male,10,F,Driving While License Revoked,0,0,0,1,8,High,1,1
30,Hispanic,Male,3,M,Battery,0,0,0,1,5,Medium,0,1
53,Caucasian,Male,3,M,Battery,0,0,0,1,2,Low,0,1
23,African-American,Male,2,F,Attempted Robbery  No Weapon,0,1,2,1,6,Medium,1,1
22,Caucasian,Male,0,F,Robbery Sudd Snatch No Weapon,0,0,0,0,3,Low,1,1
27,Caucasian,Male,0,M,Battery,0,0,0,0,2,Low,0,1
21,Other,Female,0,M,Battery,0,0,0,0,4,Low,0,0
42,Caucasian,Male,2,F,Deliver Cannabis,0,0,0,1,7,Medium,1,1
31,African-American,Male,4,F,arrest case no charge,0,0,0,1,5,Medium,1,1
80,Caucasian,Male,0,M,Battery,0,0,0,0,1,Low,0,1
68,African-American,Male,6,M,DUI Property Damage/Injury,0,0,0,0,4,Low,0,1
23,African-American,Male,1,F,Grand Theft (Motor Vehicle),0,0,0,0,8,High,1,1
36,African-American,Male,4,F,Poss Pyrrolidinovalerophenone,0,0,0,1,6,Medium,1,1
24,Caucasian,Male,0,F,Possession of Cocaine,0,0,0,0,10,High,1,1
21,Caucasian,Male,0,F,Battery on Law Enforc Officer,0,0,1,1,8,High,1,1
26,African-American,Male,3,M,Battery,0,0,0,1,4,Low,0,1
30,African-American,Female,8,F,Uttering Forged Bills,0,0,0,1,7,Medium,1,0
36,Caucasian,Male,1,F,Possession of Oxycodone,0,0,0,0,5,Medium,1,1
21,African-American,Male,0,F,Aggravated Battery,0,0,0,1,8,High,1,1
31,African-American,Female,1,M,arrest case no charge,0,0,0,0,5,Medium,0,0
20,African-American,Female,0,F,Burglary Unoccupied Dwelling,0,0,0,1,6,Medium,1,0
49,Caucasian,Male,4,M,Disorderly Conduct,0,0,0,0,8,High,0,1
24,Caucasian,Male,0,F,Possession of Cocaine,0,0,0,0,9,High,1,1
20,African-American,Male,0,F,Tampering With Physical Evidence,0,0,0,1,8,High,1,1
44,Caucasian,Male,1,M,Battery,0,0,0,0,1,Low,0,1
25,African-American,Female,1,F,Neglect Child / No Bodily Harm,0,0,0,0,3,Low,1,0
41,Caucasian,Male,11,F,Felony Petit Theft,0,0,0,1,4,Low,1,1
25,African-American,Male,1,F,arrest case no charge,0,0,0,0,2,Low,1,1
44,Hispanic,Male,0,M,Battery,0,0,0,0,1,Low,0,1
33,African-American,Male,0,F,Pos Cannabis W/Intent Sel/Del,0,0,0,0,1,Low,1,1
20,African-American,Male,0,F,Aggrav Battery w/Deadly Weapon,0,0,0,1,7,Medium,1,1
21,African-American,Male,1,F,Grand Theft in the 3rd Degree,0,0,0,1,6,Medium,1,1
44,Caucasian,Male,3,F,Grand Theft in the 3rd Degree,0,0,0,0,5,Medium,1,1
23,African-American,Male,1,F,arrest case no charge,0,0,1,1,9,High,1,1
35,African-American,Male,0,M,Battery,0,0,0,1,8,High,0,1
41,African-American,Female,0,M,Battery,0,0,0,0,1,Low,0,0
30,African-American,Male,1,F,Felony Petit Theft,0,0,0,0,5,Medium,1,1
36,African-American,Male,7,F,Possession of Cocaine,0,0,0,1,2,Low,1,1
26,African-American,Male,1,F,Grand Theft in the 3rd Degree,0,0,0,1,1,Low,1,1
32,Hispanic,Female,0,F,Possession of Cocaine,0,0,0,0,2,Low,1,0
23,Caucasian,Male,0,M,Resist/Obstruct W/O Violence,0,0,0,1,3,Low,0,1
43,African-American,Female,9,M,Battery,0,0,1,0,9,High,0,0
30,African-American,Male,3,F,arrest case no charge,0,0,0,1,2,Low,1,1
44,Caucasian,Male,1,F,Possession Of Heroin,0,0,0,1,1,Low,1,1
39,Caucasian,Male,1,F,Pos Cannabis W/Intent Sel/Del,0,0,0,0,1,Low,1,1
37,Hispanic,Male,2,F,Aggravated Battery / Pregnant,0,0,0,1,1,Low,1,1
31,African-American,Male,6,F,Resist Officer w/Violence,0,0,0,1,8,High,1,1
63,Caucasian,Male,5,M,Prostitution,0,0,0,0,1,Low,0,1
66,African-American,Female,11,F,Poss Wep Conv Felon,0,0,0,1,8,High,1,0
19,Hispanic,Male,2,F,arrest case no charge,2,0,0,1,8,High,1,1
24,Caucasian,Male,3,F,Purchase Cannabis,0,0,2,0,5,Medium,1,1
21,Caucasian,Male,2,M,Battery,1,0,3,0,10,High,0,1
48,Caucasian,Female,0,F,Leaving the Scene of Accident,0,0,0,0,2,Low,1,0
37,African-American,Male,0,F,Poss Similitude of Drivers Lic,0,0,0,0,1,Low,1,1
21,African-American,Male,0,M,Battery,0,0,0,1,2,Low,0,1
20,Other,Female,0,M,Disorderly Conduct,0,0,0,0,5,Medium,0,0
64,Caucasian,Female,0,M,Battery,0,0,0,0,1,Low,0,0
22,Caucasian,Male,0,M,Operating W/O Valid License,0,0,0,0,6,Medium,0,1
43,Caucasian,Male,8,F,arrest case no charge,0,0,0,0,3,Low,1,1
25,Caucasian,Male,3,F,arrest case no charge,0,0,0,1,7,Medium,1,1
33,Caucasian,Male,10,F,Grand Theft in the 3rd Degree,0,0,0,0,9,High,1,1
26,African-American,Male,1,F,Felony Driving While Lic Suspd,0,0,0,0,6,Medium,1,1
33,Caucasian,Female,1,M,Possess Cannabis/20 Grams Or Less,0,0,0,0,3,Low,0,0
44,African-American,Male,0,F,Aggrav Battery w/Deadly Weapon,0,0,0,0,1,Low,1,1
31,African-American,Male,0,F,Possession of Cocaine,0,0,0,0,2,Low,1,1
50,Caucasian,Male,9,M,Susp Drivers Lic 1st Offense,0,0,0,1,6,Medium,0,1
33,African-American,Male,16,F,Crimin Mischief Damage $1000+,0,2,2,1,9,High,1,1
31,African-American,Male,1,F,arrest case no charge,0,0,0,1,10,High,1,1
25,Hispanic,Female,0,M,Lve/Scen/Acc/Veh/Prop/Damage,0,0,0,0,3,Low,0,0
43,African-American,Female,2,M,Viol Prot Injunc Repeat Viol,0,0,0,0,2,Low,0,0
27,African-American,Male,0,M,Child Abuse,0,0,0,1,1,Low,0,1
34,Other,Male,2,M,arrest case no charge,0,0,0,0,1,Low,0,1
44,Other,Male,0,F,False Imprisonment,0,0,0,0,1,Low,1,1
31,African-American,Male,6,M,Battery,0,0,0,1,10,High,0,1
26,African-American,Male,2,F,Grand Theft in the 3rd Degree,0,0,0,1,3,Low,1,1
20,African-American,Male,4,F,Possession of Cocaine,2,2,0,1,9,High,1,1
41,Hispanic,Male,1,F,Possession of Cocaine,0,0,0,1,2,Low,1,1
55,Hispanic,Female,0,M,Battery,0,0,0,0,1,Low,0,0
29,African-American,Male,6,F,arrest case no charge,3,0,0,0,2,Low,1,1
31,Other,Male,0,M,Battery,0,0,0,0,1,Low,0,1
31,African-American,Male,11,F,Grand Theft (Motor Vehicle),0,0,1,1,7,Medium,1,1
52,Other,Male,0,F,Structuring Transactions,0,0,0,0,1,Low,1,1
59,Caucasian,Male,0,M,Leaving Acc/Unattended Veh,0,0,0,0,1,Low,0,1
49,African-American,Male,1,M,Battery,0,0,0,1,1,Low,0,1
36,Caucasian,Male,11,M,Battery,0,0,0,1,6,Medium,0,1
23,African-American,Female,1,F,Aggrav Battery w/Deadly Weapon,0,0,0,0,3,Low,1,0
46,Caucasian,Male,26,F,Burglary Unoccupied Dwelling,0,0,0,1,7,Medium,1,1
59,Caucasian,Male,2,M,Battery,0,0,0,1,1,Low,0,1
51,Hispanic,Male,1,F,arrest case no charge,0,0,0,0,1,Low,1,1
34,African-American,Male,0,F,Driving While License Revoked,0,0,0,0,1,Low,1,1
32,Other,Male,0,F,False Imprisonment,0,0,0,0,1,Low,1,1
54,African-American,Male,1,F,arrest case no charge,0,0,0,0,3,Low,1,1
24,African-American,Male,3,F,"Poss3,4 Methylenedioxymethcath",0,1,0,1,10,High,1,1
32,Other,Male,0,M,Solic to Commit Battery,0,0,0,1,3,Low,0,1
22,Caucasian,Male,0,F,Possession of Cocaine,0,0,0,1,5,Medium,1,1
36,African-American,Male,0,F,Crim Use of Personal ID Info,0,0,0,0,1,Low,1,1
61,Caucasian,Male,0,M,Petit Theft,0,0,0,0,1,Low,0,1
38,African-American,Female,0,M,Fail To Obey Police Officer,0,0,0,0,2,Low,0,0
41,Hispanic,Male,9,F,arrest case no charge,0,0,0,0,2,Low,1,1
34,Hispanic,Male,2,M,Viol Injunct Domestic Violence,0,0,0,1,1,Low,0,1
32,African-American,Male,0,F,Battery on a Person Over 65,0,0,0,0,3,Low,1,1
37,Caucasian,Male,1,F,Possession of Cocaine,0,0,0,1,7,Medium,1,1
21,African-American,Male,4,F,Burglary Unoccupied Dwelling,0,0,0,0,8,High,1,1
57,African-American,Male,0,F,Possession of Cocaine,0,0,0,1,1,Low,1,1
68,African-American,Male,2,F,Tampering With Physical Evidence,0,0,0,0,4,Low,1,1
24,African-American,Male,0,M,Battery,0,0,0,0,3,Low,0,1
46,African-American,Male,3,F,False Ownership Info/Pawn Item,0,0,0,1,1,Low,1,1
41,Caucasian,Male,1,F,Felony Battery (Dom Strang),0,0,0,1,4,Low,1,1
30,Other,Male,0,F,arrest case no charge,0,0,0,0,2,Low,1,1
25,African-American,Male,8,F,Felony Driving While Lic Suspd,0,0,2,1,8,High,1,1
24,African-American,Male,7,F,arrest case no charge,0,0,0,1,7,Medium,1,1
41,African-American,Male,1,F,Grand Theft in the 3rd Degree,0,0,0,0,4,Low,1,1
55,Other,Male,4,F,Dealing in Stolen Property,0,0,0,0,1,Low,1,1
33,Caucasian,Male,1,F,arrest case no charge,0,0,0,0,4,Low,1,1
23,African-American,Male,0,F,Grand Theft (Motor Vehicle),0,0,0,0,2,Low,1,1
47,Caucasian,Female,28,F,Felony Committing Prostitution,0,0,0,1,9,High,1,0
51,Caucasian,Female,0,F,Possession of Oxycodone,0,0,0,0,1,Low,1,0
36,Caucasian,Male,1,M,Battery,0,0,0,0,2,Low,0,1
57,Hispanic,Male,0,M,Burglary With Assault/battery,0,0,0,0,1,Low,0,1
43,African-American,Male,0,M,Driving Under The Influence,0,0,0,0,1,Low,0,1
26,African-American,Male,4,F,"Poss3,4 Methylenedioxymethcath",0,0,0,1,7,Medium,1,1
47,Other,Male,0,M,Battery,0,0,0,0,1,Low,0,1
60,African-American,Male,1,F,arrest case no charge,0,0,0,0,1,Low,1,1
24,African-American,Male,0,M,Possess Cannabis/20 Grams Or Less,0,0,0,1,5,Medium,0,1
20,Caucasian,Male,0,F,Leaving the Scene of Accident,0,0,0,1,7,Medium,1,1
28,Caucasian,Female,0,M,Culpable Negligence,0,0,0,0,3,Low,0,0
28,African-American,Male,7,F,Possession of Cocaine,0,2,0,1,7,Medium,1,1
58,Caucasian,Male,2,M,Battery,0,0,0,1,3,Low,0,1
54,Other,Male,1,F,Stalking (Aggravated),0,0,0,0,1,Low,1,1
24,African-American,Female,2,F,Aggravated Assault W/Dead Weap,0,0,0,1,7,Medium,1,0
34,Other,Female,0,M,Battery,0,0,0,0,1,Low,0,0
48,Other,Male,1,F,Aggravated Assault W/Dead Weap,0,0,0,0,1,Low,1,1
37,African-American,Male,0,F,Tamper With Witness/Victim/CI,0,0,0,0,8,High,1,1
28,African-American,Male,8,F,Deliver Cocaine,0,0,0,1,8,High,1,1
46,Caucasian,Male,14,F,Driving While License Revoked,0,0,0,1,3,Low,1,1
45,Caucasian,Male,2,M,Battery,0,0,0,0,4,Low,0,1
20,African-American,Male,2,F,Principal In The First Degree,0,0,1,1,7,Medium,1,1
52,African-American,Male,0,M,Battery,0,0,0,0,1,Low,0,1
29,African-American,Male,0,M,Battery,0,0,0,0,2,Low,0,1
34,African-American,Male,11,F,Aggravated Assault w/Firearm,0,0,4,1,8,High,1,1
24,African-American,Male,0,F,Tamper With Witness/Victim/CI,0,0,0,1,2,Low,1,1
28,African-American,Male,6,F,Grand Theft (Motor Vehicle),0,0,0,1,10,High,1,1
28,African-American,Male,2,F,Aggravated Battery / Pregnant,0,0,0,1,5,Medium,1,1
29,African-American,Male,0,F,Grand Theft (Motor Vehicle),0,0,0,0,7,Medium,1,1
55,Caucasian,Female,2,F,Possession of Cocaine,0,0,0,0,1,Low,1,0
68,Hispanic,Male,0,M,DUI Level 0.15 Or Minor In Veh,0,0,0,0,1,Low,0,1
22,Hispanic,Male,0,F,Grand Theft (Motor Vehicle),0,0,0,1,4,Low,1,1
24,Caucasian,Male,3,F,Grand Theft (Motor Vehicle),0,0,0,1,8,High,1,1
20,African-American,Male,0,F,Grand Theft (Motor Vehicle),0,0,0,0,3,Low,1,1
23,African-American,Male,0,M,Battery,0,0,0,0,5,Medium,0,1
44,African-American,Male,6,F,Possession of Cocaine,0,0,0,1,4,Low,1,1
34,African-American,Male,8,F,Possession of Cocaine,2,0,1,1,7,Medium,1,1
55,African-American,Male,0,M,Battery,0,0,0,1,1,Low,0,1
23,African-American,Female,0,F,Resist Officer w/Violence,0,0,0,1,6,Medium,1,0
23,African-American,Female,3,F,Grand Theft (Motor Vehicle),0,0,0,1,9,High,1,0
24,Hispanic,Male,0,F,Burglary Conveyance Occupied,0,0,0,0,2,Low,1,1
77,African-American,Male,0,M,DUI - Enhanced,0,0,0,0,1,Low,0,1
52,Caucasian,Male,3,M,Battery,0,0,0,0,2,Low,0,1
34,African-American,Male,8,F,Poss Cocaine/Intent To Del/Sel,2,0,0,1,9,High,1,1
39,Hispanic,Male,0,F,arrest case no charge,0,0,0,0,1,Low,1,1
30,Caucasian,Male,2,M,Possess Cannabis/20 Grams Or Less,0,0,0,1,2,Low,0,1
30,African-American,Male,3,M,Viol Pretrial Release Dom Viol,0,0,0,1,2,Low,0,1
26,African-American,Male,0,F,"Poss3,4 Methylenedioxymethcath",0,0,0,1,4,Low,1,1
51,Caucasian,Female,1,M,Battery,0,0,0,0,2,Low,0,0
34,African-American,Male,2,F,arrest case no charge,0,0,0,0,3,Low,1,1
23,Caucasian,Male,0,F,Burglary Unoccupied Dwelling,0,0,0,0,2,Low,1,1
32,Caucasian,Male,2,F,Pos Cannabis W/Intent Sel/Del,0,0,0,0,2,Low,1,1
38,African-American,Male,8,M,Battery,1,5,0,0,6,Medium,0,1
21,African-American,Male,0,F,Burglary Dwelling Occupied,0,0,0,1,7,Medium,1,1
34,Hispanic,Male,5,F,Felony Driving While Lic Suspd,0,0,0,1,6,Medium,1,1
53,Caucasian,Male,8,M,Battery,0,0,0,1,2,Low,0,1
34,Caucasian,Male,1,F,Grand Theft in the 3rd Degree,0,0,0,0,7,Medium,1,1
25,Caucasian,Male,5,F,Grand Theft in the 3rd Degree,0,0,0,1,7,Medium,1,1
54,African-American,Male,1,M,arrest case no charge,0,0,0,0,1,Low,0,1
25,Caucasian,Male,2,M,Driving Under The Influence,0,0,0,1,4,Low,0,1
25,Other,Male,3,F,Grand Theft in the 3rd Degree,0,0,0,1,8,High,1,1
34,Hispanic,Male,1,M,Battery,0,0,0,0,1,Low,0,1
46,Other,Male,0,F,Grand Theft (Motor Vehicle),0,0,0,1,1,Low,1,1
22,African-American,Male,0,F,Pos Cannabis W/Intent Sel/Del,0,0,1,1,7,Medium,1,1
23,African-American,Female,2,F,Shoot Into Vehicle,0,0,0,1,10,High,1,0
27,Caucasian,Male,1,M,Possess Cannabis/20 Grams Or Less,0,0,0,1,7,Medium,0,1
45,African-American,Male,7,F,Felony Driving While Lic Suspd,0,0,0,0,1,Low,1,1
31,Caucasian,Female,9,F,Poss Contr Subst W/o Prescript,0,0,0,1,7,Medium,1,0
45,Caucasian,Male,1,M,Disorderly Conduct,0,0,0,0,1,Low,0,1
28,African-American,Male,12,F,Felony Driving While Lic Suspd,1,0,0,0,5,Medium,1,1
24,African-American,Male,1,F,Possession of Cocaine,0,0,1,1,6,Medium,1,1
28,Caucasian,Female,6,M,Petit Theft,0,0,0,1,10,High,0,0
41,African-American,Male,2,F,Driving While License Revoked,0,0,0,0,1,Low,1,1
35,African-American,Male,3,M,Assault,0,0,2,1,2,Low,0,1
20,African-American,Male,1,F,arrest case no charge,1,0,0,1,8,High,1,1
32,African-American,Male,19,F,Possession of Cocaine,0,3,0,1,9,High,1,1
28,African-American,Male,2,F,Possession of Benzylpiperazine,0,0,0,0,5,Medium,1,1
33,African-American,Male,7,F,Grand Theft in the 3rd Degree,0,0,0,1,6,Medium,1,1
26,African-American,Male,8,F,arrest case no charge,0,1,1,1,8,High,1,1
22,African-American,Male,1,M,Assault Law Enforcement Officer,0,0,0,1,9,High,0,1
25,African-American,Female,4,F,Possession Of Alprazolam,0,0,0,0,5,Medium,1,0
21,Hispanic,Male,0,F,Aggravated Assault W/dead Weap,0,0,2,1,9,High,1,1
23,Caucasian,Female,1,M,Possess Cannabis/20 Grams Or Less,0,0,2,0,2,Low,0,0
30,African-American,Male,2,F,Crim Use of Personal ID Info,0,0,0,1,8,High,1,1
25,African-American,Male,11,M,arrest case no charge,0,0,0,1,8,High,0,1
33,African-American,Male,3,F,Burglary Structure Unoccup,0,0,0,1,6,Medium,1,1
35,Caucasian,Male,3,M,Viol Injunct Domestic Violence,0,0,0,0,3,Low,0,1
34,Caucasian,Male,13,F,Grand Theft in the 3rd Degree,0,0,0,1,8,High,1,1
37,African-American,Male,2,F,Felony Driving While Lic Suspd,0,0,0,1,2,Low,1,1
55,Caucasian,Female,0,F,Grand Theft in the 3rd Degree,0,0,0,1,7,Medium,1,0
43,Caucasian,Male,1,M,Driving Under The Influence,0,0,0,0,1,Low,0,1
27,African-American,Male,27,M,Possess Cannabis/20 Grams Or Less,0,5,1,1,10,High,0,1
26,African-American,Male,7,F,Possession of Cannabis,0,0,0,0,6,Medium,1,1
42,Caucasian,Female,4,M,Battery,0,0,0,1,6,Medium,0,0
27,Hispanic,Male,0,M,Driving Under The Influence,0,0,0,0,2,Low,0,1
41,Caucasian,Male,1,F,arrest case no charge,0,0,0,0,5,Medium,1,1
21,African-American,Male,2,M,Battery,0,1,0,1,9,High,0,1
30,African-American,Male,4,M,Battery,0,0,0,1,2,Low,0,1
30,Caucasian,Male,1,F,Possession Of Fentanyl,0,0,0,0,8,High,1,1
45,Caucasian,Female,0,F,Battery on Law Enforc Officer,0,0,0,1,9,High,1,0
23,African-American,Male,2,F,Aggravated Assault W/Dead Weap,0,0,0,1,8,High,1,1
31,African-American,Female,2,F,Aggravated Battery / Pregnant,0,0,0,1,5,Medium,1,0
40,African-American,Male,8,M,Assault,0,0,0,1,6,Medium,0,1
33,African-American,Male,1,F,Felony Battery (Dom Strang),0,0,0,0,2,Low,1,1
40,African-American,Male,11,M,Driving License Suspended,0,0,0,1,3,Low,0,1
56,Caucasian,Male,1,F,Possession of Cocaine,0,0,0,0,2,Low,1,1
21,African-American,Male,0,M,Disorderly Conduct,0,0,0,1,3,Low,0,1
51,African-American,Male,4,F,Aggravated Assault W/dead Weap,0,0,0,0,1,Low,1,1
36,Caucasian,Male,0,M,Driving Under The Influence,0,0,0,0,1,Low,0,1
25,Hispanic,Male,3,F,Possession of Cocaine,0,0,0,1,6,Medium,1,1
30,Caucasian,Male,0,M,DUI - Enhanced,0,0,0,0,1,Low,0,1
21,Caucasian,Female,0,F,Grand Theft in the 3rd Degree,0,0,0,0,5,Medium,1,0
25,Hispanic,Male,2,F,Carrying Concealed Firearm,0,1,1,1,2,Low,1,1
38,Hispanic,Male,0,F,Felony Battery (Dom Strang),0,0,0,0,2,Low,1,1
41,African-American,Male,3,M,Driving Under The Influence,0,0,0,1,2,Low,0,1
22,Caucasian,Female,0,F,Del Cannabis For Consideration,0,0,0,1,7,Medium,1,0
29,Other,Male,8,F,Felony Petit Theft,0,0,0,1,6,Medium,1,1
21,Hispanic,Male,0,F,Poss Unlaw Issue Driver Licenc,0,0,0,1,3,Low,1,1
40,African-American,Female,2,F,Grand Theft in the 3rd Degree,0,0,0,0,1,Low,1,0
37,African-American,Male,2,F,Burglary With Assault/battery,0,0,0,0,3,Low,1,1
37,African-American,Female,0,F,Grand Theft in the 3rd Degree,0,0,0,0,3,Low,1,0
23,African-American,Female,2,F,arrest case no charge,0,0,0,1,5,Medium,1,0
55,Hispanic,Male,0,F,Grand Theft in the 3rd Degree,0,0,0,0,1,Low,1,1
19,African-American,Male,1,F,Dealing in Stolen Property,0,0,0,1,4,Low,1,1
26,Caucasian,Male,1,F,arrest case no charge,0,0,0,1,2,Low,1,1
25,African-American,Male,0,M,Possess Cannabis/20 Grams Or Less,0,0,0,0,3,Low,0,1
39,Caucasian,Male,17,F,Poss Pyrrolidinovalerophenone,0,0,0,1,2,Low,1,1
36,Caucasian,Male,0,F,Grand Theft in the 3rd Degree,0,0,0,1,3,Low,1,1
26,African-American,Male,6,M,Susp Drivers Lic 1st Offense,0,0,0,0,8,High,0,1
51,African-American,Male,8,M,Disorderly Conduct,0,0,0,1,1,Low,0,1
20,African-American,Male,0,F,Att Burgl Unoccupied Dwel,0,0,0,0,8,High,1,1
43,Caucasian,Female,0,M,DUI Level 0.15 Or Minor In Veh,0,0,0,0,1,Low,0,0
22,African-American,Male,0,F,Poss Pyrrolidinovalerophenone,0,0,0,1,7,Medium,1,1
24,Caucasian,Female,0,M,Battery,0,0,0,1,5,Medium,0,0
35,African-American,Male,2,F,Trespassing/Construction Site,0,0,0,0,3,Low,1,1
55,Caucasian,Male,0,M,Battery,0,0,0,0,1,Low,0,1
52,African-American,Female,0,M,Battery,0,0,0,0,1,Low,0,0
33,African-American,Female,0,M,Battery,0,0,0,0,9,High,0,0
30,Other,Male,0,F,arrest case no charge,0,0,0,0,1,Low,1,1
32,African-American,Male,3,F,arrest case no charge,0,0,0,1,5,Medium,1,1
20,African-American,Male,5,F,Tampering With Physical Evidence,1,2,0,1,9,High,1,1
67,African-American,Male,8,F,Crimin Mischief Damage $1000+,0,0,0,0,4,Low,1,1
31,African-American,Male,7,M,Exposes Culpable Negligence,0,0,0,0,4,Low,0,1
21,Caucasian,Male,0,F,Grand Theft (Motor Vehicle),0,0,0,1,4,Low,1,1
30,African-American,Male,4,M,Possess Cannabis/20 Grams Or Less,0,0,0,0,8,High,0,1
55,Caucasian,Male,0,M,DUI Level 0.15 Or Minor In Veh,0,0,0,0,1,Low,0,1
25,African-American,Male,0,F,Possession of Cocaine,0,0,0,0,2,Low,1,1
25,African-American,Male,0,F,Crim Use of Personal ID Info,0,0,0,0,7,Medium,1,1
27,African-American,Male,10,F,arrest case no charge,0,0,0,1,8,High,1,1
22,African-American,Male,0,F,Possess w/I/Utter Forged Bills,0,0,0,0,4,Low,1,1
37,African-American,Male,8,F,arrest case no charge,0,0,0,0,6,Medium,1,1
68,Caucasian,Male,7,F,Aggravated Assault W/dead Weap,0,0,0,1,7,Medium,1,1
37,Caucasian,Male,0,F,"Poss3,4 Methylenedioxymethcath",0,0,0,0,6,Medium,1,1
22,Caucasian,Male,5,M,Battery,0,0,0,1,5,Medium,0,1
30,African-American,Male,4,M,Battery,0,0,0,0,2,Low,0,1
34,African-American,Male,1,M,Unlaw LicTag/Sticker Attach,0,0,0,0,2,Low,0,1
28,Other,Male,0,M,Viol Injunct Domestic Violence,0,0,0,0,1,Low,0,1
37,Caucasian,Male,4,M,Possess Cannabis/20 Grams Or Less,0,0,0,1,5,Medium,0,1
41,African-American,Female,8,F,arrest case no charge,0,0,0,1,8,High,1,0
52,Hispanic,Male,0,M,Battery,0,0,0,0,1,Low,0,1
36,Caucasian,Male,2,M,Driving Under The Influence,0,0,0,0,1,Low,0,1
26,Caucasian,Male,2,F,Possession of Hydromorphone,0,0,0,0,2,Low,1,1
24,Caucasian,Male,0,F,Aggravated Battery,0,0,0,0,2,Low,1,1
27,African-American,Male,0,F,Crim Use of Personal ID Info,0,0,0,0,6,Medium,1,1
37,Caucasian,Female,0,M,Battery,0,0,0,0,1,Low,0,0
37,Hispanic,Male,1,F,Possession of Oxycodone,0,0,0,0,3,Low,1,1
23,African-American,Male,3,F,Felony Battery (Dom Strang),0,0,0,1,7,Medium,1,1
58,Caucasian,Male,5,M,Possess Cannabis/20 Grams Or Less,0,0,0,0,2,Low,0,1
62,Caucasian,Female,1,M,Driving Under The Influence,0,0,0,1,1,Low,0,0
41,African-American,Female,0,F,Aggravated Battery,0,0,0,0,1,Low,1,0
33,Hispanic,Male,0,M,Battery,0,0,0,0,1,Low,0,1
33,African-American,Male,0,M,Battery,0,0,0,0,1,Low,0,1
33,African-American,Male,12,F,Deliver Cocaine,4,0,0,1,10,High,1,1
41,African-American,Male,14,F,Possession of Cocaine,0,0,0,1,6,Medium,1,1
22,Hispanic,Male,0,F,Possession of Cocaine,0,0,0,0,3,Low,1,1
26,Caucasian,Male,3,F,Possession of Cannabis,0,0,0,1,5,Medium,1,1
33,Caucasian,Female,0,F,Felony Driving While Lic Suspd,0,0,0,0,1,Low,1,0
25,African-American,Male,0,M,False Info LEO During Invest,0,0,0,0,6,Medium,0,1
37,African-American,Male,0,M,Battery,0,0,0,1,1,Low,0,1
23,Caucasian,Male,11,F,Possession of Cannabis,8,2,0,1,10,High,1,1
21,African-American,Male,0,M,Battery,0,0,0,0,9,High,0,1
45,Caucasian,Male,21,F,Grand Theft in the 3rd Degree,0,0,0,1,6,Medium,1,1
37,Caucasian,Male,13,F,Neglect Child / No Bodily Harm,1,6,0,0,7,Medium,1,1
24,African-American,Male,2,M,Battery,0,0,0,0,4,Low,0,1
35,African-American,Male,0,F,Possession of Oxycodone,0,0,0,0,4,Low,1,1
22,African-American,Female,0,F,Aggrav Battery w/Deadly Weapon,0,0,0,1,4,Low,1,0
29,Caucasian,Male,10,F,Burglary Conveyance Unoccup,4,1,0,1,9,High,1,1
41,African-American,Male,6,F,Felony Battery w/Prior Convict,2,0,0,1,3,Low,1,1
37,Hispanic,Male,8,F,Possession of Morphine,0,0,0,1,2,Low,1,1
51,African-American,Male,19,F,Possession of Cocaine,1,0,0,1,8,High,1,1
26,African-American,Female,1,F,Aggrav Battery w/Deadly Weapon,0,0,0,1,3,Low,1,0
46,African-American,Male,2,M,Battery,0,0,0,0,7,Medium,0,1
41,Caucasian,Male,0,F,Driving While License Revoked,0,0,0,0,1,Low,1,1
31,Caucasian,Male,9,F,Burglary Dwelling Occupied,0,0,3,1,6,Medium,1,1
25,African-American,Male,2,F,Threat Public Servant,0,0,0,0,9,High,1,1
27,African-American,Male,1,M,Fail Register Vehicle,0,0,0,0,5,Medium,0,1
31,African-American,Male,13,F,Poss Pyrrolidinovalerophenone,1,1,1,1,9,High,1,1
23,Caucasian,Male,0,M,Driving Under The Influence,0,0,0,0,4,Low,0,1
52,African-American,Male,7,M,Grand Theft in the 3rd Degree,0,0,0,1,3,Low,0,1
29,African-American,Male,6,F,arrest case no charge,0,0,0,1,6,Medium,1,1
40,Caucasian,Male,10,F,Felony Petit Theft,0,0,0,1,7,Medium,1,1
49,Caucasian,Female,0,F,Del Cannabis For Consideration,0,0,0,0,2,Low,1,0
49,Caucasian,Male,8,F,Uttering a Forged Instrument,0,0,0,0,2,Low,1,1
24,African-American,Male,3,F,Possess Mot Veh W/Alt Vin #,0,0,0,1,5,Medium,1,1
41,African-American,Male,7,M,arrest case no charge,0,0,0,0,3,Low,0,1
27,African-American,Female,3,M,Battery,0,0,0,1,5,Medium,0,0
40,African-American,Male,1,F,"Poss 3,4 MDMA (Ecstasy)",0,0,0,1,1,Low,1,1
47,Caucasian,Male,0,M,Battery,0,0,0,1,1,Low,0,1
20,Caucasian,Female,0,F,arrest case no charge,0,0,0,1,10,High,1,0
21,African-American,Male,2,M,Littering,0,0,0,1,8,High,0,1
44,African-American,Male,8,M,Battery,0,0,0,1,8,High,0,1
41,Caucasian,Male,0,M,DUI Property Damage/Injury,0,0,0,0,1,Low,0,1
31,African-American,Male,5,M,Battery,0,1,0,1,9,High,0,1
42,Hispanic,Male,1,M,Driving Under The Influence,0,0,0,0,1,Low,0,1
67,African-American,Female,0,F,Aggravated Assault W/dead Weap,0,0,0,0,1,Low,1,0
42,Caucasian,Male,1,M,Possession Of Paraphernalia,0,0,0,0,2,Low,0,1
25,African-American,Male,0,F,arrest case no charge,0,0,0,0,3,Low,1,1
27,Hispanic,Male,6,F,Driving While License Revoked,0,0,1,1,4,Low,1,1
43,Other,Male,2,M,Battery,0,0,0,0,1,Low,0,1
23,Caucasian,Male,6,F,Possession Of Alprazolam,0,0,0,1,9,High,1,1
27,African-American,Male,13,F,Pos Cannabis W/Intent Sel/Del,0,0,1,1,10,High,1,1
23,African-American,Male,2,F,"Poss3,4 Methylenedioxymethcath",0,1,0,0,2,Low,1,1
33,Caucasian,Male,2,F,Possession of Cocaine,0,0,0,0,3,Low,1,1
41,Caucasian,Male,0,M,Battery,0,0,0,0,1,Low,0,1
31,Caucasian,Female,1,F,arrest case no charge,0,0,0,0,2,Low,1,0
21,African-American,Male,2,F,Grand Theft in the 3rd Degree,0,0,0,1,7,Medium,1,1
53,African-American,Male,5,F,Battery on Law Enforc Officer,0,0,0,0,4,Low,1,1
36,African-American,Male,1,M,Driving Under The Influence,0,0,0,0,1,Low,0,1
58,Caucasian,Male,10,M,Driving License Suspended,0,0,0,0,3,Low,0,1
62,Caucasian,Male,0,F,Possession of Cannabis,0,0,0,0,1,Low,1,1
25,Caucasian,Male,4,F,False Imprisonment,0,0,0,0,6,Medium,1,1
51,African-American,Male,15,F,Poss Pyrrolidinovalerophenone,0,0,0,1,8,High,1,1
46,Caucasian,Male,2,F,arrest case no charge,0,0,0,0,2,Low,1,1
28,African-American,Male,4,M,Battery,0,0,0,1,2,Low,0,1
24,Caucasian,Male,2,F,Felony Driving While Lic Suspd,0,0,0,1,3,Low,1,1
32,Caucasian,Male,6,F,Driving While License Revoked,0,0,0,0,8,High,1,1
23,African-American,Male,2,F,Pos Cannabis W/Intent Sel/Del,1,0,0,1,9,High,1,1
58,Caucasian,Female,0,M,DUI Property Damage/Injury,0,0,0,0,1,Low,0,0
59,African-American,Male,8,F,arrest case no charge,0,0,0,1,8,High,1,1
20,African-American,Male,0,F,Aggrav Battery w/Deadly Weapon,0,0,0,1,7,Medium,1,1
57,Caucasian,Male,0,M,Fail To Obey Police Officer,0,0,0,1,1,Low,0,1
37,Caucasian,Male,1,F,arrest case no charge,0,0,0,1,2,Low,1,1
43,African-American,Male,0,F,Driving While License Revoked,0,0,0,1,1,Low,1,1
36,African-American,Female,1,M,Aggrav Battery w/Deadly Weapon,0,0,0,0,5,Medium,0,0
59,Caucasian,Male,0,M,Driving Under The Influence,0,0,0,0,1,Low,0,1
35,Caucasian,Male,4,F,Battery on Law Enforc Officer,0,0,0,1,2,Low,1,1
29,African-American,Male,5,F,arrest case no charge,0,0,0,1,5,Medium,1,1
21,African-American,Female,0,M,Battery,0,0,0,0,5,Medium,0,0
28,Caucasian,Male,0,M,Battery,0,0,0,0,1,Low,0,1
34,African-American,Male,5,M,Viol Injunct Domestic Violence,0,0,0,1,3,Low,0,1
42,African-American,Female,16,F,Resist Officer w/Violence,0,0,0,0,6,Medium,1,0
21,African-American,Male,3,F,Leaving the Scene of Accident,0,2,1,1,9,High,1,1
69,African-American,Male,1,F,Carrying Concealed Firearm,0,0,0,1,1,Low,1,1
49,Caucasian,Female,1,M,Leaving Acc/Unattended Veh,0,0,0,0,1,Low,0,0
24,Caucasian,Female,0,M,Battery,0,0,0,0,5,Medium,0,0
27,African-American,Male,4,F,Poss Pyrrolidinovalerophenone,0,0,0,1,8,High,1,1
55,African-American,Female,1,M,Aggravated Assault W/Dead Weap,0,0,0,0,1,Low,0,0
24,African-American,Male,7,M,Viol Prot Injunc Repeat Viol,2,0,0,1,8,High,0,1
21,Caucasian,Male,1,F,arrest case no charge,0,0,0,0,4,Low,1,1
28,Caucasian,Male,0,F,"Poss3,4 Methylenedioxymethcath",0,0,0,1,6,Medium,1,1
34,African-American,Male,4,M,Possess Cannabis/20 Grams Or Less,0,0,0,0,6,Medium,0,1
27,African-American,Male,2,F,arrest case no charge,0,0,0,0,5,Medium,1,1
37,African-American,Male,12,M,arrest case no charge,3,0,0,0,10,High,0,1
23,Caucasian,Male,0,F,Possession of Cannabis,0,0,0,0,4,Low,1,1
27,African-American,Male,5,F,Possession of Cocaine,0,0,1,1,9,High,1,1
50,African-American,Male,1,F,Possess Weapon On School Prop,0,0,0,0,1,Low,1,1
22,African-American,Male,1,F,Pos Cannabis W/Intent Sel/Del,0,1,2,0,5,Medium,1,1
43,African-American,Male,1,F,Felony Battery (Dom Strang),0,0,0,1,6,Medium,1,1
29,Caucasian,Male,0,M,Prostitution/Lewdness/Assign,0,0,0,1,7,Medium,0,1
50,Hispanic,Female,1,F,arrest case no charge,0,0,0,1,2,Low,1,0
61,Caucasian,Male,1,F,Aggravated Assault W/Dead Weap,0,0,0,1,1,Low,1,1
34,African-American,Male,1,F,arrest case no charge,0,0,0,0,1,Low,1,1
31,African-American,Male,16,F,Driving While License Revoked,3,0,0,1,10,High,1,1
21,Caucasian,Male,0,F,Trespassing/Construction Site,0,0,0,0,4,Low,1,1
23,African-American,Male,1,F,Poss Pyrrolidinovalerophenone,0,0,1,1,5,Medium,1,1
45,Other,Male,1,F,arrest case no charge,0,0,0,0,1,Low,1,1
24,African-American,Male,1,M,Possess Cannabis/20 Grams Or Less,0,0,0,1,8,High,0,1
30,African-American,Male,1,F,Introduce Contraband Into Jail,0,0,0,0,9,High,1,1
32,African-American,Male,17,F,arrest case no charge,0,6,5,1,8,High,1,1
61,Caucasian,Male,0,M,Driving Under The Influence,0,0,0,0,1,Low,0,1
27,Caucasian,Male,3,M,Viol Injunct Domestic Violence,0,0,0,0,3,Low,0,1
41,Hispanic,Male,2,M,Battery,0,0,0,0,2,Low,0,1
60,Caucasian,Male,0,M,Driving Under The Influence,0,0,0,0,1,Low,0,1
23,African-American,Male,1,M,Criminal Mischief>$200<$1000,0,0,0,0,8,High,0,1
40,Caucasian,Male,0,M,Battery,0,0,0,0,1,Low,0,1
30,Caucasian,Male,0,F,Grand Theft in the 3rd Degree,0,0,0,0,3,Low,1,1
20,African-American,Female,0,F,Grand Theft in the 3rd Degree,0,0,0,0,5,Medium,1,0
48,Asian,Male,0,F,Aggravated Assault W/dead Weap,0,0,0,0,2,Low,1,1
24,African-American,Male,0,M,Battery,0,0,0,1,5,Medium,0,1
30,African-American,Male,5,M,Battery,0,0,0,0,3,Low,0,1
20,African-American,Female,0,M,Battery,0,0,0,1,4,Low,0,0
25,African-American,Male,0,M,arrest case no charge,0,0,0,0,3,Low,0,1
38,Caucasian,Male,0,M,Susp Drivers Lic 1st Offense,0,0,0,0,2,Low,0,1
29,African-American,Male,0,F,Carrying Concealed Firearm,0,0,0,1,2,Low,1,1
38,Caucasian,Female,1,M,Petit Theft $100- $300,0,0,0,1,5,Medium,0,0
27,African-American,Male,1,F,Grand Theft (Motor Vehicle),0,0,0,0,2,Low,1,1
21,Caucasian,Male,0,M,Battery,0,0,0,1,4,Low,0,1
24,African-American,Male,1,F,False Imprisonment,0,0,0,0,7,Medium,1,1
53,Caucasian,Male,3,F,arrest case no charge,0,0,0,1,1,Low,1,1
36,Caucasian,Male,4,F,Grand Theft in the 3rd Degree,0,0,0,1,2,Low,1,1
64,African-American,Male,8,M,arrest case no charge,0,0,0,1,4,Low,0,1
23,African-American,Male,0,M,Possession of Alcohol Under 21,0,0,0,1,10,High,0,1
26,Caucasian,Male,3,M,Battery,0,0,0,0,10,High,0,1
48,Caucasian,Male,0,F,Battery on a Person Over 65,0,0,0,0,1,Low,1,1
27,Other,Male,6,F,Possession of Cocaine,0,0,0,1,4,Low,1,1
21,African-American,Male,0,F,Battery on Law Enforc Officer,0,0,0,0,4,Low,1,1
20,African-American,Male,0,F,Deliver Cocaine,0,0,0,1,5,Medium,1,1
37,African-American,Male,17,M,Resist/Obstruct W/O Violence,0,0,0,0,9,High,0,1
51,Caucasian,Male,8,F,Possession of Cocaine,0,0,0,1,5,Medium,1,1
47,Caucasian,Male,2,F,Possession of Cocaine,0,0,0,1,2,Low,1,1
27,African-American,Male,2,F,Shoot Into Vehicle,0,0,1,1,9,High,1,1
45,African-American,Male,16,F,Possession of Cocaine,1,0,0,0,7,Medium,1,1
41,Caucasian,Male,0,F,Poss Contr Subst W/o Prescript,0,0,0,1,2,Low,1,1
31,Caucasian,Male,3,M,Battery,0,0,0,1,2,Low,0,1
28,Asian,Male,9,F,Aggravated Battery,0,0,0,0,8,High,1,1
39,Caucasian,Male,1,F,"Poss3,4 Methylenedioxymethcath",0,0,0,0,1,Low,1,1
33,Caucasian,Male,0,F,Grand Theft in the 3rd Degree,0,0,0,0,1,Low,1,1
21,African-American,Female,1,F,Uttering a Forged Instrument,0,1,0,1,6,Medium,1,0
48,Asian,Male,0,M,Viol Injunct Domestic Violence,0,0,0,0,1,Low,0,1
27,African-American,Male,3,M,arrest case no charge,0,0,0,0,3,Low,0,1
24,Hispanic,Male,0,F,Lewd/Lasc Battery Pers 12+/<16,0,0,0,0,5,Medium,1,1
24,Caucasian,Female,0,M,Battery,0,0,0,0,3,Low,0,0
29,African-American,Male,3,M,Battery,0,0,0,1,3,Low,0,1
21,Caucasian,Male,0,F,Uttering a Forged Instrument,0,0,0,1,5,Medium,1,1
31,Caucasian,Female,14,F,Possession Of Alprazolam,0,0,2,0,10,High,1,0
32,Hispanic,Male,1,F,Aggravated Assault W/o Firearm,0,0,0,0,1,Low,1,1
62,Caucasian,Male,0,M,DUI Level 0.15 Or Minor In Veh,0,0,0,0,1,Low,0,1
39,Caucasian,Male,3,F,Driving While License Revoked,0,0,0,1,6,Medium,1,1
56,Caucasian,Male,2,M,Battery,0,0,0,0,3,Low,0,1
28,African-American,Male,6,F,Drivg While Lic Suspd/Revk/Can,0,0,0,0,1,Low,1,1
26,African-American,Female,6,F,arrest case no charge,0,0,0,1,6,Medium,1,0
24,African-American,Male,5,F,Strong Armed  Robbery,0,0,0,1,9,High,1,1
51,Hispanic,Male,0,M,DUI Level 0.15 Or Minor In Veh,0,0,0,0,1,Low,0,1
51,Hispanic,Male,1,F,Neglect Child / No Bodily Harm,0,0,0,0,3,Low,1,1
28,African-American,Male,7,F,Grand Theft in the 3rd Degree,0,0,1,0,10,High,1,1
36,African-American,Female,1,M,Battery,0,0,0,0,2,Low,0,0
38,Caucasian,Female,0,M,Battery,0,0,0,0,1,Low,0,0
23,African-American,Male,1,F,Grand Theft in the 3rd Degree,0,0,0,0,2,Low,1,1
28,Caucasian,Male,5,M,Battery,0,0,0,1,7,Medium,0,1
29,Caucasian,Female,7,F,arrest case no charge,0,0,0,1,6,Medium,1,0
38,Other,Female,0,F,"Poss3,4 Methylenedioxymethcath",0,0,0,0,1,Low,1,0
29,African-American,Male,0,M,Battery,0,0,0,0,3,Low,0,1
34,Asian,Female,1,F,Child Abuse,0,0,0,0,1,Low,1,0
29,African-American,Male,11,F,Driving While License Revoked,0,0,0,1,3,Low,1,1
34,African-American,Male,8,M,Battery,0,0,0,0,7,Medium,0,1
26,African-American,Male,6,F,Burglary Conveyance Armed,0,0,0,1,7,Medium,1,1
58,African-American,Male,0,F,Felony Battery (Dom Strang),0,0,0,0,1,Low,1,1
37,Hispanic,Male,6,F,arrest case no charge,0,0,0,1,5,Medium,1,1
48,Caucasian,Male,0,M,Petit Theft,0,0,0,1,6,Medium,0,1
30,African-American,Male,1,F,Battery on Law Enforc Officer,0,0,0,1,3,Low,1,1
44,African-American,Male,0,F,Robbery / No Weapon,0,0,0,0,3,Low,1,1
36,Caucasian,Male,5,F,Driving While License Revoked,0,0,0,0,3,Low,1,1
29,African-American,Female,11,F,arrest case no charge,0,1,0,1,9,High,1,0
23,Other,Female,0,M,Battery,0,0,0,0,6,Medium,0,0
53,African-American,Male,3,F,Aggravated Battery,0,0,0,1,6,Medium,1,1
35,African-American,Male,8,M,Battery,0,0,0,0,6,Medium,0,1
39,Caucasian,Female,3,F,arrest case no charge,0,0,0,0,3,Low,1,0
21,Hispanic,Male,1,F,Felony Battery (Dom Strang),1,0,0,1,8,High,1,1
26,Caucasian,Female,2,F,Purchase Cannabis,0,0,0,1,6,Medium,1,0
26,African-American,Male,10,F,arrest case no charge,1,0,0,1,9,High,1,1
28,African-American,Male,8,M,Battery,0,0,0,1,6,Medium,0,1
21,Caucasian,Female,3,M,Battery,0,3,1,1,7,Medium,0,0
37,African-American,Male,8,F,arrest case no charge,0,0,0,0,5,Medium,1,1
22,African-American,Male,12,F,Possession of Cocaine,1,0,0,1,10,High,1,1
28,African-American,Male,12,F,Possession of Cocaine,0,8,2,1,10,High,1,1
56,Caucasian,Female,0,M,Battery,0,0,0,0,1,Low,0,0
30,Caucasian,Male,0,F,Possession of Cannabis,0,0,0,0,2,Low,1,1
27,African-American,Male,2,F,,0,0,0,0,4,Low,1,1
29,Other,Male,0,F,Agg Battery Grt/Bod/Harm,0,0,0,0,2,Low,1,1
27,Caucasian,Female,6,F,Grand Theft (Motor Vehicle),0,0,0,0,10,High,1,0
43,African-American,Male,15,M,Resist/Obstruct W/O Violence,0,0,0,1,9,High,0,1
53,African-American,Female,5,F,Unlicensed Telemarketing,0,0,0,0,6,Medium,1,0
27,African-American,Male,6,F,Issuing a Worthless Draft,1,0,0,1,7,Medium,1,1
26,African-American,Male,6,M,arrest case no charge,0,1,0,0,5,Medium,0,1
24,Caucasian,Female,1,F,arrest case no charge,0,0,0,0,6,Medium,1,0
30,African-American,Male,0,F,"Poss3,4 Methylenedioxymethcath",0,0,0,0,6,Medium,1,1
56,Other,Male,6,F,Possession of Cocaine,0,0,0,1,2,Low,1,1
26,African-American,Male,4,F,Driving While License Revoked,0,0,0,0,9,High,1,1
24,African-American,Male,3,M,Battery,2,1,0,1,6,Medium,0,1
30,Hispanic,Male,6,M,Unlaw LicTag/Sticker Attach,0,0,0,1,3,Low,0,1
54,African-American,Male,4,F,arrest case no charge,0,0,0,0,1,Low,1,1
23,Hispanic,Male,0,F,arrest case no charge,0,0,0,1,5,Medium,1,1
25,Other,Male,1,F,D.U.I. Serious Bodily Injury,0,0,0,1,4,Low,1,1
36,African-American,Female,13,F,Possession of Cocaine,0,0,0,1,9,High,1,0
21,African-American,Male,1,F,Grand Theft in the 3rd Degree,0,0,0,1,10,High,1,1
26,Caucasian,Male,10,F,arrest case no charge,0,0,0,1,5,Medium,1,1
26,Caucasian,Male,10,M,Driving License Suspended,0,0,3,1,8,High,0,1
45,Caucasian,Male,0,F,Felony Battery (Dom Strang),0,0,0,0,1,Low,1,1
47,Caucasian,Male,1,M,Battery,0,0,0,0,5,Medium,0,1
31,African-American,Male,2,F,Grand Theft in the 3rd Degree,0,0,0,0,1,Low,1,1
21,African-American,Male,0,F,Uttering a Forged Instrument,0,0,0,1,7,Medium,1,1
28,African-American,Female,1,M,Battery,1,0,0,1,4,Low,0,0
29,Caucasian,Male,9,F,Tampering With Physical Evidence,1,0,1,1,8,High,1,1
28,African-American,Male,2,F,Pos Cannabis W/Intent Sel/Del,0,0,0,0,4,Low,1,1
25,Caucasian,Female,1,M,Aide/Abet Prostitution Lewdness,0,0,0,1,4,Low,0,0
22,African-American,Male,0,F,Grand Theft in the 3rd Degree,0,0,0,1,3,Low,1,1
21,African-American,Female,0,F,Uttering a Forged Instrument,0,0,0,0,6,Medium,1,0
48,Caucasian,Male,0,F,Grand Theft in the 3rd Degree,0,0,0,1,8,High,1,1
25,African-American,Male,4,F,Burglary Unoccupied Dwelling,0,0,1,1,9,High,1,1
37,African-American,Male,7,F,Tampering With Physical Evidence,0,0,0,0,7,Medium,1,1
31,Caucasian,Male,5,F,Tampering With Physical Evidence,0,0,0,1,6,Medium,1,1
56,Other,Male,0,M,Battery,0,0,0,0,1,Low,0,1
24,African-American,Male,0,M,Driving Under The Influence,0,0,0,0,3,Low,0,1
30,African-American,Male,15,F,Live on Earnings of Prostitute,0,0,0,1,10,High,1,1
47,Caucasian,Male,5,M,DUI Property Damage/Injury,0,0,0,0,2,Low,0,1
66,Caucasian,Male,2,M,Viol Injunct Domestic Violence,0,0,0,0,3,Low,0,1
51,African-American,Male,21,F,arrest case no charge,0,0,0,1,8,High,1,1
76,Asian,Male,0,F,Aggravated Assault w/Firearm,0,0,0,0,1,Low,1,1
28,Caucasian,Female,3,F,Burglary Structure Unoccup,0,0,0,1,6,Medium,1,0
35,African-American,Male,1,M,Battery,0,0,0,0,4,Low,0,1
44,Other,Male,6,F,Felony Driving While Lic Suspd,0,0,0,1,1,Low,1,1
38,Hispanic,Male,7,F,Felony Battery (Dom Strang),1,0,1,1,7,Medium,1,1
24,African-American,Male,0,F,Grand Theft (Motor Vehicle),0,0,0,0,5,Medium,1,1
36,Caucasian,Male,0,F,Possession of Cocaine,0,0,0,0,3,Low,1,1
20,Hispanic,Male,0,F,Corrupt Public Servant,0,0,0,1,6,Medium,1,1
21,African-American,Male,0,F,Battery on Law Enforc Officer,0,0,1,1,3,Low,1,1
27,African-American,Male,7,F,arrest case no charge,0,0,0,1,10,High,1,1
28,African-American,Male,18,F,Possession of Cocaine,0,1,0,1,9,High,1,1
52,Hispanic,Male,0,M,Battery,0,0,0,1,1,Low,0,1
39,Caucasian,Male,16,F,arrest case no charge,0,0,0,1,9,High,1,1
19,African-American,Male,0,F,Resist Officer w/Violence,0,0,0,1,4,Low,1,1
40,African-American,Male,2,F,Felony Driving While Lic Suspd,0,0,0,0,4,Low,1,1
30,Caucasian,Male,5,F,Grand Theft in the 3rd Degree,0,0,0,1,8,High,1,1
28,Caucasian,Male,0,F,Manufacture Cannabis,0,0,0,1,3,Low,1,1
27,Caucasian,Male,0,M,Battery,0,0,0,0,2,Low,0,1
23,Hispanic,Male,3,F,Possession of Cocaine,0,0,0,1,7,Medium,1,1
25,African-American,Male,7,F,arrest case no charge,0,0,0,0,6,Medium,1,1
24,African-American,Female,0,F,Deliver Cocaine,0,0,0,0,3,Low,1,0
44,Caucasian,Male,0,F,Driving While License Revoked,0,0,0,0,7,Medium,1,1
44,African-American,Male,0,F,Felony/Driving Under Influence,0,0,0,0,1,Low,1,1
23,African-American,Female,0,M,Battery,0,0,0,0,7,Medium,0,0
31,Caucasian,Female,2,F,Burglary Structure Unoccup,0,0,1,1,8,High,1,0
27,African-American,Male,0,F,Cruelty Toward Child,0,0,1,0,2,Low,1,1
26,Caucasian,Female,1,F,Possession of Oxycodone,0,0,0,1,8,High,1,0
57,African-American,Male,16,M,Battery,0,0,0,1,5,Medium,0,1
55,Caucasian,Male,0,F,Battery on a Person Over 65,0,0,0,0,1,Low,1,1
36,Caucasian,Female,7,F,Felony Petit Theft,0,0,0,1,6,Medium,1,0
30,African-American,Male,18,M,Operating W/O Valid License,0,0,0,1,9,High,0,1
34,African-American,Male,0,F,Possession of Cocaine,0,0,0,1,8,High,1,1
24,African-American,Male,1,F,arrest case no charge,0,0,0,0,2,Low,1,1
21,Other,Male,0,F,Attempted Burg/Convey/Unocc,0,0,0,1,5,Medium,1,1
42,African-American,Male,7,F,Driving While License Revoked,0,0,0,0,1,Low,1,1
34,Caucasian,Female,12,F,Possession of Cocaine,0,0,0,1,10,High,1,0
30,Hispanic,Male,3,M,Driving Under The Influence,0,0,0,0,4,Low,0,1
40,Caucasian,Male,6,F,Carrying Concealed Firearm,0,0,0,0,4,Low,1,1
30,Other,Male,13,F,Deliver Cannabis,0,0,0,1,9,High,1,1
31,Caucasian,Male,3,M,Battery,0,0,0,1,3,Low,0,1
27,Caucasian,Male,1,M,Battery,0,0,0,0,3,Low,0,1
22,Hispanic,Male,0,F,arrest case no charge,0,0,1,1,2,Low,1,1
37,African-American,Male,3,M,Battery,0,0,0,0,3,Low,0,1
25,African-American,Male,1,F,Possession Of Methamphetamine,0,0,0,0,2,Low,1,1
45,Caucasian,Male,2,F,arrest case no charge,0,0,0,0,1,Low,1,1
22,Hispanic,Male,1,F,arrest case no charge,0,0,0,1,2,Low,1,1
31,Caucasian,Male,1,F,Battery on Law Enforc Officer,0,0,0,0,5,Medium,1,1
23,African-American,Male,0,F,Pos Cannabis W/Intent Sel/Del,0,0,0,0,5,Medium,1,1
21,African-American,Male,0,F,Possession Firearm School Prop,0,0,0,0,4,Low,1,1
28,African-American,Male,6,M,Battery,0,0,0,1,5,Medium,0,1
35,African-American,Male,0,F,Felony Battery (Dom Strang),0,0,0,0,1,Low,1,1
29,African-American,Male,4,F,Grand Theft in the 3rd Degree,0,1,1,1,4,Low,1,1
23,African-American,Male,2,F,Burglary Conveyance Unoccup,0,0,0,1,4,Low,1,1
28,African-American,Male,7,F,arrest case no charge,0,0,0,1,10,High,1,1
34,Caucasian,Female,0,M,Driving License Suspended,0,0,0,1,7,Medium,0,0
32,Caucasian,Female,5,F,Burglary Dwelling Assault/Batt,0,0,0,0,2,Low,1,0
25,African-American,Male,2,F,arrest case no charge,0,0,0,0,4,Low,1,1
34,Caucasian,Male,15,F,Possession of Cocaine,0,1,0,0,7,Medium,1,1
47,African-American,Male,4,F,Felony Driving While Lic Suspd,0,0,0,1,4,Low,1,1
30,African-American,Female,4,F,Crimin Mischief Damage $1000+,0,0,0,0,5,Medium,1,0
22,Caucasian,Male,0,M,Battery,0,0,0,1,3,Low,0,1
47,African-American,Female,7,F,Possession of Cocaine,0,0,0,1,9,High,1,0
37,Caucasian,Male,3,F,Driving While License Revoked,0,0,0,0,8,High,1,1
37,African-American,Male,8,M,Battery,0,0,0,0,5,Medium,0,1
26,African-American,Male,7,F,"Poss3,4 Methylenedioxymethcath",0,0,0,1,10,High,1,1
31,Caucasian,Female,0,M,Battery,0,0,0,0,2,Low,0,0
20,Caucasian,Male,0,F,Felony Battery (Dom Strang),0,0,3,1,3,Low,1,1
22,African-American,Male,0,F,Burglary Unoccupied Dwelling,0,0,0,1,7,Medium,1,1
33,African-American,Male,14,F,Driving While License Revoked,0,0,1,1,10,High,1,1
30,African-American,Male,1,M,Battery,0,0,0,0,2,Low,0,1
27,Caucasian,Male,5,F,Possession of Cocaine,0,0,0,1,6,Medium,1,1
24,African-American,Male,2,M,Battery,0,0,0,1,9,High,0,1
20,Other,Female,1,M,Battery,0,0,0,0,4,Low,0,0
29,African-American,Male,0,M,Battery,0,0,0,0,2,Low,0,1
24,Caucasian,Male,0,F,Falsely Impersonating Officer,0,0,0,0,3,Low,1,1
36,African-American,Female,1,F,Grand Theft in the 3rd Degree,0,0,0,0,2,Low,1,0
23,African-American,Male,0,M,Battery,0,0,0,1,3,Low,0,1
21,African-American,Male,1,F,Possession of Cocaine,0,0,1,1,10,High,1,1
29,African-American,Male,6,F,Felony Driving While Lic Suspd,0,0,0,1,6,Medium,1,1
25,Hispanic,Male,10,F,Driving While License Revoked,1,4,0,1,9,High,1,1
22,Hispanic,Female,1,F,Possession Of Amphetamine,0,0,0,0,4,Low,1,0
29,African-American,Male,4,M,Assault,0,0,0,0,5,Medium,0,1
26,African-American,Female,0,M,Robbery / No Weapon,0,0,0,0,9,High,0,0
50,Caucasian,Female,7,M,Criminal Mischief Damage <$200,0,0,0,1,1,Low,0,0
32,African-American,Male,1,F,False Imprisonment,0,0,0,0,2,Low,1,1
45,Hispanic,Male,0,F,Felony Battery (Dom Strang),0,0,0,0,1,Low,1,1
30,African-American,Male,1,F,Aggravated Assault W/Dead Weap,0,0,0,0,2,Low,1,1
25,African-American,Male,0,F,Crim Use of Personal ID Info,0,0,0,0,5,Medium,1,1
44,Caucasian,Female,10,F,Felony Committing Prostitution,0,0,0,1,5,Medium,1,0
58,African-American,Male,0,F,Grand Theft (Motor Vehicle),0,0,0,1,4,Low,1,1
24,African-American,Male,5,F,"Poss3,4 Methylenedioxymethcath",0,0,0,0,6,Medium,1,1
20,African-American,Male,1,F,Grand Theft in the 3rd Degree,0,1,0,1,10,High,1,1
29,Caucasian,Male,0,M,Battery,0,0,0,1,1,Low,0,1
21,Caucasian,Male,1,F,arrest case no charge,0,0,0,0,5,Medium,1,1
46,Caucasian,Female,1,F,arrest case no charge,0,0,0,0,1,Low,1,0
29,African-American,Male,17,F,Driving While License Revoked,0,1,0,1,10,High,1,1
30,African-American,Male,0,F,Possession of Cocaine,0,0,0,1,4,Low,1,1
55,African-American,Male,8,F,Driving While License Revoked,0,0,0,1,1,Low,1,1
47,Caucasian,Male,2,M,DUI Level 0.15 Or Minor In Veh,0,0,0,0,1,Low,0,1
30,African-American,Male,13,F,Felony Battery,0,0,0,1,10,High,1,1
24,African-American,Male,4,F,Driving While License Revoked,0,0,3,1,5,Medium,1,1
45,Caucasian,Male,0,F,Grand Theft in the 3rd Degree,0,0,0,1,6,Medium,1,1
26,African-American,Male,2,M,Possess Cannabis/20 Grams Or Less,0,0,0,0,5,Medium,0,1
42,Caucasian,Female,0,M,DUI Level 0.15 Or Minor In Veh,0,0,0,0,2,Low,0,0
34,African-American,Male,1,M,Battery,0,0,0,0,2,Low,0,1
21,African-American,Male,0,M,Resist/Obstruct W/O Violence,0,0,0,1,4,Low,0,1
69,Caucasian,Female,2,M,Leaving Acc/Unattended Veh,0,0,0,0,1,Low,0,0
24,Caucasian,Male,5,F,arrest case no charge,0,0,1,1,5,Medium,1,1
45,African-American,Male,1,M,Resist/Obstruct W/O Violence,0,0,0,0,1,Low,0,1
25,African-American,Male,8,M,Battery,0,3,1,1,8,High,0,1
52,African-American,Male,2,M,DUI Property Damage/Injury,0,0,0,0,1,Low,0,1
30,Caucasian,Male,0,F,Felony Battery (Dom Strang),0,0,0,0,1,Low,1,1
26,Hispanic,Female,0,M,Battery,0,0,0,0,3,Low,0,0
34,Other,Male,0,F,Felony Batt(Great Bodily Harm),0,0,0,1,2,Low,1,1
38,African-American,Male,2,M,Possess Cannabis/20 Grams Or Less,0,0,0,1,4,Low,0,1
23,African-American,Male,4,F,"Poss3,4 Methylenedioxymethcath",0,2,2,1,7,Medium,1,1
30,Hispanic,Male,0,M,DUI Property Damage/Injury,0,0,0,0,1,Low,0,1
22,African-American,Female,0,F,Robbery / No Weapon,0,0,0,0,6,Medium,1,0
35,African-American,Male,6,F,arrest case no charge,0,0,0,0,3,Low,1,1
24,African-American,Male,0,F,Uttering a Forged Instrument,0,0,0,1,7,Medium,1,1
35,African-American,Male,1,M,Battery,0,0,0,0,6,Medium,0,1
25,African-American,Male,2,F,Grand Theft in the 3rd Degree,0,0,0,0,6,Medium,1,1
58,Caucasian,Male,3,M,Carry Open/Uncov Bev In Pub,0,0,0,0,2,Low,0,1
27,African-American,Male,7,F,Driving While License Revoked,0,0,0,1,4,Low,1,1
24,African-American,Male,6,F,Resist Officer w/Violence,0,0,1,1,9,High,1,1
33,Caucasian,Male,2,M,DUI Level 0.15 Or Minor In Veh,0,0,0,0,2,Low,0,1
44,Caucasian,Male,4,F,Driving While License Revoked,0,0,0,0,3,Low,1,1
30,African-American,Male,3,F,Grand Theft in the 3rd Degree,0,0,0,0,5,Medium,1,1
39,Hispanic,Female,2,F,arrest case no charge,0,0,0,0,2,Low,1,0
28,Caucasian,Male,0,F,Crim Use of Personal ID Info,0,0,0,0,3,Low,1,1
34,African-American,Male,1,F,Purchase Cannabis,0,0,0,0,2,Low,1,1
26,African-American,Male,1,F,arrest case no charge,0,0,0,1,8,High,1,1
23,African-American,Male,0,F,Pos Cannabis W/Intent Sel/Del,0,0,0,0,2,Low,1,1
29,Caucasian,Male,11,F,Possession of Cocaine,0,0,1,1,8,High,1,1
31,African-American,Male,0,M,Battery,0,0,0,0,4,Low,0,1
38,Other,Male,1,F,arrest case no charge,0,0,0,0,1,Low,1,1
30,African-American,Male,14,F,arrest case no charge,0,0,0,1,8,High,1,1
21,Caucasian,Male,2,F,Grand Theft in the 3rd Degree,0,0,0,1,4,Low,1,1
44,African-American,Male,0,F,Felony Driving While Lic Suspd,0,0,0,0,1,Low,1,1
52,African-American,Male,0,F,Felony Battery (Dom Strang),0,0,0,0,1,Low,1,1
30,African-American,Male,6,F,Grand Theft in the 3rd Degree,0,0,0,1,5,Medium,1,1
31,African-American,Male,9,F,Aggravated Battery / Pregnant,0,0,0,1,8,High,1,1
21,African-American,Female,2,F,Deliver Cannabis,0,1,0,0,6,Medium,1,0
77,Caucasian,Male,1,M,DUI Property Damage/Injury,0,0,0,0,1,Low,0,1
61,Caucasian,Male,4,F,Uttering a Forged Instrument,0,0,0,0,6,Medium,1,1
41,African-American,Female,0,M,Battery,0,0,0,0,1,Low,0,0
24,Caucasian,Female,0,M,Battery,0,0,0,0,5,Medium,0,0
34,African-American,Female,5,F,arrest case no charge,0,0,0,0,3,Low,1,0
27,Hispanic,Male,1,F,"Poss3,4 Methylenedioxymethcath",0,0,0,0,3,Low,1,1
25,African-American,Male,6,M,Criminal Mischief Damage <$200,0,0,2,1,7,Medium,0,1
30,African-American,Male,1,F,Cruelty Toward Child,0,0,0,0,1,Low,1,1
59,Hispanic,Male,0,F,Uttering a Forged Instrument,0,0,0,0,1,Low,1,1
55,Caucasian,Male,1,F,Grand Theft in the 3rd Degree,0,0,0,1,1,Low,1,1
32,Caucasian,Male,0,F,Battery on Law Enforc Officer,0,0,0,1,6,Medium,1,1
53,African-American,Male,5,M,Petit Theft,0,0,0,0,2,Low,0,1
50,Caucasian,Male,1,M,Battery,0,0,0,0,2,Low,0,1
26,Other,Male,1,F,Pos Cannabis W/Intent Sel/Del,0,0,0,1,4,Low,1,1
21,Hispanic,Male,2,F,Poss Similitude of Drivers Lic,0,0,1,1,5,Medium,1,1
36,African-American,Male,7,F,Felony Battery w/Prior Convict,0,0,0,1,6,Medium,1,1
35,African-American,Male,16,F,arrest case no charge,0,0,0,1,8,High,1,1
25,Caucasian,Female,0,M,Battery,0,0,0,0,3,Low,0,0
31,Caucasian,Female,2,M,Assault,0,0,0,0,6,Medium,0,0
26,African-American,Female,1,F,Grand Theft in the 3rd Degree,0,0,0,0,5,Medium,1,0
25,Caucasian,Male,0,M,DUI Property Damage/Injury,0,0,0,0,2,Low,0,1
32,African-American,Male,0,M,Battery,0,0,0,0,1,Low,0,1
40,Caucasian,Male,5,F,Pos Cannabis W/Intent Sel/Del,0,0,0,0,3,Low,1,1
35,African-American,Male,0,F,Poss Oxycodone W/Int/Sell/Del,0,0,0,0,3,Low,1,1
27,African-American,Male,2,F,,0,0,0,0,3,Low,1,1
33,African-American,Male,12,F,Tampering With Physical Evidence,0,0,0,1,9,High,1,1
36,Asian,Male,1,F,arrest case no charge,0,0,0,0,1,Low,1,1
30,Caucasian,Male,2,F,Possession of Cocaine,0,0,0,0,2,Low,1,1
30,African-American,Male,0,F,Possession of Cocaine,0,0,0,0,4,Low,1,1
41,African-American,Male,19,F,arrest case no charge,0,0,0,0,8,High,1,1
29,Caucasian,Female,0,F,Possession of Cocaine,0,0,0,0,7,Medium,1,0
25,Caucasian,Male,0,F,Possession of Cocaine,0,0,0,0,5,Medium,1,1
50,Caucasian,Male,0,F,Possession Child Pornography,0,0,0,0,1,Low,1,1
35,Caucasian,Male,4,F,arrest case no charge,0,0,0,0,2,Low,1,1
37,African-American,Male,17,F,Poss Pyrrolidinobutiophenone,1,0,0,1,9,High,1,1
43,African-American,Male,4,F,arrest case no charge,0,0,0,1,1,Low,1,1
29,Caucasian,Male,12,M,Criminal Mischief>$200<$1000,0,0,0,1,6,Medium,0,1
61,Caucasian,Female,0,F,Possession of Cocaine,0,0,0,0,1,Low,1,0
22,African-American,Female,4,F,Possession of Cocaine,0,0,0,1,9,High,1,0
27,Caucasian,Male,2,F,arrest case no charge,0,0,0,1,4,Low,1,1
34,African-American,Female,1,M,Battery,0,0,0,0,2,Low,0,0
24,Other,Male,0,F,Conspiracy Dealing Stolen Prop,0,0,0,0,6,Medium,1,1
20,African-American,Female,0,M,Battery,0,0,1,1,7,Medium,0,0
30,African-American,Male,0,M,Battery,0,0,0,0,1,Low,0,1
43,African-American,Female,0,M,Battery,0,0,0,0,1,Low,0,0
51,Caucasian,Male,4,F,Felony Driving While Lic Suspd,0,0,0,1,1,Low,1,1
37,Hispanic,Male,9,F,Deliver Cocaine,0,0,0,0,5,Medium,1,1
42,African-American,Male,7,F,Possession of Cocaine,1,0,0,1,9,High,1,1
29,Hispanic,Female,1,F,arrest case no charge,0,0,0,0,4,Low,1,0
24,Caucasian,Female,0,M,Battery,0,0,0,0,6,Medium,0,0
36,Caucasian,Male,12,F,arrest case no charge,0,0,0,0,1,Low,1,1
39,Caucasian,Male,0,F,Felony DUI - Enhanced,0,0,0,1,1,Low,1,1
32,African-American,Male,2,M,Battery,0,0,0,0,5,Medium,0,1
38,African-American,Male,0,M,Battery,0,0,0,0,1,Low,0,1
27,African-American,Female,8,F,arrest case no charge,0,0,0,0,6,Medium,1,0
30,Caucasian,Female,0,F,Grand Theft in the 3rd Degree,0,0,0,1,6,Medium,1,0
43,Caucasian,Female,0,M,Battery,0,0,0,1,2,Low,0,0
30,African-American,Male,8,M,Battery,6,0,0,1,9,High,0,1
26,Caucasian,Female,1,M,Assault,0,0,0,0,4,Low,0,0
37,Caucasian,Male,3,F,Possession of Cocaine,0,0,0,0,4,Low,1,1
25,Caucasian,Male,5,F,Driving While License Revoked,0,0,0,1,9,High,1,1
65,Caucasian,Male,1,F,Possession Of Heroin,0,0,0,1,3,Low,1,1
52,Other,Male,0,F,Possession of Cocaine,0,0,0,1,5,Medium,1,1
29,Caucasian,Male,1,F,False Imprisonment,0,0,0,0,1,Low,1,1
32,Caucasian,Male,3,F,arrest case no charge,0,0,0,0,5,Medium,1,1
36,Hispanic,Male,0,M,Battery,0,0,0,1,1,Low,0,1
21,African-American,Male,8,F,arrest case no charge,0,2,6,1,9,High,1,1
21,Caucasian,Male,1,F,Burglary Unoccupied Dwelling,0,0,0,0,3,Low,1,1
47,Caucasian,Male,13,M,Battery,0,0,0,1,4,Low,0,1
36,African-American,Female,4,F,arrest case no charge,0,0,0,0,2,Low,1,0
25,African-American,Female,6,F,Driving While License Revoked,0,0,0,1,7,Medium,1,0
32,Caucasian,Male,4,M,Battery,0,0,0,1,2,Low,0,1
43,Caucasian,Male,1,F,Neglect Child / No Bodily Harm,0,0,0,0,1,Low,1,1
27,African-American,Male,2,F,Sale/Del Cannabis At/Near Scho,0,0,0,0,6,Medium,1,1
26,African-American,Male,8,M,Battery,0,0,0,1,4,Low,0,1
21,African-American,Male,1,F,arrest case no charge,0,0,0,0,3,Low,1,1
34,Asian,Male,0,M,Battery,0,0,0,0,2,Low,0,1
46,Hispanic,Male,1,M,Operating W/O Valid License,0,0,0,0,1,Low,0,1
40,African-American,Male,23,M,Possess Cannabis/20 Grams Or Less,2,0,0,1,6,Medium,0,1
38,Caucasian,Male,3,M,Disorderly Conduct,0,0,0,0,3,Low,0,1
41,African-American,Male,7,F,arrest case no charge,0,0,0,0,9,High,1,1
25,Caucasian,Male,7,F,Burglary Conveyance Armed,0,0,0,1,10,High,1,1
21,Caucasian,Male,1,F,Burglary Conveyance Assault/Bat,0,0,0,0,4,Low,1,1
74,Caucasian,Female,0,M,Disorderly Intoxication,0,0,0,0,1,Low,0,0
41,Caucasian,Male,5,M,Battery,0,0,0,1,4,Low,0,1
27,Hispanic,Female,0,M,Prostitution/Lewd Act Assignation,0,0,0,0,3,Low,0,0
30,African-American,Male,1,M,Aggravated Battery / Pregnant,0,1,0,0,2,Low,0,1
33,Caucasian,Female,3,F,Possession Of Heroin,0,0,0,1,6,Medium,1,0
24,Caucasian,Male,2,M,Driving Under The Influence,0,0,0,0,2,Low,0,1
52,Asian,Male,0,F,Grand Theft in the 3rd Degree,0,0,0,0,1,Low,1,1
29,Caucasian,Female,0,M,Battery,0,0,0,0,6,Medium,0,0
42,Caucasian,Female,0,F,Poss Contr Subst W/o Prescript,0,0,0,1,2,Low,1,0
30,Caucasian,Female,1,F,Driving While License Revoked,0,0,1,0,2,Low,1,0
33,African-American,Male,0,F,Uttering a Forged Instrument,0,0,0,0,5,Medium,1,1
38,Hispanic,Male,1,F,Felony Battery (Dom Strang),0,0,0,0,1,Low,1,1
21,African-American,Male,2,F,Possession of Cocaine,0,0,1,1,6,Medium,1,1
41,Caucasian,Female,9,M,Petit Theft,0,0,0,1,4,Low,0,0
28,African-American,Female,5,M,arrest case no charge,0,0,0,0,8,High,0,0
52,African-American,Female,3,F,False 911 Call,0,0,0,0,1,Low,1,0
21,Hispanic,Male,1,F,Possession of Cocaine,0,0,3,0,8,High,1,1
22,Hispanic,Female,1,F,arrest case no charge,0,0,0,0,5,Medium,1,0
32,Hispanic,Male,3,F,arrest case no charge,0,0,0,0,3,Low,1,1
25,African-American,Male,0,F,Corrupt Public Servant,0,0,0,1,2,Low,1,1
27,African-American,Female,0,M,Battery,0,0,0,0,3,Low,0,0
35,Caucasian,Male,0,F,"Poss3,4 Methylenedioxymethcath",0,0,0,0,2,Low,1,1
40,African-American,Male,2,M,Battery,0,0,0,0,3,Low,0,1
29,Other,Female,0,F,Aggrav Battery w/Deadly Weapon,0,0,0,0,3,Low,1,0
24,African-American,Male,2,M,Battery,0,0,2,1,9,High,0,1
24,African-American,Male,10,F,Possession of Cocaine,5,1,0,1,10,High,1,1
36,Hispanic,Male,26,F,Driving While License Revoked,0,1,0,1,10,High,1,1
26,Hispanic,Male,5,F,Driving While License Revoked,0,0,0,0,3,Low,1,1
50,Caucasian,Male,1,F,Felony Battery (Dom Strang),0,0,0,0,2,Low,1,1
21,African-American,Male,1,F,Grand Theft in the 3rd Degree,0,0,0,1,7,Medium,1,1
51,Hispanic,Male,0,M,Battery,0,0,0,0,1,Low,0,1
24,African-American,Male,2,F,Grand Theft in the 3rd Degree,0,0,2,1,5,Medium,1,1
29,African-American,Male,3,M,Possess Cannabis/20 Grams Or Less,0,0,0,0,1,Low,0,1
25,Caucasian,Female,0,M,Battery,0,0,0,0,4,Low,0,0
38,African-American,Male,0,F,Trespass Structure w/Dang Weap,0,0,0,1,3,Low,1,1
46,Caucasian,Male,1,F,arrest case no charge,0,0,0,0,3,Low,1,1
33,African-American,Male,9,M,Battery,0,0,2,1,7,Medium,0,1
31,Hispanic,Male,19,F,"Poss 3,4 MDMA (Ecstasy)",0,1,0,1,7,Medium,1,1
21,Other,Male,0,M,Aggravated Assault w/Firearm,0,0,0,0,4,Low,0,1
60,Other,Male,1,M,Battery,0,0,0,1,1,Low,0,1
39,African-American,Female,3,F,Uttering a Forged Instrument,0,0,0,1,5,Medium,1,0
35,African-American,Male,4,F,arrest case no charge,0,0,0,0,4,Low,1,1
49,Caucasian,Male,12,F,Possession Burglary Tools,0,0,0,1,2,Low,1,1
26,Other,Male,1,M,Battery,0,0,0,0,4,Low,0,1
27,Caucasian,Male,0,M,Battery,0,0,0,0,5,Medium,0,1
22,African-American,Male,2,F,Driving While License Revoked,0,1,3,0,6,Medium,1,1
29,African-American,Female,0,F,Aggravated Battery (Firearm),0,0,0,1,4,Low,1,0
31,African-American,Male,0,M,Possession of Cocaine,0,0,0,0,9,High,0,1
31,Hispanic,Male,5,F,Crim Use of Personal ID Info,0,0,0,1,6,Medium,1,1
29,Hispanic,Female,0,F,Battery on Law Enforc Officer,0,0,0,0,3,Low,1,0
65,Caucasian,Female,0,F,Fraudulent Use of Credit Card,0,0,0,0,1,Low,1,0
34,Hispanic,Female,1,M,Battery,0,0,0,0,3,Low,0,0
24,Caucasian,Male,6,F,Burglary Conveyance Unoccup,0,0,2,0,10,High,1,1
46,African-American,Male,0,M,DUI Property Damage/Injury,0,0,0,0,2,Low,0,1
20,African-American,Male,0,F,Pos Cannabis W/Intent Sel/Del,0,0,0,1,4,Low,1,1
29,African-American,Male,16,F,Grand Theft (Motor Vehicle),0,0,0,1,10,High,1,1
29,African-American,Male,7,F,Burglary Dwelling Occupied,0,0,0,0,3,Low,1,1
56,Caucasian,Female,3,F,Unlicensed Telemarketing,0,0,0,0,1,Low,1,0
21,African-American,Male,0,F,"Deliver 3,4 Methylenediox",0,0,0,0,4,Low,1,1
40,African-American,Male,0,F,Possession of Cocaine,0,0,0,1,10,High,1,1
22,African-American,Male,2,M,Viol Injunct Domestic Violence,0,0,0,1,9,High,0,1
39,Caucasian,Male,0,M,Driving Under The Influence,0,0,0,0,1,Low,0,1
22,African-American,Male,1,F,Battery on Law Enforc Officer,0,1,0,1,8,High,1,1
27,Other,Female,5,F,arrest case no charge,0,0,0,1,6,Medium,1,0
36,Caucasian,Male,1,F,Burglary Structure Unoccup,0,0,0,0,2,Low,1,1
30,African-American,Male,0,F,Computer Pornography,0,0,0,0,1,Low,1,1
36,African-American,Male,0,M,Battery,0,0,0,0,6,Medium,0,1
32,African-American,Male,0,F,Robbery / Weapon,0,0,0,0,1,Low,1,1
34,African-American,Female,5,F,Agg Battery Grt/Bod/Harm,0,0,0,1,9,High,1,0
23,Other,Male,0,M,Possess Cannabis/20 Grams Or Less,0,0,0,0,3,Low,0,1
52,Caucasian,Male,0,M,Battery,0,0,0,0,1,Low,0,1
20,Caucasian,Male,1,F,Poss Tetrahydrocannabinols,0,1,1,1,10,High,1,1
38,African-American,Male,5,M,Battery,0,0,0,0,4,Low,0,1
46,Caucasian,Male,0,M,Driving License Suspended,0,0,0,0,1,Low,0,1
27,African-American,Male,0,F,Uttering a Forged Instrument,0,0,0,1,4,Low,1,1
20,African-American,Male,2,F,Aggravated Assault W/Dead Weap,0,0,0,1,3,Low,1,1
29,Caucasian,Female,1,F,Burglary Conveyance Unoccup,0,0,0,1,2,Low,1,0
35,African-American,Female,7,F,Driving While License Revoked,0,0,0,1,2,Low,1,0
37,Caucasian,Male,1,M,Battery,0,0,0,1,1,Low,0,1
63,Caucasian,Male,0,F,Criminal Mischief,0,0,0,0,1,Low,1,1
27,African-American,Male,1,F,Aggravated Battery / Pregnant,0,0,0,1,4,Low,1,1
27,African-American,Male,0,F,Burglary Unoccupied Dwelling,0,0,0,0,5,Medium,1,1
24,African-American,Male,2,M,Possess Cannabis/20 Grams Or Less,0,0,0,1,6,Medium,0,1
30,Hispanic,Male,1,F,Driving While License Revoked,0,0,0,1,2,Low,1,1
25,Caucasian,Male,4,F,Grand Theft in the 3rd Degree,0,0,0,1,10,High,1,1
27,African-American,Male,0,M,Battery,0,0,0,0,1,Low,0,1
48,African-American,Female,0,M,Battery,0,0,0,0,5,Medium,0,0
26,African-American,Female,1,M,Battery,0,0,0,0,4,Low,0,0
58,Other,Male,0,F,Grand Theft in the 3rd Degree,0,0,0,0,1,Low,1,1
23,Caucasian,Male,1,F,Burglary Conveyance Unoccup,0,0,2,1,5,Medium,1,1
22,Caucasian,Male,3,M,Battery,0,1,1,1,4,Low,0,1
41,African-American,Male,0,F,arrest case no charge,0,0,0,0,1,Low,1,1
21,African-American,Male,0,F,Burglary Unoccupied Dwelling,0,0,0,0,7,Medium,1,1
26,Other,Male,0,M,Battery,0,0,0,0,2,Low,0,1
39,African-American,Female,3,M,Susp Drivers Lic 1st Offense,0,0,0,0,6,Medium,0,0
46,Caucasian,Male,0,M,Battery,0,0,0,0,1,Low,0,1
33,Other,Male,7,F,Trespass Property w/Dang Weap,0,1,0,1,8,High,1,1
36,African-American,Male,2,F,arrest case no charge,0,0,0,1,4,Low,1,1
20,Native American,Male,1,F,arrest case no charge,0,1,0,1,9,High,1,1
32,Caucasian,Male,0,M,Battery,0,0,0,0,3,Low,0,1
38,African-American,Male,17,M,Battery,0,0,0,1,4,Low,0,1
64,Hispanic,Male,1,M,Disorderly Intoxication,0,0,0,0,1,Low,0,1
22,African-American,Male,1,F,Burglary Conveyance Unoccup,0,0,0,1,5,Medium,1,1
69,Caucasian,Male,0,M,Driving Under The Influence,0,0,0,1,1,Low,0,1
26,African-American,Male,2,F,Agg Battery Grt/Bod/Harm,0,0,0,0,4,Low,1,1
27,African-American,Female,1,M,Battery,0,0,0,1,6,Medium,0,0
22,African-American,Male,2,F,Robbery Sudd Snatch No Weapon,0,0,0,0,8,High,1,1
43,Caucasian,Female,0,F,Aggravated Battery / Pregnant,0,0,0,0,1,Low,1,0
55,Caucasian,Female,0,M,DUI Property Damage/Injury,0,0,0,0,1,Low,0,0
34,Hispanic,Male,0,M,Operating W/O Valid License,0,0,0,0,1,Low,0,1
20,African-American,Male,1,F,arrest case no charge,0,0,2,0,2,Low,1,1
22,African-American,Male,1,M,Resist/Obstruct W/O Violence,0,0,0,1,7,Medium,0,1
33,Caucasian,Male,9,F,Felony Petit Theft,0,0,0,1,9,High,1,1
55,Caucasian,Male,7,F,Felony DUI (level 3),0,0,0,0,8,High,1,1
22,African-American,Male,1,F,Fleeing or Eluding a LEO,0,0,0,0,6,Medium,1,1
55,African-American,Male,1,F,arrest case no charge,0,0,0,0,1,Low,1,1
43,Caucasian,Female,0,F,Grand Theft in the 3rd Degree,0,0,0,1,1,Low,1,0
21,African-American,Male,0,F,Pos Cannabis W/Intent Sel/Del,0,0,3,1,10,High,1,1
23,African-American,Male,0,F,arrest case no charge,0,0,0,0,2,Low,1,1
28,Caucasian,Female,1,M,Grand Theft in the 3rd Degree,0,0,0,0,5,Medium,0,0
45,Other,Male,0,F,Tamper With Witness/Victim/CI,0,0,0,0,1,Low,1,1
39,African-American,Male,1,F,Agg Battery Grt/Bod/Harm,0,0,0,0,1,Low,1,1
79,Caucasian,Male,1,M,Disorderly Conduct,0,0,0,0,1,Low,0,1
48,Caucasian,Male,1,F,Depriv LEO of Protect/Communic,0,0,0,0,1,Low,1,1
20,Hispanic,Male,2,F,Burglary Conveyance Unoccup,0,2,1,1,8,High,1,1
31,African-American,Male,5,M,arrest case no charge,1,0,0,0,8,High,0,1
30,Caucasian,Male,4,M,Petit Theft $100- $300,0,1,0,1,5,Medium,0,1
32,African-American,Male,5,F,Driving While License Revoked,0,0,0,1,4,Low,1,1
56,Caucasian,Male,1,M,Battery,0,0,0,0,1,Low,0,1
43,African-American,Male,2,M,Battery,0,0,0,0,1,Low,0,1
20,Hispanic,Male,0,F,Burglary Conveyance Unoccup,0,0,2,0,3,Low,1,1
27,African-American,Male,21,F,Poss Pyrrolidinovalerophenone,0,0,0,1,7,Medium,1,1
41,African-American,Male,0,M,Battery,0,0,0,0,6,Medium,0,1
24,Other,Male,1,F,Tampering With Physical Evidence,0,0,0,0,3,Low,1,1
43,African-American,Male,3,M,Operating W/O Valid License,0,0,0,1,1,Low,0,1
33,African-American,Female,1,F,arrest case no charge,0,0,0,0,1,Low,1,0
22,African-American,Male,0,F,Felony Battery (Dom Strang),0,0,0,0,3,Low,1,1
34,African-American,Male,3,F,Aggravated Battery / Pregnant,0,0,0,0,1,Low,1,1
36,Caucasian,Male,0,M,Driving Under The Influence,0,0,0,0,1,Low,0,1
69,Caucasian,Male,0,F,Driving While License Revoked,0,0,0,0,5,Medium,1,1
32,Caucasian,Male,5,F,arrest case no charge,0,0,0,1,5,Medium,1,1
22,African-American,Male,1,F,Del Cannabis For Consideration,0,0,0,1,7,Medium,1,1
46,Caucasian,Male,0,F,Grand Theft in the 3rd Degree,0,0,0,0,5,Medium,1,1
34,Caucasian,Male,1,M,Battery,0,0,0,0,5,Medium,0,1
32,Hispanic,Female,0,M,Battery,0,0,0,0,1,Low,0,0
39,African-American,Male,0,M,Driving Under The Influence,0,0,0,0,1,Low,0,1
25,African-American,Male,6,M,Battery,0,0,1,1,7,Medium,0,1
21,Hispanic,Female,0,M,Battery,0,0,1,1,4,Low,0,0
63,African-American,Male,9,F,Burglary Structure Unoccup,0,0,0,1,6,Medium,1,1
24,Caucasian,Male,8,F,Felony Battery (Dom Strang),0,0,0,1,4,Low,1,1
29,Caucasian,Male,2,M,Fighting/Baiting Animals,0,0,0,0,5,Medium,0,1
20,African-American,Male,3,F,Possession of Cocaine,0,3,0,1,8,High,1,1
40,Caucasian,Female,0,M,Battery,0,0,0,0,5,Medium,0,0
30,African-American,Male,7,F,arrest case no charge,0,0,0,1,8,High,1,1
50,Caucasian,Male,5,F,arrest case no charge,0,0,0,0,7,Medium,1,1
37,African-American,Male,4,M,Criminal Mischief>$200<$1000,0,0,0,1,7,Medium,0,1
34,African-American,Male,1,F,Possession of Cocaine,0,0,0,0,7,Medium,1,1
35,Hispanic,Female,0,F,Grand Theft in the 3rd Degree,0,0,0,0,2,Low,1,0
31,African-American,Female,1,M,Battery,0,0,0,1,2,Low,0,0
23,Caucasian,Male,10,F,arrest case no charge,0,0,1,0,7,Medium,1,1
22,Hispanic,Male,0,F,Burglary Dwelling Assault/Batt,0,0,0,1,4,Low,1,1
37,Caucasian,Male,2,F,arrest case no charge,0,0,0,1,1,Low,1,1
20,Other,Male,0,F,Grand Theft in the 3rd Degree,0,0,0,0,4,Low,1,1
26,Caucasian,Male,2,F,Possession Of Methamphetamine,0,0,0,0,5,Medium,1,1
34,African-American,Male,12,F,Poss Pyrrolidinovalerophenone,0,0,0,1,9,High,1,1
59,Caucasian,Male,2,M,DUI Level 0.15 Or Minor In Veh,0,0,0,1,1,Low,0,1
37,Caucasian,Male,2,M,Driving Under The Influence,0,0,0,0,2,Low,0,1
38,Other,Male,0,F,Felony Committing Prostitution,0,0,0,1,1,Low,1,1
45,Caucasian,Male,1,F,Felony Battery (Dom Strang),0,0,0,1,1,Low,1,1
22,African-American,Male,1,F,Possession Burglary Tools,0,0,0,0,8,High,1,1
24,African-American,Male,3,F,Pos Cannabis W/Intent Sel/Del,0,0,1,1,8,High,1,1
25,African-American,Male,5,F,Aggravated Battery / Pregnant,0,0,0,0,5,Medium,1,1
24,African-American,Male,6,F,Uttering a Forged Instrument,0,0,0,1,6,Medium,1,1
20,African-American,Male,1,M,Battery,0,0,0,1,4,Low,0,1
32,Caucasian,Female,2,F,Sell/Man/Del Pos/w/int Heroin,0,0,0,1,2,Low,1,0
49,African-American,Male,3,F,Possession of Cocaine,0,0,0,1,8,High,1,1
31,Caucasian,Male,11,F,arrest case no charge,0,0,0,1,7,Medium,1,1
58,Caucasian,Male,7,F,Possession of Cocaine,0,0,0,1,7,Medium,1,1
50,Hispanic,Male,2,M,DUI Property Damage/Injury,0,0,0,0,1,Low,0,1
26,African-American,Male,11,F,Tampering With Physical Evidence,0,1,1,1,7,Medium,1,1
20,African-American,Male,1,F,arrest case no charge,1,0,0,0,6,Medium,1,1
51,Caucasian,Male,1,M,Battery,0,0,0,1,2,Low,0,1
30,African-American,Male,2,M,Battery,0,0,0,0,2,Low,0,1
39,Other,Male,0,M,Battery,0,0,0,0,1,Low,0,1
26,African-American,Male,2,F,Aggravated Battery,0,0,0,0,6,Medium,1,1
20,Other,Male,0,M,Battery,0,0,0,0,5,Medium,0,1
26,Caucasian,Female,0,F,Possession of Cocaine,0,0,0,0,5,Medium,1,0
26,African-American,Male,5,F,Burglary Dwelling Assault/Batt,0,0,0,0,4,Low,1,1
20,Caucasian,Male,0,F,Aggravated Assault W/Dead Weap,0,0,2,0,2,Low,1,1
28,African-American,Male,0,F,Criminal Mischief,0,0,0,1,3,Low,1,1
23,African-American,Male,1,M,Driving License Suspended,0,1,2,1,2,Low,0,1
21,African-American,Female,0,M,Prostitution/Lewd Act Assignation,0,0,0,0,5,Medium,0,0
25,Other,Male,0,F,Possession of Cocaine,0,0,0,1,9,High,1,1
30,Caucasian,Male,0,F,Burglary Dwelling Assault/Batt,0,0,0,0,3,Low,1,1
21,Caucasian,Male,2,F,Possession of LSD,0,2,7,1,9,High,1,1
20,Caucasian,Male,1,F,arrest case no charge,1,0,0,1,7,Medium,1,1
24,Caucasian,Male,5,F,arrest case no charge,0,0,0,1,6,Medium,1,1
35,African-American,Male,22,F,"Poss3,4 Methylenedioxymethcath",0,0,0,1,10,High,1,1
27,Other,Female,0,F,Dealing in Stolen Property,0,0,0,1,3,Low,1,0
50,Caucasian,Male,2,F,arrest case no charge,0,0,0,1,2,Low,1,1
25,African-American,Male,5,M,arrest case no charge,0,0,0,0,9,High,0,1
31,African-American,Male,12,M,Resist/Obstruct W/O Violence,1,1,1,1,8,High,0,1
26,African-American,Male,0,F,Grand Theft in the 3rd Degree,0,0,0,0,9,High,1,1
22,African-American,Male,0,F,Purchase/P/W/Int Cannabis,0,0,0,0,4,Low,1,1
29,African-American,Male,0,F,"Poss3,4 Methylenedioxymethcath",0,0,0,0,3,Low,1,1
33,Other,Male,2,F,Child Abuse,0,0,0,1,1,Low,1,1
52,Caucasian,Male,1,F,Burglary Conveyance Assault/Bat,0,0,0,0,1,Low,1,1
37,Hispanic,Male,0,M,Battery,0,0,0,1,1,Low,0,1
21,African-American,Male,0,F,Possession of Cocaine,0,0,0,0,7,Medium,1,1
21,Caucasian,Male,1,F,Possession of Cannabis,0,0,0,0,8,High,1,1
20,Caucasian,Female,0,F,Fraudulent Use of Credit Card,0,0,0,1,8,High,1,0
43,Hispanic,Male,1,M,Leaving Acc/Unattended Veh,0,0,0,1,1,Low,0,1
30,Caucasian,Male,1,F,Grand Theft in the 3rd Degree,0,0,0,1,1,Low,1,1
33,African-American,Female,3,M,Tresspass Struct/Conveyance,0,0,0,1,4,Low,0,0
24,African-American,Male,3,F,Aggrav Stalking After Injunctn,0,0,0,0,7,Medium,1,1
52,Hispanic,Female,0,M,Posses/Disply Susp/Revk/Frd DL,0,0,0,1,1,Low,0,0
30,African-American,Female,11,F,Crimin Mischief Damage $1000+,0,0,0,1,7,Medium,1,0
30,Caucasian,Female,0,M,Battery,0,0,0,0,2,Low,0,0
47,African-American,Male,13,F,Driving While License Revoked,0,0,0,1,2,Low,1,1
41,African-American,Male,9,M,Opert With Susp DL 2nd Offens,0,1,0,0,9,High,0,1
21,Hispanic,Male,4,F,arrest case no charge,1,0,0,1,10,High,1,1
48,Caucasian,Male,6,F,Fel Drive License Perm Revoke,0,0,0,0,2,Low,1,1
52,African-American,Male,2,F,Possession of Cocaine,0,0,0,1,9,High,1,1
34,African-American,Female,1,M,Battery,0,0,0,0,1,Low,0,0
35,Caucasian,Male,0,F,Possession Of Methamphetamine,0,0,0,1,3,Low,1,1
25,Other,Male,1,F,Pos Cannabis W/Intent Sel/Del,0,0,0,1,4,Low,1,1
24,African-American,Male,1,F,Pos Cannabis W/Intent Sel/Del,0,0,1,1,2,Low,1,1
25,African-American,Male,1,M,Battery,0,0,0,0,2,Low,0,1
34,African-American,Male,20,F,Possession of Cocaine,0,1,0,1,9,High,1,1
25,African-American,Male,2,F,Grand Theft Firearm,0,0,0,1,4,Low,1,1
24,Hispanic,Male,4,F,"Poss3,4 Methylenedioxymethcath",1,0,0,1,6,Medium,1,1
56,Caucasian,Male,6,F,Poss Cocaine/Intent To Del/Sel,0,0,0,0,1,Low,1,1
23,African-American,Male,0,F,Felony Battery (Dom Strang),0,0,0,0,4,Low,1,1
21,Caucasian,Male,0,M,Burglary Unoccupied Dwelling,0,0,0,0,4,Low,0,1
66,Caucasian,Male,0,M,Battery,0,0,0,0,1,Low,0,1
28,African-American,Male,7,M,Resist/Obstruct W/O Violence,0,0,0,0,7,Medium,0,1
29,Caucasian,Male,0,M,Driving Under The Influence,0,0,0,0,1,Low,0,1
22,Caucasian,Male,3,F,Possession of Cocaine,0,0,0,1,7,Medium,1,1
39,Caucasian,Male,0,F,Aggravated Battery / Pregnant,0,0,0,0,1,Low,1,1
33,African-American,Male,9,M,Battery,0,0,1,1,8,High,0,1
29,Caucasian,Male,2,F,arrest case no charge,0,0,0,1,1,Low,1,1
31,Caucasian,Male,1,F,arrest case no charge,0,0,0,0,2,Low,1,1
22,African-American,Male,0,M,Battery,0,0,0,0,8,High,0,1
22,Caucasian,Female,0,M,Battery,0,0,0,0,5,Medium,0,0
35,Caucasian,Male,3,F,Possession of Cocaine,0,0,2,0,4,Low,1,1
29,Caucasian,Male,3,F,False Imprisonment,0,0,0,1,4,Low,1,1
56,Caucasian,Male,1,F,Felony/Driving Under Influence,0,0,0,0,1,Low,1,1
34,African-American,Female,0,F,Poss Contr Subst W/o Prescript,0,0,0,0,1,Low,1,0
23,African-American,Male,1,F,Grand Theft in the 3rd Degree,0,0,0,1,4,Low,1,1
27,African-American,Male,1,F,Grand Theft in the 3rd Degree,1,0,0,1,5,Medium,1,1
43,Caucasian,Male,2,F,arrest case no charge,0,0,0,0,1,Low,1,1
38,Caucasian,Male,0,F,Possession Of Alprazolam,0,0,0,0,1,Low,1,1
39,Caucasian,Male,3,F,Poss Wep Conv Felon,0,0,0,0,3,Low,1,1
24,African-American,Male,1,F,Pos Cannabis W/Intent Sel/Del,0,0,1,1,3,Low,1,1
26,African-American,Male,2,M,Disorderly Conduct,0,0,0,0,3,Low,0,1
55,Caucasian,Female,0,M,Battery,0,0,0,0,1,Low,0,0
35,African-American,Male,1,F,Grand Theft in the 3rd Degree,0,0,0,1,6,Medium,1,1
61,African-American,Male,25,F,Burglary Unoccupied Dwelling,0,0,0,0,7,Medium,1,1
33,Other,Male,0,M,Battery,0,0,0,0,1,Low,0,1
40,Caucasian,Male,4,F,Resist Officer w/Violence,0,0,0,0,7,Medium,1,1
33,African-American,Male,3,F,Driving While License Revoked,0,0,0,0,2,Low,1,1
26,Caucasian,Male,0,F,Tamper With Witness/Victim/CI,0,0,0,1,6,Medium,1,1
32,Caucasian,Male,15,F,arrest case no charge,0,1,0,1,9,High,1,1
28,African-American,Male,0,F,Uttering a Forged Instrument,0,0,0,0,2,Low,1,1
45,Caucasian,Male,0,M,Battery,0,0,0,0,1,Low,0,1
30,Caucasian,Male,0,F,Grand Theft in the 3rd Degree,0,0,0,1,9,High,1,1
57,Caucasian,Female,4,F,arrest case no charge,0,0,0,0,2,Low,1,0
26,African-American,Male,3,F,Aggravated Battery / Pregnant,0,0,0,1,7,Medium,1,1
35,African-American,Male,1,F,False Imprisonment,0,0,0,0,8,High,1,1
54,Hispanic,Male,0,F,Grand Theft in the 1st Degree,0,0,0,0,1,Low,1,1
29,African-American,Female,0,F,Possession of Cocaine,0,0,0,0,5,Medium,1,0
40,Caucasian,Female,0,M,Driving License Suspended,0,0,0,0,2,Low,0,0
28,Caucasian,Male,1,F,False Ownership Info/Pawn Item,0,0,0,1,2,Low,1,1
25,African-American,Female,0,M,Battery,0,0,1,0,2,Low,0,0
44,African-American,Male,3,M,Driving License Suspended,0,0,0,0,6,Medium,0,1
23,Caucasian,Male,4,F,Poss Similitude of Drivers Lic,0,0,1,1,4,Low,1,1
29,African-American,Male,0,F,Burglary Dwelling Occupied,0,0,0,0,2,Low,1,1
56,Caucasian,Male,0,M,Driving Under The Influence,0,0,0,0,1,Low,0,1
27,African-American,Female,0,M,Battery,0,0,0,0,3,Low,0,0
29,Caucasian,Female,0,M,Viol Injunct Domestic Violence,0,0,0,0,7,Medium,0,0
34,Caucasian,Female,4,M,Battery,0,0,0,0,4,Low,0,0
22,African-American,Female,0,F,Grand Theft in the 3rd Degree,0,0,0,0,7,Medium,1,0
40,Caucasian,Male,5,F,Possession of Hydromorphone,0,0,0,1,1,Low,1,1
31,Caucasian,Male,0,F,Grand Theft in the 3rd Degree,0,0,0,0,1,Low,1,1
47,African-American,Male,3,F,Aggravated Assault W/Dead Weap,0,0,0,0,2,Low,1,1
24,African-American,Male,8,F,Possession of Cocaine,0,0,0,1,7,Medium,1,1
39,African-American,Male,4,F,Felony Petit Theft,0,0,0,0,9,High,1,1
29,African-American,Male,10,F,Driving While License Revoked,0,0,0,1,6,Medium,1,1
30,Hispanic,Male,2,F,Possession of Hydromorphone,0,0,0,0,2,Low,1,1
26,African-American,Female,4,F,Grand Theft (Motor Vehicle),0,0,0,1,9,High,1,0
61,African-American,Male,2,M,Battery,0,0,0,0,8,High,0,1
37,Hispanic,Male,3,M,Driving Under The Influence,0,0,0,0,4,Low,0,1
38,Other,Male,1,F,Possession Of Alprazolam,0,0,0,1,1,Low,1,1
30,African-American,Male,0,M,Driving License Suspended,0,0,0,0,9,High,0,1
20,African-American,Male,0,M,Assault,0,0,1,1,5,Medium,0,1
56,African-American,Male,22,F,Possession of Cocaine,0,0,0,1,9,High,1,1
50,Caucasian,Female,3,F,Possession of Cocaine,0,0,0,1,3,Low,1,0
47,Other,Male,0,F,Neglect Child / No Bodily Harm,0,0,0,0,1,Low,1,1
30,African-American,Male,10,F,arrest case no charge,0,0,0,1,6,Medium,1,1
59,African-American,Male,1,M,Battery,0,0,0,0,1,Low,0,1
20,African-American,Male,1,F,"Poss3,4 Methylenedioxymethcath",1,0,0,1,10,High,1,1
23,Caucasian,Male,4,M,Assault,0,1,0,1,9,High,0,1
28,Caucasian,Female,2,F,Possession of Cocaine,0,0,0,1,6,Medium,1,0
50,Hispanic,Male,3,F,Possession of Cocaine,0,0,0,1,9,High,1,1
35,Caucasian,Male,3,M,Battery,0,0,0,1,5,Medium,0,1
22,African-American,Male,1,F,Pos Cannabis W/Intent Sel/Del,0,0,0,1,9,High,1,1
41,Hispanic,Female,0,F,Grand Theft in the 3rd Degree,0,0,0,0,1,Low,1,0
22,African-American,Male,0,F,Purchase Cannabis,0,0,0,0,7,Medium,1,1
61,African-American,Male,8,F,Possession of Cocaine,0,0,0,1,2,Low,1,1
26,African-American,Male,5,F,Driving While License Revoked,0,0,0,0,4,Low,1,1
44,Caucasian,Male,1,F,Burglary Dwelling Occupied,0,0,0,0,5,Medium,1,1
34,African-American,Female,0,M,Battery,0,0,0,1,1,Low,0,0
29,Caucasian,Male,1,F,Grand Theft in the 3rd Degree,0,0,0,1,2,Low,1,1
29,African-American,Male,8,M,Susp Drivers Lic 1st Offense,0,0,0,0,9,High,0,1
48,African-American,Male,5,F,Possession of Cocaine,0,0,0,1,4,Low,1,1
31,African-American,Female,0,M,Leaving Acc/Unattended Veh,0,0,0,0,6,Medium,0,0
21,Caucasian,Male,2,F,arrest case no charge,0,0,0,0,6,Medium,1,1
34,Caucasian,Male,4,F,Driving While License Revoked,0,0,0,0,5,Medium,1,1
54,African-American,Male,21,F,Possession of Cocaine,0,0,0,0,6,Medium,1,1
20,Caucasian,Male,4,F,Grand Theft (Motor Vehicle),0,4,0,0,10,High,1,1
31,Caucasian,Male,1,F,Stalking (Aggravated),0,0,0,1,3,Low,1,1
22,Caucasian,Male,0,M,DUI - Enhanced,0,0,0,0,4,Low,0,1
36,African-American,Male,6,M,Battery,0,0,0,0,4,Low,0,1
34,African-American,Male,9,F,False Imprisonment,3,1,0,1,7,Medium,1,1
50,African-American,Male,15,M,Battery,0,0,0,0,8,High,0,1
47,Native American,Male,22,F,Possession of Cocaine,4,0,0,1,10,High,1,1
49,Other,Female,0,M,Battery,0,0,0,0,1,Low,0,0
31,African-American,Male,1,M,Driving License Suspended,0,0,0,0,4,Low,0,1
49,African-American,Male,10,F,Grand Theft in the 3rd Degree,0,0,0,1,3,Low,1,1
21,African-American,Male,2,F,arrest case no charge,1,0,1,0,9,High,1,1
26,African-American,Female,5,F,Uttering a Forged Instrument,0,0,0,1,7,Medium,1,0
29,Other,Male,0,F,Burglary Dwelling Occupied,0,0,0,0,2,Low,1,1
61,Hispanic,Male,0,F,arrest case no charge,0,0,0,0,1,Low,1,1
25,Caucasian,Female,2,F,Crim Use of Personal ID Info,0,0,0,1,9,High,1,0
38,Caucasian,Male,5,F,Driving While License Revoked,0,0,0,0,4,Low,1,1
35,Caucasian,Male,2,M,Battery,0,0,0,0,1,Low,0,1
55,Other,Male,8,F,Uttering Worthless Check +$150,0,0,0,1,1,Low,1,1
32,African-American,Male,4,F,Felony Battery w/Prior Convict,0,0,0,1,4,Low,1,1
29,Caucasian,Male,1,F,arrest case no charge,0,0,0,0,2,Low,1,1
46,Caucasian,Male,0,F,Possession Of Methamphetamine,0,0,0,0,1,Low,1,1
53,Caucasian,Male,1,M,Battery,0,0,0,0,5,Medium,0,1
27,Caucasian,Female,1,F,arrest case no charge,0,0,0,1,5,Medium,1,0
29,Caucasian,Male,4,F,Possession of Cocaine,0,0,0,0,8,High,1,1
26,Other,Male,0,F,Burglary Unoccupied Dwelling,0,0,0,1,1,Low,1,1
23,African-American,Male,3,M,Battery,0,0,0,1,2,Low,0,1
43,Hispanic,Male,3,M,Battery,0,0,0,1,3,Low,0,1
24,Caucasian,Male,1,M,Battery,0,0,0,0,2,Low,0,1
33,African-American,Male,18,F,Grand Theft (Motor Vehicle),0,0,0,1,10,High,1,1
32,African-American,Male,1,M,Assault,0,0,0,1,6,Medium,0,1
38,African-American,Female,7,F,Grand Theft in the 3rd Degree,0,0,0,1,10,High,1,0
40,African-American,Male,20,F,Driving While License Revoked,0,0,0,0,7,Medium,1,1
36,African-American,Female,1,M,Battery,0,0,0,0,1,Low,0,0
34,African-American,Male,16,F,Possession of Cannabis,0,0,0,1,9,High,1,1
41,Caucasian,Male,1,M,Lve/Scen/Acc/Veh/Prop/Damage,0,0,0,1,2,Low,0,1
57,Caucasian,Male,7,F,arrest case no charge,0,0,0,0,1,Low,1,1
26,African-American,Male,1,F,arrest case no charge,0,0,0,0,5,Medium,1,1
45,African-American,Male,0,F,Possession of Cocaine,0,0,0,1,3,Low,1,1
26,African-American,Male,2,F,Driving While License Revoked,0,0,1,0,3,Low,1,1
48,Caucasian,Female,0,F,Grand Theft in the 3rd Degree,0,0,0,0,1,Low,1,0
52,Caucasian,Male,7,M,Battery,0,0,0,0,2,Low,0,1
22,Hispanic,Male,2,F,arrest case no charge,0,0,0,1,3,Low,1,1
43,African-American,Female,0,M,Battery,0,0,0,0,1,Low,0,0
24,Caucasian,Male,3,F,Possession of Cocaine,0,0,0,0,5,Medium,1,1
27,African-American,Male,11,F,Driving While License Revoked,0,0,0,1,7,Medium,1,1
23,Hispanic,Male,2,F,Grand Theft in the 3rd Degree,0,1,0,0,9,High,1,1
28,African-American,Male,2,F,Poss Cocaine/Intent To Del/Sel,0,0,0,1,6,Medium,1,1
21,African-American,Male,0,F,Grand Theft in the 3rd Degree,0,0,0,0,5,Medium,1,1
33,African-American,Male,5,M,Battery,0,0,0,1,9,High,0,1
25,African-American,Male,1,F,Pos Cannabis W/Intent Sel/Del,0,0,0,1,8,High,1,1
36,African-American,Male,17,F,arrest case no charge,0,2,0,1,8,High,1,1
25,Caucasian,Female,0,F,Possession Of Alprazolam,0,0,0,0,5,Medium,1,0
46,Caucasian,Male,0,M,DOC/Cause Public Danger,0,0,0,0,5,Medium,0,1
24,African-American,Female,0,F,arrest case no charge,0,0,0,0,7,Medium,1,0
28,African-American,Male,4,F,Battery on a Person Over 65,0,0,0,1,7,Medium,1,1
28,African-American,Male,12,M,Criminal Mischief Damage <$200,0,0,1,1,7,Medium,0,1
23,African-American,Male,0,M,Disorderly Conduct,0,0,0,1,3,Low,0,1
24,Other,Male,0,M,Possess Cannabis/20 Grams Or Less,0,0,0,0,3,Low,0,1
40,Hispanic,Male,0,M,Driving Under The Influence,0,0,0,0,3,Low,0,1
36,Hispanic,Male,1,M,Battery,0,0,0,0,2,Low,0,1
50,Caucasian,Male,1,M,Prowling/Loitering,0,0,0,1,6,Medium,0,1
24,Caucasian,Male,0,M,Battery,0,0,0,0,2,Low,0,1
55,African-American,Female,2,F,Aggrav Battery w/Deadly Weapon,0,0,0,0,1,Low,1,0
22,African-American,Male,0,F,"Poss3,4 Methylenedioxymethcath",0,0,0,1,7,Medium,1,1
38,African-American,Male,14,F,Grand Theft in the 3rd Degree,0,0,0,0,7,Medium,1,1
31,African-American,Male,1,F,Driving While License Revoked,0,0,0,0,1,Low,1,1
30,African-American,Female,3,F,Felony Driving While Lic Suspd,0,0,0,0,2,Low,1,0
37,African-American,Male,16,F,arrest case no charge,0,0,0,1,8,High,1,1
41,Caucasian,Female,1,M,Battery,0,0,0,0,2,Low,0,0
20,African-American,Male,0,F,Deliver Cannabis 1000FTSch,0,0,0,1,5,Medium,1,1
21,Caucasian,Male,0,M,Battery,0,0,0,1,4,Low,0,1
22,Caucasian,Male,1,M,Battery,0,0,0,0,5,Medium,0,1
38,African-American,Male,7,M,Battery,0,0,0,0,6,Medium,0,1
31,African-American,Male,0,F,Forging Bank Bills/Promis Note,0,0,0,0,5,Medium,1,1
28,Caucasian,Male,0,F,Possession Of Methamphetamine,0,0,0,0,7,Medium,1,1
21,Hispanic,Male,2,F,Burglary Dwelling Occupied,0,1,0,1,7,Medium,1,1
39,African-American,Male,1,F,Unlawful Conveyance of Fuel,0,0,0,0,8,High,1,1
34,African-American,Male,22,F,Driving While License Revoked,0,0,0,1,7,Medium,1,1
45,Hispanic,Male,0,M,Battery,0,0,0,0,1,Low,0,1
24,African-American,Male,0,M,Battery,0,0,0,1,9,High,0,1
27,African-American,Male,9,F,Poss Contr Subst W/o Prescript,0,0,0,1,7,Medium,1,1
30,Hispanic,Male,0,F,arrest case no charge,0,0,0,0,1,Low,1,1
43,African-American,Male,2,F,arrest case no charge,0,0,0,0,1,Low,1,1
26,African-American,Male,1,F,Deliver Cocaine,0,0,0,0,4,Low,1,1
32,African-American,Male,7,F,arrest case no charge,0,3,0,0,2,Low,1,1
57,Caucasian,Female,2,F,Possession of Cocaine,0,0,0,0,1,Low,1,0
40,Caucasian,Female,0,M,DUI Level 0.15 Or Minor In Veh,0,0,0,0,1,Low,0,0
33,Caucasian,Male,6,F,Grand Theft in the 3rd Degree,0,0,0,1,6,Medium,1,1
30,African-American,Male,2,F,Possession of Cocaine,0,0,0,1,5,Medium,1,1
29,Caucasian,Male,1,M,Leave Acc/Attend Veh/More $50,0,0,0,0,10,High,0,1
36,African-American,Male,2,M,DUI Level 0.15 Or Minor In Veh,0,0,0,0,2,Low,0,1
35,African-American,Male,6,F,arrest case no charge,0,0,0,1,8,High,1,1
49,Hispanic,Male,0,M,Viol Injunction Protect Dom Vi,0,0,0,0,2,Low,0,1
26,Hispanic,Male,5,F,arrest case no charge,0,0,0,1,9,High,1,1
21,African-American,Male,2,F,Aggravated Assault w/Firearm,0,1,0,1,5,Medium,1,1
49,African-American,Male,29,F,Felony Driving While Lic Suspd,0,0,0,1,6,Medium,1,1
37,African-American,Female,23,M,Battery,0,0,0,1,8,High,0,0
33,Hispanic,Male,0,M,Battery,0,0,0,0,2,Low,0,1
29,African-American,Male,3,F,Pos Cannabis W/Intent Sel/Del,0,0,0,1,2,Low,1,1
25,African-American,Male,1,F,"Poss 3,4 MDMA (Ecstasy)",0,0,1,1,5,Medium,1,1
20,African-American,Male,2,F,arrest case no charge,0,0,0,1,8,High,1,1
55,African-American,Male,5,F,Possession of Cocaine,0,0,0,0,4,Low,1,1
26,Caucasian,Male,0,M,DUI Property Damage/Injury,0,0,0,0,4,Low,0,1
52,Caucasian,Female,6,F,arrest case no charge,0,0,0,0,1,Low,1,0
52,African-American,Male,16,F,arrest case no charge,0,0,0,1,8,High,1,1
27,Hispanic,Male,1,F,Grand Theft in the 3rd Degree,0,0,0,1,7,Medium,1,1
60,Caucasian,Male,2,M,DUI Property Damage/Injury,0,0,0,0,2,Low,0,1
44,Caucasian,Male,0,M,Viol Injunct Domestic Violence,0,0,0,0,2,Low,0,1
30,Hispanic,Male,1,F,Aggravated Assault W/Dead Weap,0,0,0,0,2,Low,1,1
25,African-American,Female,2,M,Battery,0,0,0,0,4,Low,0,0
20,Caucasian,Female,4,F,arrest case no charge,0,0,0,1,8,High,1,0
28,Caucasian,Male,3,F,Possession of Oxycodone,0,0,0,1,7,Medium,1,1
22,Caucasian,Male,1,F,Solicitation On Felony 3 Deg,0,0,0,0,6,Medium,1,1
24,Caucasian,Male,1,F,Possession of Cannabis,0,0,0,1,8,High,1,1
28,African-American,Female,0,F,Arson in the First Degree,0,0,0,0,3,Low,1,0
35,African-American,Male,10,F,arrest case no charge,0,0,0,1,6,Medium,1,1
30,Caucasian,Male,0,M,Battery,0,0,0,0,1,Low,0,1
22,African-American,Male,0,F,Burglary Conveyance Unoccup,0,0,2,1,3,Low,1,1
39,African-American,Male,9,F,"Poss3,4 Methylenedioxymethcath",0,0,0,0,5,Medium,1,1
46,Other,Female,1,F,arrest case no charge,0,0,0,0,1,Low,1,0
47,Other,Male,3,M,Criminal Mischief>$200<$1000,0,0,0,0,2,Low,0,1
26,African-American,Male,5,M,Aggravated Battery,0,0,0,0,7,Medium,0,1
23,African-American,Female,0,F,Burglary Conveyance Unoccup,0,0,0,0,3,Low,1,0
52,African-American,Female,0,F,Felony Driving While Lic Suspd,0,0,0,1,7,Medium,1,0
22,African-American,Female,0,M,Battery,0,0,5,1,5,Medium,0,0
54,Caucasian,Male,0,F,Corrupt Public Servant,0,0,0,0,2,Low,1,1
50,African-American,Male,2,M,Disorderly Intoxication,0,0,0,0,6,Medium,0,1
20,African-American,Male,2,F,Grand Theft in the 3rd Degree,0,0,4,1,5,Medium,1,1
25,Caucasian,Male,1,F,"Poss3,4 Methylenedioxymethcath",0,0,0,0,3,Low,1,1
46,Caucasian,Female,0,F,Cruelty Toward Child,0,0,0,0,1,Low,1,0
22,Caucasian,Male,0,M,Battery,0,0,0,0,4,Low,0,1
38,Caucasian,Male,10,F,Burglary Structure Unoccup,1,0,0,1,4,Low,1,1
36,Hispanic,Female,9,F,Felony Driving While Lic Suspd,0,0,0,1,1,Low,1,0
34,African-American,Female,5,F,Driving While License Revoked,0,0,0,1,2,Low,1,0
18,African-American,Male,4,F,arrest case no charge,5,0,2,1,5,Medium,1,1
26,Caucasian,Female,3,F,Possession Of Alprazolam,0,0,0,1,6,Medium,1,0
23,Caucasian,Female,0,F,Possession Of Methamphetamine,0,0,0,0,6,Medium,1,0
32,Hispanic,Female,8,M,Prostitution/Lewd Act Assignation,0,0,1,1,5,Medium,0,0
44,Caucasian,Male,1,M,Driving Under The Influence,0,0,0,1,1,Low,0,1
53,Caucasian,Male,9,F,Grand Theft in the 3rd Degree,0,0,0,1,4,Low,1,1
27,African-American,Male,4,F,Poss Pyrrolidinovalerophenone,0,0,0,1,4,Low,1,1
25,Caucasian,Male,2,F,Possession of Cocaine,0,0,0,0,6,Medium,1,1
19,Caucasian,Male,1,F,Possession of Cocaine,0,1,3,1,10,High,1,1
53,Caucasian,Male,0,F,Aggravated Assault W/dead Weap,0,0,0,0,2,Low,1,1
39,African-American,Male,0,M,Resist/Obstruct W/O Violence,0,0,0,0,3,Low,0,1
37,Other,Male,2,F,arrest case no charge,0,0,0,1,4,Low,1,1
27,African-American,Male,6,F,Possession of Cocaine,1,0,0,1,8,High,1,1
21,African-American,Female,2,F,Grand Theft in the 3rd Degree,0,0,0,1,10,High,1,0
24,African-American,Female,7,F,Grand Theft in the 3rd Degree,0,0,0,0,9,High,1,0
33,Caucasian,Male,0,M,Battery,0,0,0,0,1,Low,0,1
24,Caucasian,Female,1,M,DUI Level 0.15 Or Minor In Veh,0,0,4,0,4,Low,0,0
46,Caucasian,Male,1,F,Possession of Oxycodone,0,0,0,0,1,Low,1,1
32,Hispanic,Male,7,F,Driving While License Revoked,0,0,0,0,7,Medium,1,1
24,Hispanic,Male,2,F,Lewd/Lasc Battery Pers 12+/<16,0,0,0,0,3,Low,1,1
38,Caucasian,Female,0,F,Burglary Assault/Battery Armed,0,0,0,0,1,Low,1,0
30,African-American,Male,13,F,Grand Theft (Motor Vehicle),0,2,2,1,10,High,1,1
26,African-American,Male,27,M,Battery,0,2,2,1,9,High,0,1
57,Caucasian,Male,2,F,Lewd/Lasc Exhib Presence <16yr,0,0,0,0,1,Low,1,1
43,Caucasian,Male,0,F,arrest case no charge,0,0,0,0,1,Low,1,1
22,African-American,Male,0,M,Possess Cannabis/20 Grams Or Less,0,0,0,0,6,Medium,0,1
28,African-American,Female,9,M,arrest case no charge,0,0,0,1,9,High,0,0
51,Caucasian,Male,3,F,Felony DUI (level 3),0,0,0,0,4,Low,1,1
41,Hispanic,Male,3,F,Felony Driving While Lic Suspd,0,0,0,0,1,Low,1,1
24,Caucasian,Male,1,F,Del Cannabis For Consideration,0,0,0,0,7,Medium,1,1
48,African-American,Male,3,F,Child Abuse,0,0,0,1,2,Low,1,1
26,Caucasian,Male,0,M,Driving License Suspended,0,0,0,1,3,Low,0,1
31,African-American,Male,6,F,Felony Driving While Lic Suspd,0,0,0,1,2,Low,1,1
27,African-American,Male,6,M,arrest case no charge,1,2,1,0,10,High,0,1
25,African-American,Male,0,M,Assault,0,0,0,0,4,Low,0,1
56,Caucasian,Male,3,M,Battery,0,0,0,0,3,Low,0,1
29,African-American,Female,1,M,Battery,0,0,0,0,4,Low,0,0
30,Caucasian,Female,3,F,arrest case no charge,0,0,0,1,3,Low,1,0
21,African-American,Male,0,F,Attempted Robbery  No Weapon,0,0,0,0,8,High,1,1
22,Caucasian,Male,1,F,Burglary Conveyance Unoccup,0,0,0,1,4,Low,1,1
28,African-American,Female,0,M,Battery,0,0,0,0,2,Low,0,0
35,African-American,Male,2,F,Sell or Offer for Sale Counterfeit Goods,0,0,0,0,1,Low,1,1
23,Caucasian,Male,0,F,Fleeing or Eluding a LEO,0,0,0,0,2,Low,1,1
48,African-American,Male,4,F,arrest case no charge,0,0,0,0,8,High,1,1
22,Caucasian,Male,4,M,Battery,0,1,2,1,8,High,0,1
37,African-American,Male,2,F,arrest case no charge,0,0,0,0,9,High,1,1
33,African-American,Male,0,F,Aggravated Assault W/Dead Weap,0,0,0,0,1,Low,1,1
23,African-American,Male,5,F,False Imprisonment,0,0,1,1,7,Medium,1,1
22,African-American,Male,0,M,Battery,0,0,1,1,7,Medium,0,1
24,African-American,Male,0,F,"Poss3,4 Methylenedioxymethcath",0,0,0,0,4,Low,1,1
44,African-American,Male,2,M,arrest case no charge,0,0,0,0,7,Medium,0,1
26,African-American,Female,0,M,Exposes Culpable Negligence,0,0,0,0,2,Low,0,0
29,African-American,Male,2,F,arrest case no charge,0,0,0,0,6,Medium,1,1
26,Hispanic,Male,0,F,Possession of Cannabis,0,0,1,0,2,Low,1,1
30,Caucasian,Male,1,M,Driving Under The Influence,0,0,0,0,1,Low,0,1
23,African-American,Male,1,F,Burglary Unoccupied Dwelling,0,0,0,1,6,Medium,1,1
42,Other,Male,1,F,Armed Trafficking in Cannabis,0,0,0,0,2,Low,1,1
28,African-American,Female,0,F,Burglary Dwelling Assault/Batt,0,0,0,1,3,Low,1,0
20,African-American,Male,0,F,Grand Theft in the 3rd Degree,0,0,0,0,3,Low,1,1
24,Caucasian,Female,7,M,Aggravated Battery / Pregnant,0,2,0,0,7,Medium,0,0
36,Other,Female,6,F,Possession of Cocaine,0,1,0,1,7,Medium,1,0
37,African-American,Male,6,F,Felony Driving While Lic Suspd,0,0,0,1,2,Low,1,1
21,African-American,Female,1,F,Grand Theft in the 3rd Degree,0,0,0,0,9,High,1,0
27,African-American,Male,8,F,Felony Battery w/Prior Convict,0,0,0,1,5,Medium,1,1
26,African-American,Male,2,F,Fleeing Or Attmp Eluding A Leo,0,0,0,1,4,Low,1,1
42,Caucasian,Male,0,M,Battery,0,0,0,0,1,Low,0,1
23,African-American,Male,8,F,Grand Theft in the 3rd Degree,0,0,0,1,10,High,1,1
55,Caucasian,Female,0,M,Battery,0,0,0,0,1,Low,0,0
24,Caucasian,Male,1,F,arrest case no charge,0,0,0,1,6,Medium,1,1
23,African-American,Male,0,M,Battery,0,0,0,0,4,Low,0,1
64,African-American,Female,0,F,Solicit Deliver Cocaine,0,0,0,0,1,Low,1,0
48,Other,Male,0,M,Battery,0,0,0,0,1,Low,0,1
39,African-American,Female,0,F,Grand Theft (Motor Vehicle),0,0,0,1,5,Medium,1,0
30,Caucasian,Male,0,M,DUI Property Damage/Injury,0,0,0,0,2,Low,0,1
22,African-American,Female,1,M,Battery,0,0,0,0,4,Low,0,0
20,African-American,Male,2,F,arrest case no charge,0,0,0,1,6,Medium,1,1
21,African-American,Male,0,F,Grand Theft in the 3rd Degree,0,0,0,1,4,Low,1,1
24,Caucasian,Male,0,F,Poss Meth/Diox/Meth/Amp (MDMA),0,0,0,0,4,Low,1,1
30,African-American,Male,3,M,Battery,0,0,0,0,7,Medium,0,1
51,African-American,Male,12,F,Possession of Cocaine,0,0,0,1,8,High,1,1
21,African-American,Male,1,F,arrest case no charge,1,0,2,1,10,High,1,1
31,African-American,Male,1,F,Poss Unlaw Issue Driver Licenc,0,0,0,0,10,High,1,1
23,African-American,Male,2,M,Trespass On School Grounds,0,0,0,1,7,Medium,0,1
23,Hispanic,Male,0,M,Possess Cannabis/20 Grams Or Less,0,0,0,0,7,Medium,0,1
32,African-American,Male,4,F,Burglary Unoccupied Dwelling,0,0,0,1,4,Low,1,1
28,African-American,Male,11,F,Neglect Child / No Bodily Harm,0,0,0,1,6,Medium,1,1
24,African-American,Male,0,F,Burglary Unoccupied Dwelling,0,0,1,0,2,Low,1,1
19,African-American,Female,1,F,arrest case no charge,0,0,0,1,4,Low,1,0
31,Other,Male,1,M,Battery,0,0,0,0,1,Low,0,1
29,African-American,Male,3,F,arrest case no charge,0,0,0,1,4,Low,1,1
41,African-American,Male,6,F,Grand Theft in the 3rd Degree,0,0,0,1,6,Medium,1,1
28,African-American,Male,4,M,Battery,0,0,0,1,3,Low,0,1
29,Caucasian,Male,6,F,Uttering a Forged Instrument,0,0,0,1,4,Low,1,1
49,Caucasian,Male,0,F,Offer Agree Secure/Lewd Act,0,0,0,0,5,Medium,1,1
42,Caucasian,Male,0,M,Battery,0,0,0,0,1,Low,0,1
38,African-American,Male,4,M,Battery,0,0,0,0,2,Low,0,1
22,African-American,Male,3,F,Burglary Dwelling Occupied,0,0,1,1,6,Medium,1,1
46,Caucasian,Male,0,M,Battery,0,0,0,1,2,Low,0,1
38,African-American,Male,0,F,Cruelty Toward Child,0,0,0,1,3,Low,1,1
36,African-American,Male,0,F,Possession of Cannabis,0,0,0,0,6,Medium,1,1
22,Caucasian,Male,6,F,Crimin Mischief Damage $1000+,0,0,0,1,9,High,1,1
29,African-American,Male,11,M,Operating W/O Valid License,0,0,0,0,10,High,0,1
39,African-American,Male,2,M,Driving Under The Influence,0,0,0,0,2,Low,0,1
47,Caucasian,Male,0,M,Battery,0,0,0,0,2,Low,0,1
26,African-American,Male,7,F,Grand Theft in the 3rd Degree,0,0,0,1,10,High,1,1
21,African-American,Female,0,F,Burglary Dwelling Assault/Batt,0,0,0,1,5,Medium,1,0
63,African-American,Male,2,M,Viol Injunct Domestic Violence,0,0,0,0,1,Low,0,1
27,African-American,Male,2,F,Possession of Cocaine,0,0,0,1,2,Low,1,1
55,Caucasian,Male,27,M,Battery,0,0,0,0,5,Medium,0,1
54,Other,Male,2,M,Battery,0,0,0,1,2,Low,0,1
26,Caucasian,Male,0,F,Harm Public Servant Or Family,0,0,0,1,5,Medium,1,1
37,Caucasian,Male,1,M,Battery,0,0,0,0,2,Low,0,1
34,African-American,Male,0,F,Grand Theft in the 3rd Degree,0,0,0,0,1,Low,1,1
48,Hispanic,Female,4,F,arrest case no charge,0,0,0,1,1,Low,1,0
25,African-American,Male,2,F,Possession Of Methamphetamine,1,1,0,1,7,Medium,1,1
57,Other,Male,0,F,Agg Assault W/int Com Fel Dome,0,0,0,0,1,Low,1,1
21,Hispanic,Male,0,F,Burglary Conveyance Unoccup,0,0,0,1,3,Low,1,1
32,African-American,Male,8,F,Uttering a Forged Instrument,0,0,1,0,9,High,1,1
25,African-American,Female,5,F,Agg Battery Grt/Bod/Harm,0,0,0,1,9,High,1,0
33,African-American,Female,2,F,Grand Theft (Motor Vehicle),0,0,0,1,3,Low,1,0
26,African-American,Male,2,F,Grand Theft in the 3rd Degree,0,0,0,1,5,Medium,1,1
29,African-American,Male,2,M,Petit Theft,0,0,0,0,4,Low,0,1
28,Caucasian,Male,6,M,arrest case no charge,0,0,0,1,4,Low,0,1
53,African-American,Male,20,F,arrest case no charge,0,0,0,0,5,Medium,1,1
57,Hispanic,Male,1,M,DUI Level 0.15 Or Minor In Veh,0,0,0,0,1,Low,0,1
27,Caucasian,Male,0,F,Burglary Dwelling Armed,0,0,0,0,2,Low,1,1
48,Caucasian,Male,0,F,Possession of Cocaine,0,0,0,0,2,Low,1,1
29,Hispanic,Male,0,M,Disorderly Conduct,0,0,0,1,2,Low,0,1
25,Caucasian,Male,1,M,Battery,0,0,0,1,4,Low,0,1
67,Caucasian,Male,0,F,Cruelty Toward Child,0,0,0,0,1,Low,1,1
29,African-American,Male,2,M,Agg Fleeing and Eluding,0,0,1,0,5,Medium,0,1
53,African-American,Female,3,F,Grand Theft in the 3rd Degree,0,0,0,0,2,Low,1,0
49,African-American,Male,0,F,Possession of Cocaine,0,0,0,0,1,Low,1,1
44,Caucasian,Female,0,M,Driving Under The Influence,0,0,0,0,1,Low,0,0
55,Hispanic,Female,0,F,Aggravated Battery / Pregnant,0,0,0,0,1,Low,1,0
26,African-American,Male,10,F,Resist Officer w/Violence,1,0,0,1,8,High,1,1
46,African-American,Male,0,M,Battery,0,0,0,0,1,Low,0,1
30,Caucasian,Male,1,F,Possession of Cocaine,0,0,0,1,3,Low,1,1
48,African-American,Female,0,F,Tampering With Physical Evidence,0,0,0,1,6,Medium,1,0
77,African-American,Male,1,M,Driving License Suspended,0,0,0,1,1,Low,0,1
21,African-American,Male,2,F,Grand Theft in the 3rd Degree,0,2,2,1,10,High,1,1
54,African-American,Male,4,F,Sex Batt Faml/Cust Vict 12-17Y,0,0,0,1,3,Low,1,1
54,Caucasian,Male,3,F,Manufacture Cannabis,0,0,0,0,2,Low,1,1
26,African-American,Male,15,F,arrest case no charge,0,0,0,0,9,High,1,1
23,African-American,Male,8,F,Burglary Structure Unoccup,0,1,1,1,9,High,1,1
39,Caucasian,Male,2,F,arrest case no charge,0,0,0,0,2,Low,1,1
35,Hispanic,Male,13,F,Driving While License Revoked,0,0,0,0,7,Medium,1,1
29,African-American,Male,1,M,Battery,0,0,0,1,1,Low,0,1
30,African-American,Male,9,M,Viol Prot Injunc Repeat Viol,1,0,0,1,4,Low,0,1
41,African-American,Male,6,F,Poss Cocaine/Intent To Del/Sel,0,0,0,0,3,Low,1,1
32,African-American,Male,1,M,Battery,0,0,0,0,10,High,0,1
48,African-American,Male,12,M,arrest case no charge,0,0,0,0,6,Medium,0,1
52,African-American,Male,0,M,Battery,0,0,0,1,6,Medium,0,1
31,African-American,Male,3,F,Grand Theft in the 3rd Degree,0,1,0,1,1,Low,1,1
22,Caucasian,Male,1,F,Possession Of Alprazolam,0,0,3,1,5,Medium,1,1
46,Caucasian,Female,0,M,DUI Level 0.15 Or Minor In Veh,0,0,0,0,1,Low,0,0
29,African-American,Male,7,F,Poss Tetrahydrocannabinols,0,0,0,1,4,Low,1,1
22,African-American,Female,0,F,Grand Theft in the 3rd Degree,0,0,0,0,7,Medium,1,0
39,African-American,Male,8,F,Lewd or Lascivious Molestation,0,0,0,0,4,Low,1,1
35,African-American,Male,9,F,Possession of Cannabis,0,0,0,0,6,Medium,1,1
26,African-American,Male,1,M,Battery,0,0,0,0,1,Low,0,1
27,African-American,Male,1,F,Crim Use of Personal ID Info,0,0,0,0,2,Low,1,1
27,African-American,Male,5,F,arrest case no charge,0,0,0,1,10,High,1,1
34,Caucasian,Female,10,F,Possession of Cocaine,0,0,0,1,9,High,1,0
32,African-American,Female,0,M,Battery,0,0,0,1,1,Low,0,0
25,African-American,Male,5,F,arrest case no charge,0,0,1,1,9,High,1,1
22,Caucasian,Male,2,M,Battery,0,0,1,1,5,Medium,0,1
52,African-American,Male,7,F,Possession of Cocaine,0,0,0,1,9,High,1,1
21,African-American,Male,2,F,Tampering With Physical Evidence,0,0,0,1,10,High,1,1
28,African-American,Male,11,F,Burglary Conveyance Unoccup,0,1,0,1,9,High,1,1
26,Hispanic,Male,0,F,Grand Theft in the 3rd Degree,0,0,0,0,6,Medium,1,1
23,Caucasian,Male,4,M,Battery,0,1,0,1,4,Low,0,1
31,African-American,Male,1,M,Battery,0,0,0,0,1,Low,0,1
34,Caucasian,Male,1,M,Battery,0,0,0,0,5,Medium,0,1
32,African-American,Male,0,M,Possession of Cannabis,0,0,0,0,4,Low,0,1
50,Caucasian,Female,0,M,Driving Under The Influence,0,0,0,1,3,Low,0,0
27,African-American,Male,1,M,Burglary Unoccupied Dwelling,0,0,0,0,5,Medium,0,1
26,African-American,Female,4,F,arrest case no charge,0,1,0,0,3,Low,1,0
27,African-American,Male,4,F,Aggravated Assault W/Dead Weap,1,0,0,1,5,Medium,1,1
29,Caucasian,Male,0,F,Aggravated Assault W/dead Weap,0,0,0,1,3,Low,1,1
58,African-American,Male,0,M,DUI Level 0.15 Or Minor In Veh,0,0,0,0,1,Low,0,1
27,African-American,Male,14,F,False Imprisonment,2,0,0,1,10,High,1,1
28,African-American,Male,5,F,Driving While License Revoked,0,0,0,1,5,Medium,1,1
24,African-American,Male,15,F,Deliver Cocaine,0,5,1,1,10,High,1,1
50,Caucasian,Male,0,M,DUI - Enhanced,0,0,0,0,1,Low,0,1
30,African-American,Female,15,F,Possession of Cocaine,0,0,0,1,9,High,1,0
46,Hispanic,Male,0,F,Grand Theft in the 3rd Degree,0,0,0,0,1,Low,1,1
43,Caucasian,Male,0,F,Grand Theft in the 3rd Degree,0,0,0,1,1,Low,1,1
24,Caucasian,Male,0,F,arrest case no charge,0,0,0,1,2,Low,1,1
34,African-American,Male,10,F,Aggravated Assault W/dead Weap,0,0,0,0,7,Medium,1,1
26,Caucasian,Male,2,F,Possession Burglary Tools,0,0,0,0,2,Low,1,1
31,Caucasian,Male,0,F,Possession Of Methamphetamine,0,0,0,0,1,Low,1,1
23,African-American,Male,1,F,Grand Theft in the 3rd Degree,0,0,3,1,3,Low,1,1
39,African-American,Male,0,F,Kidnapping / Domestic Violence,0,0,0,0,1,Low,1,1
50,African-American,Male,4,F,Driving While License Revoked,0,0,0,1,1,Low,1,1
22,African-American,Female,0,M,Battery,0,0,0,0,6,Medium,0,0
25,African-American,Female,0,M,Battery,0,0,0,0,2,Low,0,0
21,African-American,Female,2,F,Crimin Mischief Damage $1000+,0,1,0,0,9,High,1,0
20,Caucasian,Male,1,F,Possession of Cannabis,0,0,0,0,4,Low,1,1
54,African-American,Male,12,M,Battery,0,0,0,1,5,Medium,0,1
27,African-American,Female,2,F,Felony Petit Theft,0,0,0,1,6,Medium,1,0
45,Caucasian,Male,5,F,Possession of Methadone,0,0,0,1,5,Medium,1,1
34,African-American,Male,13,F,arrest case no charge,3,1,0,1,7,Medium,1,1
55,Caucasian,Female,0,F,Battery on a Person Over 65,0,0,0,0,1,Low,1,0
24,African-American,Male,0,M,Battery,0,0,0,0,2,Low,0,1
20,African-American,Male,0,F,Possession of Cocaine,0,0,1,1,10,High,1,1
37,African-American,Male,5,M,Battery,0,0,0,1,5,Medium,0,1
34,Caucasian,Female,1,M,Battery,0,0,0,0,1,Low,0,0
41,African-American,Female,2,F,Aggravated Assault W/dead Weap,0,0,0,1,6,Medium,1,0
21,African-American,Male,1,F,arrest case no charge,0,0,0,1,6,Medium,1,1
22,African-American,Male,3,F,Burglary Unoccupied Dwelling,0,0,0,1,3,Low,1,1
24,African-American,Male,0,F,Grand Theft in the 3rd Degree,0,0,0,0,8,High,1,1
42,Caucasian,Male,8,F,Agg Fleeing and Eluding,0,0,0,0,4,Low,1,1
23,African-American,Female,0,M,Battery,0,0,0,1,4,Low,0,0
20,Caucasian,Male,0,M,Battery,0,0,0,0,4,Low,0,1
44,Caucasian,Female,0,F,Grand Theft in the 3rd Degree,0,0,0,1,1,Low,1,0
20,African-American,Male,0,M,Assault,0,0,0,0,4,Low,0,1
27,African-American,Male,5,M,Driving License Suspended,0,0,0,0,5,Medium,0,1
20,Caucasian,Male,0,M,Battery,0,0,0,1,10,High,0,1
20,African-American,Male,0,F,Possession of Cannabis,0,0,0,0,6,Medium,1,1
28,Caucasian,Male,1,F,Poss Pyrrolidinovalerophenone,0,0,0,1,4,Low,1,1
29,African-American,Male,9,F,arrest case no charge,0,0,0,1,7,Medium,1,1
21,African-American,Male,0,F,Felony Battery,0,0,0,1,9,High,1,1
24,African-American,Female,2,F,Grand Theft in the 3rd Degree,0,0,0,1,6,Medium,1,0
21,Other,Male,0,F,Possession of Cocaine,0,0,0,1,4,Low,1,1
24,African-American,Female,0,F,Resist Officer w/Violence,0,0,0,0,5,Medium,1,0
23,African-American,Male,3,F,Possession Of Clonazepam,0,1,0,1,5,Medium,1,1
27,Caucasian,Male,0,F,Grand Theft in the 3rd Degree,0,0,0,0,4,Low,1,1
24,Caucasian,Male,0,F,Pos Cannabis W/Intent Sel/Del,0,0,0,0,4,Low,1,1
31,African-American,Male,6,M,Battery,0,1,0,1,6,Medium,0,1
22,African-American,Male,0,F,Dealing in Stolen Property,0,0,0,1,4,Low,1,1
54,Caucasian,Male,0,F,Battery on Law Enforc Officer,0,0,0,0,1,Low,1,1
35,African-American,Female,7,F,arrest case no charge,0,0,0,1,6,Medium,1,0
53,African-American,Female,0,F,Dealing in Stolen Property,0,0,0,0,5,Medium,1,0
26,African-American,Male,9,M,Petit Theft,0,0,0,1,4,Low,0,1
48,African-American,Male,7,M,Susp Drivers Lic 1st Offense,0,0,0,1,4,Low,0,1
56,African-American,Female,2,M,Driving Under The Influence,0,0,0,1,1,Low,0,0
25,African-American,Male,6,F,"Poss 3,4 MDMA (Ecstasy)",0,0,0,1,7,Medium,1,1
49,Caucasian,Female,0,F,Resist Officer w/Violence,0,0,0,0,1,Low,1,0
34,Caucasian,Male,0,M,Susp Drivers Lic 1st Offense,0,0,0,1,2,Low,0,1
21,African-American,Male,0,M,Battery,0,0,0,1,6,Medium,0,1
23,Caucasian,Male,0,F,Trespassing/Construction Site,0,0,0,1,6,Medium,1,1
57,Caucasian,Male,0,F,arrest case no charge,0,0,0,0,1,Low,1,1
25,Caucasian,Male,5,F,Possession of Oxycodone,0,0,0,1,10,High,1,1
42,African-American,Female,1,F,Felony Driving While Lic Suspd,0,0,0,0,5,Medium,1,0
51,African-American,Male,1,F,Possession of Cocaine,0,0,0,0,5,Medium,1,1
31,Other,Male,5,M,Battery,0,1,0,0,2,Low,0,1
53,African-American,Male,13,M,arrest case no charge,0,0,0,0,5,Medium,0,1
43,African-American,Female,6,F,Grand Theft in the 3rd Degree,0,0,0,0,7,Medium,1,0
34,African-American,Male,0,F,Carrying Concealed Firearm,0,0,0,0,1,Low,1,1
27,Caucasian,Female,2,F,Grand Theft in the 3rd Degree,0,0,0,1,5,Medium,1,0
51,African-American,Male,0,M,Operating W/O Valid License,0,0,0,0,1,Low,0,1
26,Caucasian,Male,1,M,Operating W/O Valid License,0,0,0,0,4,Low,0,1
47,African-American,Male,5,F,Possession of Cocaine,0,0,0,0,6,Medium,1,1
22,Caucasian,Male,0,F,Grand Theft in the 3rd Degree,0,0,1,0,4,Low,1,1
36,Caucasian,Female,0,F,Possession of Cocaine,0,0,0,0,2,Low,1,0
36,Hispanic,Female,1,M,Battery,0,0,0,0,3,Low,0,0
41,Caucasian,Male,4,F,Possession Of Heroin,0,0,0,1,3,Low,1,1
25,African-American,Male,6,M,Viol Prot Injunc Repeat Viol,0,3,1,0,6,Medium,0,1
31,Hispanic,Female,2,F,Drivg While Lic Suspd/Revk/Can,0,0,0,1,3,Low,1,0
33,Caucasian,Male,0,M,Battery,0,0,0,0,1,Low,0,1
44,Caucasian,Female,3,F,Poss Pyrrolidinovalerophenone,0,0,0,1,2,Low,1,0
46,Caucasian,Male,0,F,Aggravated Assault W/dead Weap,0,0,0,1,2,Low,1,1
28,African-American,Female,1,F,Grand Theft (Motor Vehicle),0,0,0,0,2,Low,1,0
28,African-American,Male,5,F,arrest case no charge,1,0,0,1,5,Medium,1,1
66,African-American,Male,5,F,Possession of Cocaine,0,0,0,1,2,Low,1,1
20,Caucasian,Male,0,M,Possess Cannabis/20 Grams Or Less,0,0,0,0,3,Low,0,1
27,African-American,Male,2,F,Driving While License Revoked,0,0,0,0,3,Low,1,1
24,Other,Female,0,F,Grand Theft in the 3rd Degree,0,0,0,0,4,Low,1,0
25,African-American,Male,3,F,Aggravated Battery / Pregnant,0,0,0,1,3,Low,1,1
39,African-American,Female,1,F,arrest case no charge,0,0,0,0,5,Medium,1,0
41,African-American,Female,7,F,Possession of Cannabis,0,0,0,1,4,Low,1,0
26,African-American,Male,0,F,Crim Use of Personal ID Info,0,0,0,0,2,Low,1,1
25,African-American,Male,2,M,Operating W/O Valid License,0,0,0,1,5,Medium,0,1
55,Hispanic,Male,0,M,Battery,0,0,0,0,1,Low,0,1
22,African-American,Male,2,F,Grand Theft Dwell Property,0,0,0,1,9,High,1,1
29,Other,Female,2,M,Battery,0,0,0,1,2,Low,0,0
25,African-American,Male,7,F,Burglary Conveyance Unoccup,0,0,0,1,9,High,1,1
50,Hispanic,Male,5,F,Felony Driving While Lic Suspd,0,0,0,1,1,Low,1,1
20,Caucasian,Female,0,M,Battery,0,0,0,1,6,Medium,0,0
56,Caucasian,Male,5,M,arrest case no charge,0,0,0,0,7,Medium,0,1
25,African-American,Male,5,F,Pos Cannabis W/Intent Sel/Del,0,0,0,1,8,High,1,1
48,African-American,Female,1,F,Possess Controlled Substance,0,0,0,0,1,Low,1,0
21,African-American,Male,1,F,Burglary Unoccupied Dwelling,0,0,0,0,9,High,1,1
31,Caucasian,Male,2,M,Battery,0,0,0,1,1,Low,0,1
35,Caucasian,Male,0,M,Expired DL More Than 6 Months,0,0,0,0,2,Low,0,1
25,Hispanic,Male,6,M,Battery,0,0,0,1,7,Medium,0,1
34,African-American,Male,2,F,Carrying Concealed Firearm,0,0,0,1,3,Low,1,1
32,African-American,Male,0,F,Aggravated Battery / Pregnant,0,0,0,0,7,Medium,1,1
31,African-American,Female,1,F,Felony Battery (Dom Strang),0,0,0,1,3,Low,1,0
44,Hispanic,Female,0,M,Battery,0,0,0,0,1,Low,0,0
31,African-American,Male,11,M,Battery,0,0,0,1,7,Medium,0,1
28,African-American,Male,3,M,Petit Theft,0,0,0,1,2,Low,0,1
27,African-American,Female,10,F,arrest case no charge,0,1,0,1,9,High,1,0
24,African-American,Male,0,F,Deliver Cocaine,0,0,2,1,9,High,1,1
49,Caucasian,Male,0,F,Felony Driving While Lic Suspd,0,0,0,0,1,Low,1,1
40,Caucasian,Female,0,F,Possession of Cocaine,0,0,0,0,2,Low,1,0
22,African-American,Male,4,M,Driving License Suspended,0,0,0,0,6,Medium,0,1
28,African-American,Male,5,F,arrest case no charge,0,0,0,1,2,Low,1,1
24,African-American,Male,2,F,Possession of Hydromorphone,0,0,0,1,6,Medium,1,1
49,Caucasian,Male,1,M,Battery,0,0,0,0,1,Low,0,1
33,Caucasian,Male,0,M,Possess Cannabis/20 Grams Or Less,0,0,0,1,7,Medium,0,1
44,Caucasian,Male,0,F,Burglary Conveyance Unoccup,0,0,0,1,7,Medium,1,1
41,African-American,Male,12,F,Possession Of Alprazolam,0,0,3,1,6,Medium,1,1
46,Caucasian,Male,0,F,Manufacture Cannabis,0,0,0,0,1,Low,1,1
57,African-American,Male,2,M,arrest case no charge,0,0,0,0,1,Low,0,1
32,African-American,Male,0,F,Possession of Cannabis,0,0,0,0,9,High,1,1
36,African-American,Male,1,M,Battery,0,0,0,0,9,High,0,1
30,African-American,Male,1,M,Battery,0,0,0,0,8,High,0,1
28,African-American,Male,0,M,Manage Busn W/O City Occup Lic,0,0,0,0,2,Low,0,1
31,Caucasian,Male,3,M,Battery,0,0,0,1,4,Low,0,1
29,African-American,Male,8,F,Possession of Cocaine,1,0,0,1,10,High,1,1
21,African-American,Male,1,M,Burglary Unoccupied Dwelling,0,0,0,0,5,Medium,0,1
23,African-American,Male,5,F,Possession Burglary Tools,1,0,0,1,8,High,1,1
27,Other,Male,0,M,Battery,0,0,0,0,1,Low,0,1
25,Caucasian,Male,4,F,Possession Of Alprazolam,0,0,0,0,9,High,1,1
49,African-American,Female,25,F,Felony Petit Theft,0,0,0,1,10,High,1,0
35,Other,Male,2,F,Grand Theft in the 3rd Degree,0,0,0,0,5,Medium,1,1
35,Hispanic,Male,0,F,Tamper With Witness/Victim/CI,0,0,0,1,2,Low,1,1
25,African-American,Female,1,M,Battery,0,0,0,1,8,High,0,0
32,Hispanic,Male,2,M,arrest case no charge,1,0,0,1,7,Medium,0,1
35,African-American,Male,9,F,Tampering With Physical Evidence,0,0,0,0,6,Medium,1,1
32,African-American,Male,0,M,Operating W/O Valid License,0,0,0,0,9,High,0,1
23,African-American,Female,0,M,Disorderly Conduct,0,0,0,0,4,Low,0,0
23,African-American,Male,4,F,Burglary Unoccupied Dwelling,1,1,2,0,10,High,1,1
26,African-American,Female,0,M,Opert With Susp DL 2nd Offens,0,0,0,0,8,High,0,0
31,African-American,Male,9,F,Possession of Cocaine,0,0,0,1,8,High,1,1
22,African-American,Male,0,M,Battery,0,0,0,1,4,Low,0,1
20,Caucasian,Female,0,F,Poss Pyrrolidinovalerophenone,0,0,0,1,8,High,1,0
24,African-American,Male,1,F,Pos Cannabis W/Intent Sel/Del,0,0,0,0,3,Low,1,1
37,African-American,Male,0,M,Susp Drivers Lic 1st Offense,0,0,0,0,7,Medium,0,1
29,African-American,Male,0,F,Possession Of Methamphetamine,0,0,0,0,5,Medium,1,1
34,Other,Male,0,F,Felony Battery (Dom Strang),0,0,0,0,2,Low,1,1
29,African-American,Male,9,F,Deliver Cocaine 1000FT School,0,0,1,1,7,Medium,1,1
49,Caucasian,Male,3,F,Agg Battery Grt/Bod/Harm,0,0,0,0,1,Low,1,1
31,African-American,Male,2,F,arrest case no charge,0,0,0,0,2,Low,1,1
59,Caucasian,Male,0,M,Battery,0,0,0,0,1,Low,0,1
39,African-American,Male,2,M,Resist/Obstruct W/O Violence,0,0,0,1,1,Low,0,1
23,African-American,Male,1,F,Possession Burglary Tools,0,0,1,0,5,Medium,1,1
27,African-American,Male,3,F,arrest case no charge,0,0,0,1,1,Low,1,1
22,African-American,Male,1,F,Uttering a Forged Instrument,0,0,0,0,9,High,1,1
21,Caucasian,Male,0,F,Burglary Conveyance Unoccup,0,0,0,1,9,High,1,1
36,African-American,Male,0,F,Aggravated Battery,0,0,0,0,1,Low,1,1
30,African-American,Male,10,F,arrest case no charge,0,0,1,1,6,Medium,1,1
31,Caucasian,Male,3,M,Driving Under The Influence,0,0,0,0,7,Medium,0,1
29,Hispanic,Female,0,M,Disorderly Conduct,0,0,0,0,3,Low,0,0
47,Other,Male,5,M,Possess Cannabis/20 Grams Or Less,0,0,0,1,1,Low,0,1
26,Caucasian,Male,0,F,Aggravated Assault W/Dead Weap,0,0,0,0,2,Low,1,1
24,African-American,Male,0,M,Battery,0,0,0,0,4,Low,0,1
43,Other,Male,1,F,Possession of Cocaine,0,0,0,0,1,Low,1,1
27,African-American,Male,11,F,Deliver Cocaine,1,2,0,0,9,High,1,1
28,Caucasian,Male,4,F,arrest case no charge,0,0,0,0,4,Low,1,1
33,Other,Female,0,F,Grand Theft in the 3rd Degree,0,0,0,0,2,Low,1,0
54,Caucasian,Male,3,F,Grand Theft in the 3rd Degree,0,0,0,1,3,Low,1,1
57,Caucasian,Male,0,M,Battery,0,0,0,0,1,Low,0,1
30,African-American,Male,2,F,Burglary Unoccupied Dwelling,0,0,0,0,2,Low,1,1
27,Other,Male,0,M,Battery,0,0,0,0,1,Low,0,1
31,African-American,Female,4,F,Aggrav Battery w/Deadly Weapon,0,0,0,0,8,High,1,0
29,Caucasian,Male,0,F,Possession of Cocaine,0,0,0,0,3,Low,1,1
29,Hispanic,Female,0,M,Battery,0,0,0,1,2,Low,0,0
33,Hispanic,Male,2,M,Driving License Suspended,0,0,0,0,3,Low,0,1
22,African-American,Male,0,M,Battery,0,0,0,0,4,Low,0,1
35,African-American,Male,0,M,Battery,0,0,0,1,8,High,0,1
29,African-American,Male,2,F,Resist Officer w/Violence,0,0,0,1,1,Low,1,1
30,African-American,Male,14,F,Driving While License Revoked,0,1,0,0,7,Medium,1,1
27,African-American,Male,2,F,Tampering With Physical Evidence,0,0,0,1,10,High,1,1
63,Caucasian,Female,0,M,Battery,0,0,0,0,1,Low,0,0
27,African-American,Male,6,F,Possession of Cocaine,0,0,0,1,5,Medium,1,1
34,Other,Male,3,M,Battery,0,0,0,0,2,Low,0,1
36,Caucasian,Male,0,F,Possession of Cocaine,0,0,0,1,8,High,1,1
21,African-American,Male,0,F,Carrying Concealed Firearm,0,0,0,0,8,High,1,1
23,Caucasian,Male,1,F,Grand Theft in the 3rd Degree,0,0,0,0,3,Low,1,1
40,African-American,Male,1,F,arrest case no charge,0,0,0,0,3,Low,1,1
30,African-American,Male,3,M,Battery,0,0,0,1,5,Medium,0,1
41,African-American,Male,1,M,Battery,0,0,0,0,5,Medium,0,1
56,Caucasian,Male,0,M,Driving Under The Influence,0,0,0,0,1,Low,0,1
23,African-American,Male,1,F,Possession of Codeine,0,0,0,1,3,Low,1,1
61,African-American,Male,14,M,Poss Of Controlled Substance,0,0,0,0,2,Low,0,1
22,Hispanic,Male,0,F,Dealing in Stolen Property,0,0,0,1,7,Medium,1,1
20,African-American,Male,0,F,Pos Cannabis W/Intent Sel/Del,0,0,0,1,6,Medium,1,1
49,Caucasian,Male,2,F,Felony/Driving Under Influence,0,0,0,1,1,Low,1,1
31,African-American,Male,6,F,Felony Battery (Dom Strang),2,0,0,0,6,Medium,1,1
50,African-American,Male,7,F,arrest case no charge,0,0,0,1,5,Medium,1,1
31,African-American,Female,3,M,Battery,0,0,0,1,2,Low,0,0
32,African-American,Male,4,F,Poss Cocaine/Intent To Del/Sel,1,0,2,0,10,High,1,1
44,African-American,Male,0,F,Felony Battery (Dom Strang),0,0,0,1,1,Low,1,1
56,Other,Male,0,M,Battery,0,0,0,0,1,Low,0,1
62,African-American,Male,0,M,DUI Level 0.15 Or Minor In Veh,0,0,0,0,1,Low,0,1
43,African-American,Male,3,F,Felony Driving While Lic Suspd,0,0,0,1,1,Low,1,1
24,African-American,Female,1,M,Battery,0,0,0,1,4,Low,0,0
41,African-American,Male,13,F,Possession Of Carisoprodol,0,0,0,1,10,High,1,1
23,Caucasian,Male,0,M,Battery,0,0,0,0,5,Medium,0,1
53,Other,Male,0,M,Battery,0,0,0,0,1,Low,0,1
67,Caucasian,Male,0,M,Battery,0,0,0,0,1,Low,0,1
38,Hispanic,Male,0,M,Battery,0,0,0,0,1,Low,0,1
40,Other,Male,1,F,arrest case no charge,0,0,0,0,1,Low,1,1
20,African-American,Male,0,F,Threat Public Servant,0,0,0,1,6,Medium,1,1
45,Other,Female,1,F,arrest case no charge,0,0,0,0,1,Low,1,0
29,African-American,Male,3,M,Battery,1,0,0,1,8,High,0,1
32,Hispanic,Male,0,M,Battery,0,0,0,0,2,Low,0,1
34,Caucasian,Female,0,F,Possession of Cocaine,0,0,1,1,2,Low,1,0
39,Other,Female,0,F,Criminal Mischief,0,0,0,0,1,Low,1,0
29,African-American,Male,0,F,Felony Battery w/Prior Convict,0,0,0,0,2,Low,1,1
46,African-American,Male,4,F,arrest case no charge,0,0,0,0,1,Low,1,1
31,African-American,Male,9,M,Battery,0,0,0,1,8,High,0,1
24,African-American,Male,1,M,Battery,0,0,0,0,2,Low,0,1
28,African-American,Male,1,F,arrest case no charge,0,0,0,1,1,Low,1,1
25,African-American,Female,0,M,Battery,0,0,0,1,4,Low,0,0
24,African-American,Female,0,M,Battery,0,0,0,0,6,Medium,0,0
29,Other,Male,5,F,Resist Officer w/Violence,0,0,0,0,6,Medium,1,1
28,Hispanic,Male,3,F,arrest case no charge,0,0,0,1,8,High,1,1
36,Caucasian,Male,1,F,Grand Theft in the 3rd Degree,0,0,0,0,2,Low,1,1
25,African-American,Male,2,M,Tresspass in Structure or Conveyance,0,0,0,0,6,Medium,0,1
29,Caucasian,Male,0,F,Felony Battery,0,0,0,0,1,Low,1,1
26,Caucasian,Female,1,F,Agg Battery Grt/Bod/Harm,0,0,0,0,9,High,1,0
23,African-American,Male,3,F,Pos Cannabis W/Intent Sel/Del,1,0,0,1,9,High,1,1
20,Other,Male,1,F,Grand Theft (Motor Vehicle),0,0,0,1,10,High,1,1
32,African-American,Male,4,F,Driving While License Revoked,0,0,0,1,6,Medium,1,1
29,Hispanic,Male,1,F,Agg Battery Grt/Bod/Harm,0,0,0,0,1,Low,1,1
26,Caucasian,Female,0,F,Aggravated Assault W/Dead Weap,0,0,0,0,3,Low,1,0
35,Caucasian,Male,0,M,Driving Under The Influence,0,0,0,1,1,Low,0,1
23,African-American,Male,0,M,Possess Drug Paraphernalia,0,0,0,1,4,Low,0,1
46,Caucasian,Female,0,M,DUI Property Damage/Injury,0,0,0,0,1,Low,0,0
41,Caucasian,Male,0,F,Aggrav Battery w/Deadly Weapon,0,0,0,0,1,Low,1,1
22,Caucasian,Male,0,M,Possess Cannabis/20 Grams Or Less,0,0,1,1,6,Medium,0,1
27,African-American,Male,7,M,Robbery / No Weapon,0,0,0,1,7,Medium,0,1
38,Other,Female,0,M,Battery,0,0,0,0,1,Low,0,0
24,African-American,Female,1,F,Sale/Del Cannabis At/Near Scho,0,0,0,1,6,Medium,1,0
27,African-American,Male,10,F,Driving While License Revoked,0,0,0,1,9,High,1,1
22,Caucasian,Male,1,M,Battery,0,0,0,0,7,Medium,0,1
26,African-American,Male,3,M,arrest case no charge,0,1,0,1,6,Medium,0,1
26,Caucasian,Male,7,M,Susp Drivers Lic 1st Offense,0,0,0,0,6,Medium,0,1
29,Caucasian,Male,3,F,Possession of Cocaine,0,0,0,1,4,Low,1,1
42,African-American,Female,17,F,Possession of Cocaine,3,0,0,1,10,High,1,0
30,African-American,Male,0,M,Battery,0,0,0,0,1,Low,0,1
34,Caucasian,Male,1,F,Burglary Unoccupied Dwelling,0,0,0,0,5,Medium,1,1
23,Caucasian,Male,3,M,Battery,0,0,7,0,7,Medium,0,1
47,Caucasian,Female,0,M,Battery,0,0,0,0,1,Low,0,0
55,Caucasian,Male,2,M,arrest case no charge,0,0,0,0,1,Low,0,1
30,Hispanic,Male,0,M,DUI Property Damage/Injury,0,0,0,0,3,Low,0,1
43,African-American,Male,2,F,Possession of Cocaine,0,0,0,0,7,Medium,1,1
45,African-American,Male,38,F,Felony Battery w/Prior Convict,0,0,0,1,8,High,1,1
30,Hispanic,Male,0,M,Battery,0,0,0,0,1,Low,0,1
61,Caucasian,Female,15,F,Felony Petit Theft,0,0,0,0,6,Medium,1,0
49,Caucasian,Male,0,F,Grand Theft in the 3rd Degree,0,0,0,0,1,Low,1,1
49,African-American,Male,1,M,Battery,0,0,0,0,1,Low,0,1
42,African-American,Male,1,F,Possession Of Amphetamine,0,0,0,0,1,Low,1,1
24,African-American,Male,1,M,Battery,0,0,0,0,7,Medium,0,1
51,Caucasian,Male,0,F,Possession of Cannabis,0,0,0,0,1,Low,1,1
32,Hispanic,Male,6,M,Battery,0,0,0,1,5,Medium,0,1
26,Caucasian,Male,2,F,Burglary Dwelling Assault/Batt,0,0,1,1,3,Low,1,1
28,Caucasian,Male,2,F,Tamper With Witness/Victim/CI,0,0,0,1,2,Low,1,1
49,African-American,Male,2,F,Neglect Child / No Bodily Harm,0,0,0,0,1,Low,1,1
56,Caucasian,Male,1,F,Possession of Hydrocodone,0,0,0,0,2,Low,1,1
53,Caucasian,Male,8,M,Viol Injunct Domestic Violence,0,0,0,0,4,Low,0,1
27,Other,Male,2,M,Criminal Mischief Damage <$200,0,0,0,1,2,Low,0,1
34,Hispanic,Male,17,F,arrest case no charge,0,0,0,1,6,Medium,1,1
41,Caucasian,Male,3,M,Driving Under The Influence,0,0,0,0,1,Low,0,1
45,African-American,Male,6,F,Possession Of Alprazolam,0,0,0,0,4,Low,1,1
21,African-American,Female,0,F,Burglary Dwelling Assault/Batt,0,0,0,0,10,High,1,0
27,Caucasian,Male,2,M,Battery,0,0,1,1,4,Low,0,1
21,African-American,Male,0,F,Burglary Conveyance Armed,0,0,0,0,3,Low,1,1
31,Caucasian,Male,0,F,Possession of Oxycodone,0,0,0,0,1,Low,1,1
45,Hispanic,Female,0,M,Criminal Mischief Damage <$200,0,0,0,0,1,Low,0,0
30,African-American,Male,8,F,arrest case no charge,2,0,0,0,6,Medium,1,1
43,Hispanic,Male,1,M,DUI Property Damage/Injury,0,0,0,1,1,Low,0,1
23,African-American,Male,0,F,"Poss3,4 Methylenedioxymethcath",0,0,0,0,4,Low,1,1
52,Caucasian,Male,1,F,Possession of Cocaine,0,0,0,0,1,Low,1,1
48,African-American,Male,11,M,Resist/Obstruct W/O Violence,0,0,0,1,4,Low,0,1
51,African-American,Female,3,M,Tampering With Physical Evidence,0,0,0,0,2,Low,0,0
30,Caucasian,Male,1,M,arrest case no charge,0,0,0,1,2,Low,0,1
29,African-American,Female,5,F,arrest case no charge,0,0,0,1,4,Low,1,0
44,African-American,Female,0,F,Tampering With Physical Evidence,0,0,0,0,1,Low,1,0
34,African-American,Male,12,F,Leaving the Scene of Accident,0,0,0,1,6,Medium,1,1
25,Hispanic,Female,0,F,"Poss3,4 Methylenedioxymethcath",0,0,0,0,4,Low,1,0
28,African-American,Male,5,F,Aggrav Battery w/Deadly Weapon,1,2,0,1,7,Medium,1,1
28,African-American,Male,9,F,arrest case no charge,0,0,0,1,7,Medium,1,1
37,Other,Male,0,M,Viol Injunct Domestic Violence,0,0,0,0,1,Low,0,1
34,Caucasian,Female,0,F,Grand Theft (Motor Vehicle),0,0,0,0,3,Low,1,0
23,African-American,Male,3,M,Fail Register Vehicle,0,2,1,1,7,Medium,0,1
71,Caucasian,Male,3,M,Driving Under The Influence,0,0,0,0,1,Low,0,1
45,Caucasian,Male,2,M,DUI Property Damage/Injury,0,0,0,0,1,Low,0,1
33,Native American,Female,5,F,Use of Anti-Shoplifting Device,0,0,0,1,7,Medium,1,0
29,African-American,Male,0,M,Driving Under The Influence,0,0,0,0,1,Low,0,1
36,Hispanic,Male,5,F,Grand Theft in the 3rd Degree,0,0,0,0,2,Low,1,1
52,African-American,Male,17,F,Possession of Cocaine,0,0,0,1,7,Medium,1,1
42,Hispanic,Male,1,F,Aggrav Battery w/Deadly Weapon,0,0,0,1,1,Low,1,1
21,African-American,Male,0,M,Battery,0,0,0,0,5,Medium,0,1
29,Caucasian,Male,2,M,Fleeing or Eluding a LEO,0,0,0,0,1,Low,0,1
54,Caucasian,Male,0,M,Driving Under The Influence,0,0,0,0,1,Low,0,1
27,Caucasian,Male,0,F,Possession of Cocaine,0,0,0,1,2,Low,1,1
29,Caucasian,Male,1,M,Battery,0,0,0,0,3,Low,0,1
25,Hispanic,Female,14,F,Burglary Unoccupied Dwelling,0,1,2,0,6,Medium,1,0
62,Other,Male,0,M,Battery,0,0,0,0,1,Low,0,1
23,African-American,Female,2,M,arrest case no charge,0,0,0,1,7,Medium,0,0
22,Other,Male,1,F,Grand Theft Firearm,0,0,0,1,4,Low,1,1
65,Caucasian,Female,1,F,Aggravated Assault W/Dead Weap,0,0,0,0,1,Low,1,0
31,African-American,Male,15,F,Cruelty Toward Child,0,3,4,1,6,Medium,1,1
31,Caucasian,Male,0,F,Felony Battery (Dom Strang),0,0,0,0,1,Low,1,1
21,African-American,Male,0,F,Aggravated Battery,0,0,0,0,9,High,1,1
27,African-American,Male,17,F,Driving While License Revoked,0,2,0,1,7,Medium,1,1
33,Caucasian,Male,1,F,Aggravated Assault W/dead Weap,0,0,0,0,2,Low,1,1
25,African-American,Male,3,F,Pos Cannabis W/Intent Sel/Del,0,1,0,0,7,Medium,1,1
39,Caucasian,Male,1,F,Possession Of Anabolic Steroid,0,0,0,0,1,Low,1,1
29,African-American,Male,8,M,Possess Cannabis/20 Grams Or Less,0,0,0,1,9,High,0,1
27,African-American,Male,15,F,Battery on Law Enforc Officer,0,0,0,1,10,High,1,1
42,Caucasian,Female,0,F,Child Abuse,0,0,0,0,1,Low,1,0
21,Caucasian,Male,0,F,Tampering With Physical Evidence,0,0,0,0,9,High,1,1
27,African-American,Male,5,M,Susp Drivers Lic 1st Offense,0,0,1,1,5,Medium,0,1
36,African-American,Male,2,M,Battery,0,0,0,1,9,High,0,1
24,African-American,Female,0,F,Uttering a Forged Instrument,0,0,0,1,4,Low,1,0
67,Caucasian,Female,0,M,DUI Property Damage/Injury,0,0,0,0,1,Low,0,0
29,Other,Male,4,F,Throw Deadly Missile Into Veh,0,0,0,1,2,Low,1,1
39,African-American,Male,3,F,arrest case no charge,0,0,0,1,4,Low,1,1
41,Hispanic,Male,1,M,Driving Under The Influence,0,0,0,0,1,Low,0,1
25,African-American,Female,1,F,arrest case no charge,0,0,0,0,3,Low,1,0
40,Caucasian,Male,8,F,Possession of Oxycodone,0,0,0,1,8,High,1,1
37,African-American,Male,4,M,Battery,0,0,0,1,4,Low,0,1
42,African-American,Female,8,F,arrest case no charge,0,0,0,1,8,High,1,0
26,African-American,Male,8,F,"Poss3,4 Methylenedioxymethcath",0,0,0,1,9,High,1,1
23,African-American,Male,1,M,Unlaw LicTag/Sticker Attach,0,0,0,0,6,Medium,0,1
31,Caucasian,Female,1,M,Battery,0,0,0,1,1,Low,0,0
26,Caucasian,Male,4,F,"Deliver 3,4 Methylenediox",0,0,0,1,7,Medium,1,1
51,Caucasian,Male,2,M,Viol Injunct Domestic Violence,0,0,0,1,1,Low,0,1
67,Caucasian,Male,0,M,Battery,0,0,0,0,1,Low,0,1
27,African-American,Male,10,F,Driving While License Revoked,0,0,0,0,7,Medium,1,1
26,Caucasian,Female,1,M,Battery,0,0,0,0,6,Medium,0,0
55,African-American,Male,3,M,arrest case no charge,0,0,0,1,5,Medium,0,1
31,Other,Male,0,F,Pos Cannabis W/Intent Sel/Del,0,0,0,0,3,Low,1,1
28,Caucasian,Male,0,M,Driving Under The Influence,0,0,0,0,4,Low,0,1
51,Caucasian,Female,0,M,Unlaw LicTag/Sticker Attach,0,0,0,0,1,Low,0,0
28,African-American,Male,13,F,arrest case no charge,0,0,0,1,8,High,1,1
22,African-American,Male,0,F,Exhibition Weapon School Prop,0,0,0,1,7,Medium,1,1
26,African-American,Male,2,F,Pos Cannabis W/Intent Sel/Del,0,0,0,1,3,Low,1,1
27,African-American,Female,1,F,Uttering a Forged Instrument,0,1,0,0,3,Low,1,0
32,African-American,Male,5,M,arrest case no charge,0,0,0,0,4,Low,0,1
36,African-American,Male,11,F,Possession of Cocaine,0,0,0,1,6,Medium,1,1
27,African-American,Male,4,M,Battery,0,0,0,0,6,Medium,0,1
41,Caucasian,Male,1,F,Aggrav Battery w/Deadly Weapon,0,0,0,1,1,Low,1,1
24,African-American,Male,12,M,Battery,0,3,0,0,10,High,0,1
61,African-American,Male,11,F,Possession of Cocaine,0,0,0,0,3,Low,1,1
29,Caucasian,Female,3,F,arrest case no charge,0,0,0,0,3,Low,1,0
34,Caucasian,Male,11,F,Driving While License Revoked,0,0,0,0,4,Low,1,1
45,Caucasian,Male,0,F,Possession Of Heroin,0,0,0,0,3,Low,1,1
21,Caucasian,Male,3,F,Poss Contr Subst W/o Prescript,0,2,1,1,10,High,1,1
28,African-American,Male,20,F,Driving While License Revoked,0,0,0,1,8,High,1,1
31,Caucasian,Male,6,F,arrest case no charge,0,0,0,0,4,Low,1,1
59,Caucasian,Male,0,M,Viol Injunct Domestic Violence,0,0,0,1,2,Low,0,1
40,African-American,Male,8,M,Battery,0,0,0,1,4,Low,0,1
22,Caucasian,Female,1,M,Viol Pretrial Release Dom Viol,0,0,1,0,8,High,0,0
21,African-American,Male,1,M,Burglary Unoccupied Dwelling,0,1,0,1,4,Low,0,1
25,Caucasian,Male,2,F,Possession of Cocaine,0,0,0,1,5,Medium,1,1
25,African-American,Female,1,F,Aggrav Battery w/Deadly Weapon,0,0,0,0,5,Medium,1,0
47,African-American,Male,3,M,Expired DL More Than 6 Months,0,0,0,1,5,Medium,0,1
21,African-American,Male,5,M,Battery,0,0,0,1,5,Medium,0,1
29,African-American,Male,1,F,arrest case no charge,0,0,0,1,5,Medium,1,1
40,Caucasian,Male,4,F,Grand Theft in the 3rd Degree,0,0,0,1,5,Medium,1,1
32,Hispanic,Female,1,F,arrest case no charge,0,0,0,0,2,Low,1,0
39,Caucasian,Male,0,M,Battery,0,0,0,0,1,Low,0,1
22,Other,Male,3,F,arrest case no charge,0,0,1,0,3,Low,1,1
30,African-American,Female,0,M,Battery,0,0,0,1,5,Medium,0,0
25,Caucasian,Male,0,M,Disorderly Intoxication,0,0,0,0,9,High,0,1
21,Caucasian,Female,0,M,Battery,0,0,0,1,5,Medium,0,0
25,Caucasian,Male,0,M,Battery,0,0,0,1,2,Low,0,1
27,African-American,Male,5,M,Possess Cannabis/20 Grams Or Less,0,0,0,1,10,High,0,1
45,Caucasian,Male,4,M,arrest case no charge,0,0,0,1,1,Low,0,1
32,African-American,Male,4,F,arrest case no charge,0,0,0,1,3,Low,1,1
22,African-American,Male,0,M,Battery,0,0,0,1,10,High,0,1
23,Other,Male,6,F,Poss Pyrrolidinovalerophenone,0,0,0,1,8,High,1,1
44,African-American,Female,6,F,Possession of Cocaine,0,0,0,0,6,Medium,1,0
59,Other,Male,20,F,Felony Petit Theft,0,0,0,1,3,Low,1,1
23,African-American,Male,0,F,Unauth Poss ID Card or DL,0,0,0,0,4,Low,1,1
46,Caucasian,Male,0,F,Aggravated Assault,0,0,0,0,1,Low,1,1
33,Caucasian,Male,2,F,Possession of Oxycodone,0,0,0,0,4,Low,1,1
30,Other,Male,1,M,Battery,0,0,0,1,2,Low,0,1
40,Caucasian,Female,3,F,Possession of Cocaine,0,0,0,1,1,Low,1,0
54,Caucasian,Male,7,F,Possession of Cannabis,0,0,0,0,3,Low,1,1
21,Caucasian,Male,0,M,Battery,0,0,0,0,7,Medium,0,1
43,Caucasian,Male,6,M,Assault,0,0,0,1,2,Low,0,1
22,African-American,Male,0,M,Resist/Obstruct W/O Violence,0,0,0,0,10,High,0,1
31,African-American,Male,0,F,Driving While License Revoked,0,0,0,0,7,Medium,1,1
32,African-American,Male,6,F,Possession of Cocaine,0,0,0,1,8,High,1,1
27,Hispanic,Male,4,F,False Imprisonment,0,0,0,1,2,Low,1,1
21,African-American,Male,1,M,Battery,0,0,0,0,5,Medium,0,1
23,Caucasian,Male,0,M,Battery,0,0,0,0,6,Medium,0,1
33,African-American,Male,3,M,Resist Officer w/Violence,0,0,0,1,6,Medium,0,1
64,African-American,Male,0,M,Battery,0,0,0,0,2,Low,0,1
42,Other,Female,0,F,Burglary Dwelling Assault/Batt,0,0,0,0,1,Low,1,0
20,African-American,Male,0,F,Burglary Unoccupied Dwelling,0,0,1,0,4,Low,1,1
26,Caucasian,Male,1,M,Battery,0,0,0,0,2,Low,0,1
30,African-American,Male,18,F,Burglary Conveyance Unoccup,0,1,1,1,10,High,1,1
23,Hispanic,Male,0,M,Battery,0,0,0,1,2,Low,0,1
23,African-American,Male,10,F,arrest case no charge,0,0,1,1,10,High,1,1
60,African-American,Male,13,F,Felony Petit Theft,0,0,0,1,6,Medium,1,1
46,African-American,Male,2,F,arrest case no charge,0,0,0,1,7,Medium,1,1
56,Caucasian,Male,0,M,Driving Under The Influence,0,0,0,1,1,Low,0,1
45,African-American,Female,0,F,Grand Theft in the 3rd Degree,0,0,0,0,1,Low,1,0
26,African-American,Male,4,F,Fleeing Or Attmp Eluding A Leo,0,0,0,1,3,Low,1,1
47,African-American,Female,4,M,Battery,0,0,0,0,6,Medium,0,0
29,African-American,Female,7,F,Aggravated Assault W/dead Weap,0,1,0,1,7,Medium,1,0
32,African-American,Male,9,F,"Poss3,4 Methylenedioxymethcath",2,1,0,0,10,High,1,1
23,Other,Male,0,F,Deliver Cocaine,0,0,0,0,4,Low,1,1
29,African-American,Male,10,F,Felony Battery (Dom Strang),0,0,0,1,9,High,1,1
33,Hispanic,Male,11,F,Tamper With Witness/Victim/CI,0,0,1,1,6,Medium,1,1
22,African-American,Male,1,F,Robbery Sudd Snatch No Weapon,0,0,0,1,6,Medium,1,1
28,African-American,Female,1,F,Battery on Law Enforc Officer,0,0,0,0,2,Low,1,0
36,Caucasian,Male,0,F,Unauth Poss ID Card or DL,0,0,0,0,1,Low,1,1
32,Hispanic,Male,1,F,Grand Theft in the 3rd Degree,0,0,0,0,3,Low,1,1
24,African-American,Male,0,F,Resist Officer w/Violence,0,0,0,0,6,Medium,1,1
33,African-American,Male,9,M,Assault,2,0,0,1,9,High,0,1
46,African-American,Male,2,M,arrest case no charge,0,0,0,0,6,Medium,0,1
31,Caucasian,Male,9,M,Battery,0,0,0,1,8,High,0,1
49,Caucasian,Male,3,F,Possession of Cocaine,0,0,0,1,8,High,1,1
24,African-American,Male,0,F,Poss Contr Subst W/o Prescript,0,0,3,1,3,Low,1,1
57,African-American,Male,28,F,Possession of Cocaine,0,0,0,1,10,High,1,1
36,African-American,Male,14,F,Possession of Cocaine,1,2,0,1,10,High,1,1
43,African-American,Male,23,F,Deliver Cocaine 1000FT Park,0,1,0,0,7,Medium,1,1
42,African-American,Male,0,M,Possess Cannabis/20 Grams Or Less,0,0,0,0,7,Medium,0,1
32,Caucasian,Male,4,F,"Deliver 3,4 Methylenediox",0,0,0,1,10,High,1,1
26,Caucasian,Male,1,F,arrest case no charge,0,0,0,0,4,Low,1,1
74,Caucasian,Male,0,M,Lve/Scen/Acc/Veh/Prop/Damage,0,0,0,0,1,Low,0,1
24,African-American,Male,3,F,Possession Burglary Tools,0,0,1,1,6,Medium,1,1
24,Hispanic,Female,1,M,Battery,0,0,0,0,3,Low,0,0
22,Other,Male,0,F,Grand Theft in the 3rd Degree,0,0,1,0,3,Low,1,1
33,African-American,Male,2,M,Driving License Suspended,0,0,0,0,4,Low,0,1
22,African-American,Male,1,M,Battery,0,0,0,1,6,Medium,0,1
50,Caucasian,Male,4,M,Disorderly Intoxication,0,0,0,0,2,Low,0,1
28,Caucasian,Female,7,F,arrest case no charge,0,0,0,1,6,Medium,1,0
35,African-American,Female,5,F,Aggrav Battery w/Deadly Weapon,0,0,1,1,7,Medium,1,0
33,African-American,Male,0,F,Failure To Return Hired Vehicle,0,0,0,1,1,Low,1,1
36,African-American,Female,1,M,Battery,0,0,0,0,2,Low,0,0
28,African-American,Male,2,F,arrest case no charge,0,0,0,1,2,Low,1,1
63,African-American,Male,1,F,arrest case no charge,0,0,0,0,1,Low,1,1
69,Caucasian,Female,5,F,,0,0,0,0,3,Low,1,0
41,African-American,Male,18,F,arrest case no charge,1,0,0,1,6,Medium,1,1
44,Caucasian,Male,1,M,Battery,0,0,0,0,1,Low,0,1
29,African-American,Female,0,F,Robbery / No Weapon,0,0,0,0,2,Low,1,0
52,Caucasian,Female,0,M,Battery,0,0,0,0,3,Low,0,0
23,African-American,Male,1,F,Possession of Cocaine,0,0,0,1,10,High,1,1
22,Hispanic,Female,0,M,Battery,0,0,0,0,4,Low,0,0
26,Caucasian,Male,0,F,Tampering With Physical Evidence,0,0,0,0,4,Low,1,1
24,African-American,Male,0,M,Viol Injunct Domestic Violence,0,0,0,1,6,Medium,0,1
45,African-American,Male,4,M,Driving Under The Influence,0,0,0,0,2,Low,0,1
22,Hispanic,Male,0,F,Grand Theft in the 3rd Degree,0,0,0,1,2,Low,1,1
24,African-American,Male,4,F,Burglary Unoccupied Dwelling,0,0,0,1,4,Low,1,1
26,Hispanic,Female,1,M,DUI - Enhanced,0,0,0,0,4,Low,0,0
47,African-American,Male,0,M,Battery,0,0,0,0,1,Low,0,1
26,African-American,Male,0,F,Uttering Forged Bills,0,0,0,0,4,Low,1,1
36,African-American,Male,9,F,Possession of Cocaine,0,0,0,1,7,Medium,1,1
33,Caucasian,Male,2,M,DUI Property Damage/Injury,0,0,0,1,3,Low,0,1
52,Caucasian,Male,1,M,Battery,0,0,0,0,1,Low,0,1
51,Caucasian,Male,0,F,arrest case no charge,0,0,0,0,1,Low,1,1
47,African-American,Male,7,F,Agg Battery Grt/Bod/Harm,0,0,0,1,1,Low,1,1
38,Caucasian,Male,1,M,Reckless Driving,0,0,0,1,1,Low,0,1
67,Caucasian,Male,1,F,Grand Theft in the 3rd Degree,0,0,0,0,3,Low,1,1
47,African-American,Male,1,F,Battery on Law Enforc Officer,0,0,0,0,1,Low,1,1
66,Caucasian,Male,0,M,Battery,0,0,0,0,1,Low,0,1
39,Caucasian,Male,0,F,Grand Theft (Motor Vehicle),0,0,0,0,2,Low,1,1
49,Caucasian,Female,2,M,Viol Injunct Domestic Violence,0,0,0,0,3,Low,0,0
45,African-American,Female,9,M,Battery,0,0,0,0,7,Medium,0,0
22,Asian,Male,1,M,DUI Level 0.15 Or Minor In Veh,0,0,0,0,2,Low,0,1
46,Caucasian,Female,7,F,Tampering With Physical Evidence,0,0,0,1,7,Medium,1,0
29,African-American,Male,15,F,Driving While License Revoked,0,0,0,1,6,Medium,1,1
28,African-American,Male,2,M,Possess Cannabis/20 Grams Or Less,0,0,0,1,5,Medium,0,1
22,African-American,Female,0,F,Grand Theft in the 3rd Degree,0,0,0,1,4,Low,1,0
20,African-American,Male,1,F,arrest case no charge,1,0,1,1,5,Medium,1,1
34,Caucasian,Male,5,F,arrest case no charge,0,0,0,0,1,Low,1,1
22,African-American,Male,8,F,Burglary Unoccupied Dwelling,0,1,0,1,4,Low,1,1
25,Caucasian,Male,3,M,Driving License Suspended,0,0,0,1,9,High,0,1
34,African-American,Male,1,F,arrest case no charge,0,0,0,0,6,Medium,1,1
34,Caucasian,Male,1,F,Possession of Cocaine,0,0,0,0,5,Medium,1,1
54,African-American,Male,10,F,Possession of Cocaine,0,0,0,1,4,Low,1,1
51,Other,Male,0,F,Possession Of Methamphetamine,0,0,0,1,1,Low,1,1
36,Caucasian,Female,5,F,arrest case no charge,0,0,0,1,3,Low,1,0
20,Asian,Male,2,F,Grand Theft in the 3rd Degree,0,1,0,1,10,High,1,1
30,African-American,Male,8,F,Possession of Cocaine,1,0,2,1,5,Medium,1,1
44,Hispanic,Male,0,M,Battery,0,0,0,1,1,Low,0,1
23,African-American,Female,1,F,Burglary Conveyance Unoccup,0,0,0,1,4,Low,1,0
40,Caucasian,Male,0,F,Felony Battery (Dom Strang),0,0,0,0,1,Low,1,1
27,Caucasian,Female,0,M,Battery,0,0,0,1,8,High,0,0
23,Hispanic,Male,2,F,Burglary Conveyance Armed,0,0,0,0,5,Medium,1,1
25,African-American,Male,3,F,Driving While License Revoked,0,0,0,1,6,Medium,1,1
47,African-American,Male,14,M,Battery,0,0,0,0,6,Medium,0,1
27,African-American,Female,3,F,Grand Theft in the 3rd Degree,0,0,1,1,6,Medium,1,0
38,African-American,Male,16,M,Battery,2,3,0,1,9,High,0,1
27,African-American,Male,0,M,Battery,0,0,0,1,1,Low,0,1
24,Hispanic,Male,0,M,Battery,0,0,0,0,3,Low,0,1
30,Caucasian,Male,4,F,Possession Of Heroin,0,0,0,1,8,High,1,1
33,African-American,Male,4,M,Exposes Culpable Negligence,0,0,0,1,7,Medium,0,1
29,African-American,Female,2,F,Resist Officer w/Violence,0,0,0,1,3,Low,1,0
38,Other,Male,0,M,Battery,0,0,0,0,2,Low,0,1
56,African-American,Male,31,F,Possession of Cocaine,0,0,0,1,6,Medium,1,1
26,African-American,Male,0,F,Burglary Conveyance Assault/Bat,0,0,0,0,2,Low,1,1
28,African-American,Female,5,F,Poss Anti-Shoplifting Device,0,0,0,0,8,High,1,0
43,African-American,Male,5,M,arrest case no charge,0,0,0,0,6,Medium,0,1
29,African-American,Male,2,F,Possession of Cannabis,0,0,0,1,2,Low,1,1
22,African-American,Male,1,F,Grand Theft (Motor Vehicle),0,0,1,1,7,Medium,1,1
74,Caucasian,Male,2,F,arrest case no charge,0,0,0,0,1,Low,1,1
47,African-American,Male,4,F,Possession of Cocaine,0,0,0,1,10,High,1,1
42,Caucasian,Female,4,F,Battery Emergency Care Provide,0,0,0,1,8,High,1,0
43,Caucasian,Female,0,M,Driving Under The Influence,0,0,0,0,1,Low,0,0
28,African-American,Female,6,M,Unlaw LicTag/Sticker Attach,0,0,0,1,5,Medium,0,0
24,African-American,Female,0,F,Corrupt Public Servant,0,0,0,0,4,Low,1,0
26,Asian,Male,2,F,arrest case no charge,0,0,0,1,3,Low,1,1
56,African-American,Male,0,M,Battery,0,0,0,0,2,Low,0,1
47,Hispanic,Male,3,M,Driving License Suspended,0,0,0,1,6,Medium,0,1
49,Caucasian,Male,0,F,Grand Theft in the 3rd Degree,0,0,0,0,1,Low,1,1
36,Other,Female,1,M,Battery,0,0,0,0,1,Low,0,0
24,Caucasian,Female,1,F,Burglary Structure Occupied,0,0,0,0,4,Low,1,0
30,African-American,Male,3,F,Resist Officer w/Violence,0,0,0,1,4,Low,1,1
28,Caucasian,Male,11,F,arrest case no charge,0,0,0,0,6,Medium,1,1
50,Hispanic,Female,1,F,Battery on a Person Over 65,0,0,0,1,3,Low,1,0
39,African-American,Female,1,F,arrest case no charge,0,0,0,1,7,Medium,1,0
26,African-American,Female,4,F,Felony Battery,0,0,0,1,8,High,1,0
56,African-American,Male,4,F,Poss of Cocaine W/I/D/S 1000FT Park,0,0,0,0,7,Medium,1,1
58,Caucasian,Male,8,M,Criminal Mischief,0,0,0,0,2,Low,0,1
33,African-American,Male,3,F,Carrying Concealed Firearm,0,0,0,0,4,Low,1,1
31,African-American,Female,9,F,Grand Theft in the 3rd Degree,0,0,0,1,8,High,1,0
25,Caucasian,Male,5,M,Resist/Obstruct W/O Violence,4,0,0,0,8,High,0,1
25,Caucasian,Male,7,M,Trespass Struct/Conveyance,0,0,0,1,5,Medium,0,1
20,African-American,Male,1,F,Burglary Unoccupied Dwelling,0,0,1,1,10,High,1,1
30,Caucasian,Female,3,F,Driving While License Revoked,0,0,0,0,5,Medium,1,0
29,Caucasian,Male,14,F,Grand Theft (Motor Vehicle),0,0,2,1,10,High,1,1
31,Hispanic,Male,1,M,Driving License Suspended,0,0,0,0,6,Medium,0,1
21,African-American,Male,0,F,Poss F/Arm Delinq,0,0,0,1,7,Medium,1,1
44,African-American,Male,11,F,arrest case no charge,0,0,1,1,5,Medium,1,1
30,Caucasian,Male,2,F,arrest case no charge,0,0,0,0,3,Low,1,1
35,African-American,Male,12,M,Battery,0,0,1,1,6,Medium,0,1
34,Caucasian,Male,4,F,Pos Cannabis W/Intent Sel/Del,0,0,0,0,5,Medium,1,1
26,African-American,Male,2,M,Unlaw LicTag/Sticker Attach,0,0,0,0,2,Low,0,1
51,Caucasian,Male,4,M,Battery,0,0,0,0,1,Low,0,1
36,African-American,Male,0,M,DUI - Enhanced,0,0,0,0,2,Low,0,1
26,Caucasian,Male,3,M,Susp Drivers Lic 1st Offense,0,0,0,1,2,Low,0,1
21,African-American,Male,1,F,Robbery Sudd Snatch No Weapon,0,0,0,0,6,Medium,1,1
59,African-American,Male,5,M,Alcoholic Beverage Violation-FL,0,0,0,0,5,Medium,0,1
29,African-American,Male,7,F,Attempted Deliv Control Subst,0,2,0,1,7,Medium,1,1
28,Hispanic,Male,1,F,Robbery Sudd Snatch No Weapon,0,0,0,0,3,Low,1,1
37,African-American,Male,4,F,Fleeing Or Attmp Eluding A Leo,0,0,0,0,3,Low,1,1
41,Caucasian,Male,0,M,Driving Under The Influence,0,0,0,0,1,Low,0,1
31,Hispanic,Male,7,M,Susp Drivers Lic 1st Offense,1,0,0,1,9,High,0,1
23,African-American,Male,0,F,Burglary Conveyance Unoccup,0,0,0,1,6,Medium,1,1
54,Caucasian,Female,1,M,Battery,0,0,0,0,1,Low,0,0
30,Caucasian,Male,2,M,Battery,0,0,0,0,9,High,0,1
28,Caucasian,Male,0,M,Battery,0,0,0,1,4,Low,0,1
22,African-American,Male,0,M,Battery,0,0,0,0,5,Medium,0,1
21,African-American,Male,0,F,Grand Theft in the 3rd Degree,0,0,0,1,8,High,1,1
27,African-American,Male,1,M,DUI Property Damage/Injury,0,0,2,0,5,Medium,0,1
61,African-American,Male,4,M,Alcoholic Beverage Violation-FL,0,0,0,1,9,High,0,1
60,Caucasian,Male,0,M,Petit Theft $100- $300,0,0,0,1,1,Low,0,1
22,Hispanic,Male,0,M,Battery,0,0,1,0,3,Low,0,1
22,Caucasian,Female,1,F,"Poss3,4 Methylenedioxymethcath",0,0,0,0,7,Medium,1,0
49,Caucasian,Female,3,F,Grand Theft in the 3rd Degree,0,0,0,0,2,Low,1,0
61,Caucasian,Female,1,M,DUI Level 0.15 Or Minor In Veh,0,0,0,0,1,Low,0,0
51,African-American,Male,7,M,Driving Under The Influence,0,0,0,1,6,Medium,0,1
49,Caucasian,Female,2,F,Grand Theft (Motor Vehicle),0,0,0,0,6,Medium,1,0
24,African-American,Female,0,F,Possession of XLR11,0,0,0,1,6,Medium,1,0
36,Caucasian,Female,4,M,Battery,0,0,0,1,6,Medium,0,0
42,Caucasian,Male,5,F,arrest case no charge,0,0,0,0,4,Low,1,1
36,African-American,Male,9,F,Driving While License Revoked,0,0,0,0,4,Low,1,1
57,Caucasian,Male,14,F,arrest case no charge,0,0,0,1,4,Low,1,1
36,Caucasian,Male,0,M,Battery,0,0,0,0,1,Low,0,1
34,African-American,Male,3,M,Disorderly Conduct,0,0,0,1,2,Low,0,1
24,African-American,Male,2,M,arrest case no charge,0,0,0,1,3,Low,0,1
32,Caucasian,Male,0,F,Pos Cannabis W/Intent Sel/Del,0,0,0,0,2,Low,1,1
25,African-American,Male,1,F,Felony Batt(Great Bodily Harm),0,0,0,0,2,Low,1,1
30,Caucasian,Female,2,M,Battery,0,0,0,1,1,Low,0,0
35,African-American,Male,8,M,Battery,0,0,0,1,7,Medium,0,1
43,African-American,Male,0,M,Battery,0,0,0,0,1,Low,0,1
28,African-American,Male,1,F,arrest case no charge,0,0,0,0,2,Low,1,1
32,African-American,Male,4,F,Felony Driving While Lic Suspd,0,0,0,0,5,Medium,1,1
23,Caucasian,Male,0,F,Possession Of Methamphetamine,0,0,0,0,8,High,1,1
20,African-American,Female,0,M,Battery,0,0,0,1,7,Medium,0,0
30,African-American,Male,19,F,Possession of Cocaine,0,1,0,1,10,High,1,1
26,Hispanic,Male,0,F,Felony Battery (Dom Strang),0,0,0,0,2,Low,1,1
44,Hispanic,Male,0,F,Uttering a Forged Instrument,0,0,0,0,3,Low,1,1
30,African-American,Male,2,M,Battery,0,0,0,0,4,Low,0,1
21,Caucasian,Male,0,M,Grand Theft (Motor Vehicle),0,0,0,1,6,Medium,0,1
30,African-American,Male,0,M,Possess Cannabis/20 Grams Or Less,0,0,0,1,2,Low,0,1
20,African-American,Male,0,F,Possession of Cocaine,0,0,0,0,9,High,1,1
23,African-American,Male,0,F,Deliver Cannabis,0,0,0,0,7,Medium,1,1
23,African-American,Male,0,F,Leaving the Scene of Accident,0,0,0,0,3,Low,1,1
57,Other,Male,0,F,Aggravated Battery / Pregnant,0,0,0,0,1,Low,1,1
33,African-American,Female,3,M,Battery on Law Enforc Officer,0,0,0,0,2,Low,0,0
23,Hispanic,Female,2,F,Possession of Ethylone,0,0,0,1,4,Low,1,0
